log10_conductivity,measurement_count,MagpieData minimum Number,MagpieData maximum Number,MagpieData range Number,MagpieData mean Number,MagpieData avg_dev Number,MagpieData mode Number,MagpieData minimum MendeleevNumber,MagpieData maximum MendeleevNumber,MagpieData range MendeleevNumber,MagpieData mean MendeleevNumber,MagpieData avg_dev MendeleevNumber,MagpieData mode MendeleevNumber,MagpieData minimum AtomicWeight,MagpieData maximum AtomicWeight,MagpieData range AtomicWeight,MagpieData mean AtomicWeight,MagpieData avg_dev AtomicWeight,MagpieData mode AtomicWeight,MagpieData minimum MeltingT,MagpieData maximum MeltingT,MagpieData range MeltingT,MagpieData mean MeltingT,MagpieData avg_dev MeltingT,MagpieData mode MeltingT,MagpieData minimum Column,MagpieData maximum Column,MagpieData range Column,MagpieData mean Column,MagpieData avg_dev Column,MagpieData mode Column,MagpieData minimum Row,MagpieData maximum Row,MagpieData range Row,MagpieData mean Row,MagpieData avg_dev Row,MagpieData mode Row,MagpieData minimum CovalentRadius,MagpieData maximum CovalentRadius,MagpieData range CovalentRadius,MagpieData mean CovalentRadius,MagpieData avg_dev CovalentRadius,MagpieData mode CovalentRadius,MagpieData minimum Electronegativity,MagpieData maximum Electronegativity,MagpieData range Electronegativity,MagpieData mean Electronegativity,MagpieData avg_dev Electronegativity,MagpieData mode Electronegativity,MagpieData minimum NsValence,MagpieData maximum NsValence,MagpieData range NsValence,MagpieData mean NsValence,MagpieData avg_dev NsValence,MagpieData mode NsValence,MagpieData minimum NpValence,MagpieData maximum NpValence,MagpieData range NpValence,MagpieData mean NpValence,MagpieData avg_dev NpValence,MagpieData mode NpValence,MagpieData minimum NdValence,MagpieData maximum NdValence,MagpieData range NdValence,MagpieData mean NdValence,MagpieData avg_dev NdValence,MagpieData mode NdValence,MagpieData minimum NfValence,MagpieData maximum NfValence,MagpieData range NfValence,MagpieData mean NfValence,MagpieData avg_dev NfValence,MagpieData mode NfValence,MagpieData minimum NValence,MagpieData maximum NValence,MagpieData range NValence,MagpieData mean NValence,MagpieData avg_dev NValence,MagpieData mode NValence,MagpieData minimum NsUnfilled,MagpieData maximum NsUnfilled,MagpieData range NsUnfilled,MagpieData mean NsUnfilled,MagpieData avg_dev NsUnfilled,MagpieData mode NsUnfilled,MagpieData minimum NpUnfilled,MagpieData maximum NpUnfilled,MagpieData range NpUnfilled,MagpieData mean NpUnfilled,MagpieData avg_dev NpUnfilled,MagpieData mode NpUnfilled,MagpieData minimum NdUnfilled,MagpieData maximum NdUnfilled,MagpieData range NdUnfilled,MagpieData mean NdUnfilled,MagpieData avg_dev NdUnfilled,MagpieData mode NdUnfilled,MagpieData minimum NfUnfilled,MagpieData maximum NfUnfilled,MagpieData range NfUnfilled,MagpieData mean NfUnfilled,MagpieData avg_dev NfUnfilled,MagpieData mode NfUnfilled,MagpieData minimum NUnfilled,MagpieData maximum NUnfilled,MagpieData range NUnfilled,MagpieData mean NUnfilled,MagpieData avg_dev NUnfilled,MagpieData mode NUnfilled,MagpieData minimum GSvolume_pa,MagpieData maximum GSvolume_pa,MagpieData range GSvolume_pa,MagpieData mean GSvolume_pa,MagpieData avg_dev GSvolume_pa,MagpieData mode GSvolume_pa,MagpieData minimum GSbandgap,MagpieData maximum GSbandgap,MagpieData range GSbandgap,MagpieData mean GSbandgap,MagpieData avg_dev GSbandgap,MagpieData mode GSbandgap,MagpieData minimum GSmagmom,MagpieData maximum GSmagmom,MagpieData range GSmagmom,MagpieData mean GSmagmom,MagpieData avg_dev GSmagmom,MagpieData mode GSmagmom,MagpieData minimum SpaceGroupNumber,MagpieData maximum SpaceGroupNumber,MagpieData range SpaceGroupNumber,MagpieData mean SpaceGroupNumber,MagpieData avg_dev SpaceGroupNumber,MagpieData mode SpaceGroupNumber
-4.0,1,3.0,57.0,54.0,17.202479338842974,12.464414998975476,8.0,1.0,87.0,86.0,65.58677685950413,26.545317942763475,87.0,6.941,138.90547,131.96447,38.42951154958678,30.14804410234957,15.9994,54.8,1941.0,1886.2,615.3342768595041,706.9003307492658,54.8,1.0,16.0,15.0,11.338842975206612,5.778293832388498,16.0,2.0,6.0,4.0,2.940082644628099,1.235315210709651,2.0,66.0,207.0,141.0,105.80165289256198,49.340892015572706,66.0,0.98,3.44,2.46,2.652293388429752,0.9764957994672494,3.44,1.0,2.0,1.0,1.944214876033058,0.10534628782186997,2.0,0.0,4.0,4.0,2.479338842975207,1.8851171368075952,4.0,0.0,10.0,10.0,0.7169421487603306,0.9420975343214262,0.0,0.0,0.0,0.0,0.0,0.0,0.0,1.0,11.0,10.0,5.140495867768595,1.283416433303736,6.0,0.0,1.0,1.0,0.05578512396694216,0.10534628782187011,0.0,0.0,2.0,2.0,1.2396694214876034,0.9425585684037976,2.0,0.0,9.0,9.0,2.7128099173553717,3.665656375930605,0.0,0.0,0.0,0.0,0.0,0.0,0.0,1.0,9.0,8.0,4.008264462809917,2.825216856772079,2.0,9.105,36.8975,27.7925,14.358073347106197,6.512074397239088,9.105,0.0,0.0,0.0,0.0,0.0,0.0,0.0,2.25333333333e-05,2.25333333333e-05,4.655647382913224e-06,7.387473533217677e-06,0.0,12.0,229.0,217.0,83.06818181818181,88.10105184072125,12.0
-4.638272163982407,1,3.0,57.0,54.0,17.611570247933884,12.730277986476333,8.0,1.0,87.0,86.0,66.18181818181819,25.807663410969198,87.0,6.941,138.90547,131.96447,39.3678842768595,30.778133143782867,15.9994,54.8,1941.0,1886.2,622.5978719008265,713.3042059541698,54.8,1.0,16.0,15.0,11.431818181818182,5.663035311795642,16.0,2.0,6.0,4.0,2.9679752066115705,1.2539678812922614,2.0,66.0,207.0,141.0,105.95971074380166,49.53683150058056,66.0,0.98,3.44,2.46,2.6611260330578514,0.9655462400109281,3.44,1.0,2.0,1.0,1.944214876033058,0.10534628782186997,2.0,0.0,4.0,4.0,2.479338842975207,1.8851171368075952,4.0,0.0,10.0,10.0,0.8099173553719008,1.0492111194590534,0.0,0.0,0.0,0.0,0.0,0.0,0.0,1.0,11.0,10.0,5.233471074380165,1.2719290007513149,6.0,0.0,1.0,1.0,0.05578512396694216,0.10534628782187011,0.0,0.0,2.0,2.0,1.2396694214876034,0.9425585684037976,2.0,0.0,9.0,9.0,2.7128099173553717,3.665656375930605,0.0,0.0,0.0,0.0,0.0,0.0,0.0,1.0,9.0,8.0,4.008264462809917,2.825216856772079,2.0,9.105,36.8975,27.7925,14.35562499999907,6.509039256197195,9.105,0.0,0.0,0.0,0.0,0.0,0.0,0.0,2.25333333333e-05,2.25333333333e-05,4.655647382913224e-06,7.387473533217677e-06,0.0,12.0,229.0,217.0,83.0309917355372,88.05494843248411,12.0
-6.698970004336019,1,3.0,57.0,54.0,18.020661157024794,12.980926849258932,8.0,1.0,87.0,86.0,66.77685950413223,25.070008879174917,87.0,6.941,138.90547,131.96447,40.306257004132235,31.373324025937436,15.9994,54.8,1941.0,1886.2,629.8614669421488,719.43794745919,54.8,1.0,16.0,15.0,11.524793388429753,5.547776791202787,16.0,2.0,6.0,4.0,2.9958677685950414,1.2715832251895363,2.0,66.0,207.0,141.0,106.11776859504133,49.73277098558842,66.0,0.98,3.44,2.46,2.6699586776859503,0.9545966805546069,3.44,1.0,2.0,1.0,1.944214876033058,0.10534628782186997,2.0,0.0,4.0,4.0,2.479338842975207,1.8851171368075952,4.0,0.0,10.0,10.0,0.9028925619834709,1.152866948978895,0.0,0.0,0.0,0.0,0.0,0.0,0.0,1.0,11.0,10.0,5.326446280991736,1.2569838125811077,6.0,0.0,1.0,1.0,0.05578512396694216,0.10534628782187011,0.0,0.0,2.0,2.0,1.2396694214876034,0.9425585684037976,2.0,0.0,9.0,9.0,2.7128099173553717,3.665656375930605,0.0,0.0,0.0,0.0,0.0,0.0,0.0,1.0,9.0,8.0,4.008264462809917,2.825216856772079,2.0,9.105,36.8975,27.7925,14.353176652891943,6.5060041151553,9.105,0.0,0.0,0.0,0.0,0.0,0.0,0.0,2.25333333333e-05,2.25333333333e-05,4.655647382913224e-06,7.387473533217677e-06,0.0,12.0,229.0,217.0,82.99380165289256,88.00884502424698,12.0
-15.0,1,3.0,73.0,70.0,21.0,19.2,8.0,1.0,87.0,86.0,72.15,20.474999999999994,87.0,6.941,180.94788,174.00688,48.580295,48.536087249999994,15.9994,54.8,3290.0,3235.2,755.1122499999999,925.4770375,54.8,1.0,16.0,15.0,12.7,4.55,16.0,2.0,6.0,4.0,2.975,1.31625,2.0,66.0,215.0,149.0,98.95,42.835,66.0,0.89,3.44,2.55,2.738,0.9126,3.44,1.0,2.0,1.0,1.975,0.04874999999999992,2.0,0.0,4.0,4.0,2.8,1.56,4.0,0.0,3.0,3.0,0.425,0.7224999999999999,0.0,0.0,14.0,14.0,1.75,3.0625,0.0,1.0,19.0,18.0,6.95,3.0125,6.0,0.0,1.0,1.0,0.025,0.04875,0.0,0.0,4.0,4.0,1.7,0.85,2.0,0.0,8.0,8.0,1.075,1.8275,0.0,0.0,0.0,0.0,0.0,0.0,0.0,0.0,8.0,8.0,2.8,1.55,2.0,9.105,63.59,54.485,15.9912083333325,8.95207083333225,9.105,0.0,0.773,0.773,0.07730000000000001,0.13913999999999999,0.0,0.0,0.0,0.0,0.0,0.0,0.0,12.0,229.0,217.0,86.875,97.3375,12.0
-3.0291883891274822,1,3.0,57.0,54.0,16.031154014918826,14.953120051229913,8.0,1.0,87.0,86.0,51.989030276437035,36.912101082801726,87.0,6.941,138.90547,131.96447,36.532339469065384,36.373328812029484,15.9994,54.8,2128.0,2073.2,495.81698990785435,485.43090667581083,54.8,1.0,16.0,15.0,9.469504168494954,6.877222464068499,16.0,2.0,6.0,4.0,2.7950855638437915,1.2336211293337631,2.0,66.0,207.0,141.0,109.73277753400615,46.05470209811967,66.0,0.98,3.44,2.46,2.3275208424747698,1.171544527450879,3.44,1.0,2.0,1.0,1.7507678806494076,0.374230940069209,2.0,0.0,4.0,4.0,2.106186924089513,1.994362168576204,4.0,0.0,6.0,6.0,0.347082053532251,0.538517832948679,0.0,0.0,0.0,0.0,0.0,0.0,0.0,1.0,8.0,7.0,4.204036858271172,1.9446170955175563,6.0,0.0,1.0,1.0,0.24923211935059236,0.3742309400692088,0.0,0.0,2.0,2.0,1.0530934620447565,0.997181084288102,2.0,0.0,9.0,9.0,1.895129442738043,2.9404026807905757,0.0,0.0,0.0,0.0,0.0,0.0,0.0,1.0,9.0,8.0,3.1974550241333923,2.356384802692266,2.0,9.105,36.8975,27.7925,15.816786236645196,7.139563022168106,9.105,0.0,0.0,0.0,0.0,0.0,0.0,0.0,2.1106628,2.1106628,0.014818167968407198,0.029428270392720925,0.0,12.0,229.0,217.0,107.13734093900834,100.18851173919263,12.0
-2.8601209135987635,1,3.0,57.0,54.0,16.1074416556583,14.997600166439128,8.0,1.0,87.0,86.0,52.23998238661382,36.78067941058366,87.0,6.941,138.90547,131.96447,36.70118258476442,36.4760553072929,15.9994,54.8,2128.0,2073.2,497.75840158520475,489.73683979322306,54.8,1.0,16.0,15.0,9.508586525759577,6.860146340016298,16.0,2.0,6.0,4.0,2.800528401585205,1.2386863950552223,2.0,66.0,207.0,141.0,109.67371202113605,46.15451732748858,66.0,0.98,3.44,2.46,2.333390576838397,1.1694683468022222,3.44,1.0,2.0,1.0,1.7547335975341258,0.370221588574644,2.0,0.0,4.0,4.0,2.113606340819022,1.9935467996628562,4.0,0.0,6.0,6.0,0.35623073535887273,0.5512086323430554,0.0,0.0,0.0,0.0,0.0,0.0,0.0,1.0,8.0,7.0,4.224570673712021,1.939452530819063,6.0,0.0,1.0,1.0,0.24526640246587406,0.3702215885746439,0.0,0.0,2.0,2.0,1.056803170409511,0.9967733998314281,2.0,0.0,9.0,9.0,1.9070893879348305,2.950908018143106,0.0,0.0,0.0,0.0,0.0,0.0,0.0,1.0,9.0,8.0,3.2091589608102153,2.361507964899646,2.0,9.105,36.8975,27.7925,15.806305225296388,7.166900986029324,9.105,0.0,0.0,0.0,0.0,0.0,0.0,0.0,2.1106628,2.1106628,0.01765856151475121,0.03502164731943613,0.0,12.0,229.0,217.0,106.70805812417437,100.08777608895574,12.0
-15.0,1,3.0,26.0,23.0,10.2,3.5039999999999996,8.0,1.0,87.0,86.0,73.32,18.662400000000005,87.0,6.941,55.845,48.903999999999996,20.691976771199997,7.281209337983999,15.9994,54.8,1811.0,1756.2,558.9868,641.607392,54.8,1.0,16.0,15.0,13.4,3.4079999999999995,16.0,2.0,4.0,2.0,2.4,0.528,2.0,66.0,203.0,137.0,89.9,28.68,66.0,0.82,3.44,2.62,2.7056,0.8812799999999998,3.44,1.0,2.0,1.0,1.88,0.21120000000000008,2.0,0.0,4.0,4.0,2.88,1.3439999999999999,4.0,0.0,6.0,6.0,0.24,0.4608,0.0,0.0,0.0,0.0,0.0,0.0,0.0,1.0,8.0,7.0,5.0,1.44,6.0,0.0,1.0,1.0,0.12,0.21119999999999997,0.0,0.0,4.0,4.0,2.16,0.8832000000000001,2.0,0.0,4.0,4.0,0.16,0.3072,0.0,0.0,0.0,0.0,0.0,0.0,0.0,1.0,4.0,3.0,2.44,0.8735999999999998,2.0,9.105,73.1066666667,64.00166666669999,14.425266666664001,6.6799413333299205,9.105,0.0,0.773,0.773,0.18552,0.2819904,0.0,0.0,2.1106628,2.1106628,0.08442651200000001,0.16209890304000002,0.0,12.0,229.0,217.0,98.32,103.58400000000002,12.0
-7.866461091629782,1,3.0,51.0,48.0,15.919999999999998,14.155199999999999,8.0,1.0,87.0,86.0,69.44,27.296000000000003,87.0,6.941,121.76,114.819,35.982986,34.43541816,15.9994,54.8,903.78,848.98,302.0308,296.67695999999995,54.8,1.0,16.0,15.0,12.8,4.72,16.0,2.0,5.0,3.0,2.6399999999999997,0.9983999999999998,2.0,66.0,203.0,137.0,94.5,34.2,66.0,0.82,3.44,2.62,2.6668,0.9278400000000001,3.44,1.0,2.0,1.0,1.8,0.31999999999999995,2.0,0.0,4.0,4.0,3.0,1.2,4.0,0.0,10.0,10.0,2.0,3.2,0.0,0.0,0.0,0.0,0.0,0.0,0.0,1.0,15.0,14.0,6.8,3.28,6.0,0.0,1.0,1.0,0.2,0.32,0.0,0.0,3.0,3.0,1.8,0.72,2.0,0.0,0.0,0.0,0.0,0.0,0.0,0.0,0.0,0.0,0.0,0.0,0.0,1.0,3.0,2.0,2.0,0.4,2.0,9.105,73.1066666667,64.00166666669999,16.223933333328,8.542719999993599,9.105,0.0,0.0,0.0,0.0,0.0,0.0,0.0,0.0,0.0,0.0,0.0,0.0,12.0,229.0,217.0,86.2,89.04,12.0
-4.716698771296451,1,3.0,57.0,54.0,15.891129032258064,11.105131373569199,8.0,1.0,87.0,86.0,62.778225806451616,29.300533298647238,87.0,6.941,138.90547,131.96447,35.128925241935484,26.550384394510925,15.9994,54.8,1941.0,1886.2,602.0135080645161,679.8941841181062,54.8,1.0,16.0,15.0,10.883064516129034,6.189841311134235,16.0,2.0,6.0,4.0,2.875,1.1643145161290323,2.0,66.0,207.0,141.0,106.73790322580645,49.27972164412071,66.0,0.95,3.44,2.49,2.587701612903226,1.0310061134235171,3.44,1.0,2.0,1.0,1.9395161290322582,0.11365114464099883,2.0,0.0,4.0,4.0,2.4193548387096775,1.9120707596253903,4.0,0.0,2.0,2.0,0.4758064516129032,0.6906867845993756,0.0,0.0,0.0,0.0,0.0,0.0,0.0,1.0,6.0,5.0,4.834677419354839,1.4096644120707595,6.0,0.0,1.0,1.0,0.06048387096774193,0.11365114464099896,0.0,0.0,2.0,2.0,1.2096774193548387,0.9560353798126952,2.0,0.0,9.0,9.0,2.2661290322580645,3.2895421436004164,0.0,0.0,0.0,0.0,0.0,0.0,0.0,0.0,9.0,9.0,3.536290322580645,2.5930020811654524,2.0,9.105,54.23,45.125,15.833689516127015,8.139543769508487,9.105,0.0,0.0,0.0,0.0,0.0,0.0,0.0,2.25333333333e-05,2.25333333333e-05,4.543010752681452e-06,7.254162330894577e-06,0.0,12.0,229.0,217.0,87.91129032258065,91.82817377731529,12.0
-4.218963061378868,1,3.0,57.0,54.0,16.103030303030305,11.304217936945209,8.0,1.0,87.0,86.0,62.94747474747475,29.154576063666973,87.0,6.941,138.90547,131.96447,35.659679454545454,27.079623681175388,15.9994,54.8,1941.0,1886.2,604.3844848484848,683.2112768901133,54.8,1.0,16.0,15.0,10.91111111111111,6.168350168350169,16.0,2.0,6.0,4.0,2.888888888888889,1.1780022446689113,2.0,66.0,207.0,141.0,106.90303030303032,49.57943067033976,66.0,0.95,3.44,2.49,2.5917979797979798,1.0281236608509334,3.44,1.0,2.0,1.0,1.9434343434343435,0.10673196612590545,2.0,0.0,4.0,4.0,2.4242424242424243,1.9100091827364551,4.0,0.0,2.0,2.0,0.48282828282828283,0.6944923987348229,0.0,0.0,0.0,0.0,0.0,0.0,0.0,1.0,6.0,5.0,4.85050505050505,1.3933272115090298,6.0,0.0,1.0,1.0,0.05656565656565657,0.1067319661259055,0.0,0.0,2.0,2.0,1.2121212121212122,0.9550045913682276,2.0,0.0,9.0,9.0,2.325252525252525,3.3446056524844403,0.0,0.0,0.0,0.0,0.0,0.0,0.0,0.0,9.0,9.0,3.5939393939393938,2.632090602999694,2.0,9.105,54.23,45.125,15.803143097641213,8.118961330474196,9.105,0.0,0.0,0.0,0.0,0.0,0.0,0.0,2.25333333333e-05,2.25333333333e-05,4.552188552181818e-06,7.2651090024719925e-06,0.0,12.0,229.0,217.0,87.43030303030302,91.43067033976124,12.0
-4.11690664142431,1,3.0,57.0,54.0,16.215885947046843,11.38559239425753,8.0,1.0,87.0,86.0,63.45824847250508,28.7679244735172,87.0,6.941,138.90547,131.96447,35.9382266191446,27.31803931251322,15.9994,54.8,1941.0,1886.2,604.9801425661914,687.7242213198053,54.8,1.0,16.0,15.0,10.9938900203666,6.1174460036253375,16.0,2.0,6.0,4.0,2.894093686354379,1.1836270796952064,2.0,66.0,207.0,141.0,106.64358452138492,49.66629473081661,66.0,0.95,3.44,2.49,2.605600814663951,1.019632405705966,3.44,1.0,2.0,1.0,1.9490835030549898,0.09664801456771793,2.0,0.0,4.0,4.0,2.4439918533604885,1.901435617074759,4.0,0.0,2.0,2.0,0.4908350305498982,0.6997648093379404,0.0,0.0,0.0,0.0,0.0,0.0,0.0,1.0,6.0,5.0,4.883910386965376,1.3638569609384399,6.0,0.0,1.0,1.0,0.05091649694501018,0.09664801456771789,0.0,0.0,2.0,2.0,1.2219959266802443,0.9507178085373795,2.0,0.0,9.0,9.0,2.380855397148676,3.394294863552084,0.0,0.0,0.0,0.0,0.0,0.0,0.0,0.0,9.0,9.0,3.6537678207739304,2.6632127791074365,2.0,9.105,54.23,45.125,15.64945179904786,7.997293440791683,9.105,0.0,0.0,0.0,0.0,0.0,0.0,0.0,2.25333333333e-05,2.25333333333e-05,4.589273591303462e-06,7.309189304275575e-06,0.0,12.0,229.0,217.0,86.15885947046843,90.62182420016508,12.0
-3.0,1,3.0,57.0,54.0,15.784968684759916,11.371481121508362,8.0,1.0,87.0,86.0,63.83089770354906,28.441403236561904,87.0,6.941,138.90547,131.96447,35.095399937369514,27.43830304575032,15.9994,54.8,1941.0,1886.2,598.0786221294363,687.4034574465767,54.8,1.0,16.0,15.0,11.045929018789144,6.081406548960299,16.0,2.0,6.0,4.0,2.843423799582464,1.1550856211400753,2.0,66.0,207.0,141.0,105.0375782881002,47.92086854572636,66.0,0.98,3.44,2.46,2.6195824634655533,1.0071096273115963,3.44,1.0,2.0,1.0,1.9290187891440502,0.13188575712274608,2.0,0.0,4.0,4.0,2.4551148225469728,1.8964352491490188,4.0,0.0,2.0,2.0,0.5240083507306889,0.7176398289756408,0.0,0.0,0.0,0.0,0.0,0.0,0.0,1.0,6.0,5.0,4.908141962421712,1.3403184260877525,6.0,0.0,1.0,1.0,0.0709812108559499,0.13188575712274617,0.0,0.0,2.0,2.0,1.2275574112734864,0.9482176245745094,2.0,0.0,9.0,9.0,2.62839248434238,3.599635636176621,0.0,0.0,0.0,0.0,0.0,0.0,0.0,1.0,9.0,8.0,3.926931106471816,2.780932788821527,2.0,9.105,36.8975,27.7925,14.179156228250939,6.228818083948961,9.105,0.0,0.0,0.0,0.0,0.0,0.0,0.0,2.25333333333e-05,2.25333333333e-05,4.7042449547599165e-06,7.444295773920703e-06,0.0,12.0,229.0,217.0,84.77661795407099,89.33747673693891,12.0
-4.275724130399211,1,3.0,57.0,54.0,16.885654885654883,11.950026149610348,8.0,1.0,87.0,86.0,64.86070686070686,27.616581878536138,87.0,6.941,138.90547,131.96447,37.60730555093555,28.86638772783658,15.9994,54.8,1941.0,1886.2,611.0984407484408,703.7449431840284,54.8,1.0,16.0,15.0,11.222453222453222,5.959517809829659,16.0,2.0,6.0,4.0,2.933471933471933,1.2226347569382912,2.0,66.0,207.0,141.0,106.44906444906444,50.45621344997644,66.0,0.95,3.44,2.49,2.642515592515592,0.9947830446790945,3.44,1.0,2.0,1.0,1.9688149688149683,0.0604250500300401,2.0,0.0,4.0,4.0,2.4948024948024945,1.8775852455686135,4.0,0.0,2.0,2.0,0.5218295218295217,0.7160238761070361,0.0,0.0,0.0,0.0,0.0,0.0,0.0,1.0,6.0,5.0,4.985446985446985,1.2655546959081263,6.0,0.0,1.0,1.0,0.03118503118503118,0.06042505003003962,0.0,0.0,2.0,2.0,1.2474012474012472,0.9387926227843068,2.0,0.0,9.0,9.0,2.617463617463617,3.591530119596647,0.0,0.0,0.0,0.0,0.0,0.0,0.0,0.0,9.0,9.0,3.896049896049896,2.788758693124598,2.0,9.105,54.23,45.125,15.269485446984405,7.689586836155185,9.105,0.0,0.0,0.0,0.0,0.0,0.0,0.0,2.25333333333e-05,2.25333333333e-05,4.684684684677754e-06,7.4214755295726575e-06,0.0,12.0,229.0,217.0,82.54469854469853,87.99754496220193,12.0
-3.1051303432547472,1,3.0,57.0,54.0,15.490945674044267,11.305337052496064,8.0,1.0,87.0,86.0,62.61770623742455,29.43536470331041,87.0,6.941,138.90547,131.96447,34.45060249496982,27.25671171333838,15.9994,54.8,1941.0,1886.2,589.5212273641852,670.1359092178827,54.8,1.0,16.0,15.0,10.867203219315895,6.196535348914413,16.0,2.0,6.0,4.0,2.8209255533199196,1.139715556923027,2.0,66.0,207.0,141.0,105.27967806841048,47.42013448902672,66.0,0.98,3.44,2.46,2.590140845070423,1.0259869073596508,3.44,1.0,2.0,1.0,1.9094567404426561,0.16469035541215085,2.0,0.0,4.0,4.0,2.4144869215291753,1.9141002959406337,4.0,0.0,2.0,2.0,0.5070422535211268,0.7039419616289285,0.0,0.0,0.0,0.0,0.0,0.0,0.0,1.0,6.0,5.0,4.830985915492958,1.411284609062828,6.0,0.0,1.0,1.0,0.09054325955734407,0.164690355412151,0.0,0.0,2.0,2.0,1.2072434607645877,0.9570501479703168,2.0,0.0,9.0,9.0,2.5513078470824953,3.542057172005879,0.0,0.0,0.0,0.0,0.0,0.0,0.0,1.0,9.0,8.0,3.8490945674044266,2.7482399426741537,2.0,9.105,36.8975,27.7925,14.21704225351811,6.171479581712004,9.105,0.0,0.0,0.0,0.0,0.0,0.0,0.0,2.25333333333e-05,2.25333333333e-05,4.5338698859758555e-06,7.243244848017765e-06,0.0,12.0,229.0,217.0,87.30985915492958,90.91733499589084,12.0
-2.903089986991944,1,3.0,57.0,54.0,15.81135902636917,11.533674279672002,8.0,1.0,87.0,86.0,63.16632860040568,29.006496632366318,87.0,6.941,138.90547,131.96447,35.20915695740366,27.851461292332004,15.9994,54.8,1941.0,1886.2,593.6225354969574,677.9072192027123,54.8,1.0,16.0,15.0,10.955375253549695,6.139502734016598,16.0,2.0,6.0,4.0,2.843813387423935,1.1604573563355538,2.0,66.0,207.0,141.0,105.41582150101421,47.97057383490573,66.0,0.98,3.44,2.46,2.6036916835699797,1.0178194520446495,3.44,1.0,2.0,1.0,1.9208924949290063,0.14569901542487304,2.0,0.0,4.0,4.0,2.4340770791075053,1.9057885446967484,4.0,0.0,2.0,2.0,0.515212981744422,0.708548481993343,0.0,0.0,0.0,0.0,0.0,0.0,0.0,1.0,6.0,5.0,4.870182555780933,1.3750313722747265,6.0,0.0,1.0,1.0,0.07910750507099393,0.14569901542487318,0.0,0.0,2.0,2.0,1.2170385395537526,0.9528942723483742,2.0,0.0,9.0,9.0,2.608519269776876,3.58737538521039,0.0,0.0,0.0,0.0,0.0,0.0,0.0,1.0,9.0,8.0,3.904665314401623,2.7776127447551735,2.0,9.105,36.8975,27.7925,14.28013184583915,6.298334903658194,9.105,0.0,0.0,0.0,0.0,0.0,0.0,0.0,2.25333333333e-05,2.25333333333e-05,4.570655848539554e-06,7.287090257509309e-06,0.0,12.0,229.0,217.0,86.0182555780933,90.08306966907907,12.0
-2.812479279163537,1,3.0,57.0,54.0,15.973523421588595,11.646044275575429,8.0,1.0,87.0,86.0,63.44399185336049,28.785346004040132,87.0,6.941,138.90547,131.96447,35.59306894093687,28.144909018960433,15.9994,54.8,1941.0,1886.2,595.698248472505,681.7994765244877,54.8,1.0,16.0,15.0,11.0,6.109979633401222,16.0,2.0,6.0,4.0,2.855397148676171,1.1707268511413176,2.0,66.0,207.0,141.0,105.48472505091651,48.25017317830937,66.0,0.98,3.44,2.46,2.610549898167006,1.0135846458244324,3.44,1.0,2.0,1.0,1.9266802443991855,0.1358879380789028,2.0,0.0,4.0,4.0,2.4439918533604885,1.901435617074759,4.0,0.0,2.0,2.0,0.5193482688391038,0.7107984453357999,0.0,0.0,0.0,0.0,0.0,0.0,0.0,1.0,6.0,5.0,4.890020366598778,1.3563905907143243,6.0,0.0,1.0,1.0,0.07331975560081466,0.13588793807890293,0.0,0.0,2.0,2.0,1.2219959266802443,0.9507178085373795,2.0,0.0,9.0,9.0,2.6374745417515273,3.6097411243523965,0.0,0.0,0.0,0.0,0.0,0.0,0.0,1.0,9.0,8.0,3.932790224032587,2.791924705804273,2.0,9.105,36.8975,27.7925,14.312062118123828,6.363008698318325,9.105,0.0,0.0,0.0,0.0,0.0,0.0,0.0,2.25333333333e-05,2.25333333333e-05,4.589273591303462e-06,7.309189304275575e-06,0.0,12.0,229.0,217.0,85.36456211812627,89.65119607103006,12.0
-2.8210230527068307,1,3.0,57.0,54.0,15.559999999999999,11.4352,8.0,1.0,87.0,86.0,62.92,29.299199999999995,87.0,6.941,138.90547,131.96447,34.659622472,27.68874236624,15.9994,54.8,1941.0,1886.2,572.9915000000001,643.3040700000001,54.8,1.0,16.0,15.0,11.0,6.08,16.0,2.0,6.0,4.0,2.8200000000000003,1.1316000000000002,2.0,66.0,207.0,141.0,105.11000000000001,46.932,66.0,0.98,3.44,2.46,2.5826000000000002,1.0288799999999998,3.44,1.0,2.0,1.0,1.9100000000000001,0.1637999999999999,2.0,0.0,4.0,4.0,2.42,1.8960000000000001,4.0,0.0,2.0,2.0,0.47000000000000003,0.6674,0.0,0.0,0.0,0.0,0.0,0.0,0.0,1.0,6.0,5.0,4.8,1.4400000000000002,6.0,0.0,1.0,1.0,0.09,0.1638,0.0,0.0,5.0,5.0,1.3,0.9880000000000001,2.0,0.0,9.0,9.0,2.43,3.4506000000000006,0.0,0.0,0.0,0.0,0.0,0.0,0.0,1.0,9.0,8.0,3.8200000000000003,2.6916,2.0,9.105,36.8975,27.7925,14.348924999997001,6.2927099999964,9.105,0.0,0.0,0.0,0.0,0.0,0.0,0.0,2.25333333333e-05,2.25333333333e-05,4.055999999994e-06,6.6518399999901615e-06,0.0,12.0,229.0,217.0,88.57000000000001,91.88400000000001,12.0
-2.886056647693163,1,3.0,57.0,54.0,16.13701431492842,11.757160600700061,8.0,1.0,87.0,86.0,63.72392638036809,28.559599533290672,87.0,6.941,138.90547,131.96447,35.98012130879346,28.43561307087207,15.9994,54.8,1941.0,1886.2,597.7909406952965,685.6957597199743,54.8,1.0,16.0,15.0,11.044989775051123,6.079767147176534,16.0,2.0,6.0,4.0,2.8670756646216766,1.1809251383190935,2.0,66.0,207.0,141.0,105.55419222903886,48.532751201274664,66.0,0.98,3.44,2.46,2.6174642126789363,1.0092463648111205,3.44,1.0,2.0,1.0,1.9325153374233126,0.12586096578719583,2.0,0.0,4.0,4.0,2.4539877300613493,1.8969475704768717,4.0,0.0,2.0,2.0,0.5235173824130879,0.7130114042681319,0.0,0.0,0.0,0.0,0.0,0.0,0.0,1.0,6.0,5.0,4.9100204498977496,1.3373982209843553,6.0,0.0,1.0,1.0,0.06748466257668712,0.1258609657871956,0.0,0.0,2.0,2.0,1.2269938650306746,0.9484737852384358,2.0,0.0,9.0,9.0,2.6666666666666665,3.6319018404907975,0.0,0.0,0.0,0.0,0.0,0.0,0.0,1.0,9.0,8.0,3.9611451942740286,2.8059768903609466,2.0,9.105,36.8975,27.7925,14.344253578729855,6.428531998441541,9.105,0.0,0.0,0.0,0.0,0.0,0.0,0.0,2.25333333333e-05,2.25333333333e-05,4.608043626441718e-06,7.331406833070872e-06,0.0,12.0,229.0,217.0,84.70552147239263,89.20922880048175,12.0
-4.863279432843593,1,3.0,57.0,54.0,17.23109243697479,12.233775863286493,8.0,1.0,87.0,86.0,65.58403361344538,26.994915613304144,87.0,6.941,138.90547,131.96447,38.46814352941177,29.646615521502717,15.9994,54.8,1941.0,1886.2,614.2539915966387,711.940493256126,54.8,1.0,16.0,15.0,11.340336134453782,5.873525880940612,16.0,2.0,6.0,4.0,2.953781512605042,1.2423204575948028,2.0,66.0,207.0,141.0,106.34873949579833,50.859755666972674,66.0,0.95,3.44,2.49,2.66155462184874,0.9812336699385636,3.44,1.0,2.0,1.0,1.9789915966386555,0.0411341006991031,2.0,0.0,4.0,4.0,2.5210084033613445,1.8642751218134315,4.0,0.0,2.0,2.0,0.5378151260504203,0.7231127745215734,0.0,0.0,0.0,0.0,0.0,0.0,0.0,1.0,6.0,5.0,5.037815126050421,1.2128380764070332,6.0,0.0,1.0,1.0,0.02100840336134454,0.04113410069910317,0.0,0.0,2.0,2.0,1.2605042016806722,0.9321375609067157,2.0,0.0,9.0,9.0,2.739495798319328,3.6833556952192645,0.0,0.0,0.0,0.0,0.0,0.0,0.0,0.0,9.0,9.0,4.0210084033613445,2.8433726431749173,2.0,9.105,54.23,45.125,15.073515406161766,7.523338747262729,9.105,0.0,0.0,0.0,0.0,0.0,0.0,0.0,2.25333333333e-05,2.25333333333e-05,4.733893557415967e-06,7.4787562083546364e-06,0.0,12.0,229.0,217.0,80.68067226890757,86.57227596921122,12.0
-3.079876673709276,1,3.0,57.0,54.0,16.468041237113404,11.975461791901372,8.0,1.0,87.0,86.0,64.29072164948454,28.093952598575832,87.0,6.941,138.90547,131.96447,36.763802597938145,29.008397730003193,15.9994,54.8,1941.0,1886.2,602.0281030927836,693.4992153044957,54.8,1.0,16.0,15.0,11.136082474226805,6.0172175576575615,16.0,2.0,6.0,4.0,2.890721649484536,1.2010968221915188,2.0,66.0,207.0,141.0,105.69484536082476,49.107025188649175,66.0,0.98,3.44,2.46,2.6314639175257737,1.0002508236794558,3.44,1.0,2.0,1.0,1.9443298969072165,0.10514188542884476,2.0,0.0,4.0,4.0,2.4742268041237114,1.8875544691253057,4.0,0.0,2.0,2.0,0.531958762886598,0.7173217132532682,0.0,0.0,0.0,0.0,0.0,0.0,0.0,1.0,6.0,5.0,4.950515463917526,1.298331384844298,6.0,0.0,1.0,1.0,0.055670103092783516,0.10514188542884473,0.0,0.0,2.0,2.0,1.2371134020618557,0.9437772345626528,2.0,0.0,9.0,9.0,2.7257731958762887,3.6755787012434906,0.0,0.0,0.0,0.0,0.0,0.0,0.0,1.0,9.0,8.0,4.018556701030929,2.833270273142736,2.0,9.105,36.8975,27.7925,14.409432989688868,6.562185141883134,9.105,0.0,0.0,0.0,0.0,0.0,0.0,0.0,2.25333333333e-05,2.25333333333e-05,4.646048109958763e-06,7.37620009209948e-06,0.0,12.0,229.0,217.0,83.37113402061857,88.29418641726008,12.0
-3.7931741239681513,1,3.0,57.0,54.0,16.28,12.1888,8.0,1.0,87.0,86.0,64.36,28.2048,87.0,6.941,138.90547,131.96447,36.463493416,29.827895755359997,15.9994,54.8,1941.0,1886.2,547.4765,604.3419099999999,54.8,1.0,16.0,15.0,11.4,5.712000000000001,16.0,2.0,6.0,4.0,2.8600000000000003,1.1524,2.0,66.0,207.0,141.0,105.13000000000002,46.956,66.0,0.98,3.44,2.46,2.5878,1.0226399999999998,3.44,1.0,2.0,1.0,1.9300000000000002,0.13019999999999984,2.0,0.0,4.0,4.0,2.46,1.848,4.0,0.0,2.0,2.0,0.41,0.5986,0.0,0.0,0.0,0.0,0.0,0.0,0.0,1.0,6.0,5.0,4.8,1.44,6.0,0.0,1.0,1.0,0.06999999999999999,0.1302,0.0,0.0,5.0,5.0,1.5,1.02,2.0,0.0,9.0,9.0,2.29,3.3434,0.0,0.0,0.0,0.0,0.0,0.0,0.0,1.0,9.0,8.0,3.8600000000000003,2.6323999999999996,2.0,9.105,36.8975,27.7925,14.746608333331,6.7699299999972,9.105,0.0,0.0,0.0,0.0,0.0,0.0,0.0,2.25333333333e-05,2.25333333333e-05,3.154666666662e-06,5.42602666665864e-06,0.0,12.0,229.0,217.0,89.10999999999999,92.532,12.0
-3.245651664288981,1,3.0,57.0,54.0,15.919999999999998,11.804799999999997,8.0,1.0,87.0,86.0,63.64,28.7808,87.0,6.941,138.90547,131.96447,35.561557944,28.740280351360003,15.9994,54.8,1941.0,1886.2,560.234,623.56784,54.8,1.0,16.0,15.0,11.2,5.904000000000001,16.0,2.0,6.0,4.0,2.84,1.1423999999999999,2.0,66.0,207.0,141.0,105.11999999999998,46.943999999999996,66.0,0.98,3.44,2.46,2.5852,1.02576,3.44,1.0,2.0,1.0,1.92,0.14720000000000005,2.0,0.0,4.0,4.0,2.44,1.8719999999999999,4.0,0.0,2.0,2.0,0.44000000000000006,0.6336000000000002,0.0,0.0,0.0,0.0,0.0,0.0,0.0,1.0,6.0,5.0,4.8,1.44,6.0,0.0,1.0,1.0,0.08,0.1472,0.0,0.0,5.0,5.0,1.4,1.008,2.0,0.0,9.0,9.0,2.3600000000000003,3.3984,0.0,0.0,0.0,0.0,0.0,0.0,0.0,1.0,9.0,8.0,3.84,2.6624000000000003,2.0,9.105,36.8975,27.7925,14.547766666664,6.531319999996799,9.105,0.0,0.0,0.0,0.0,0.0,0.0,0.0,2.25333333333e-05,2.25333333333e-05,3.605333333328e-06,6.0569599999910405e-06,0.0,12.0,229.0,217.0,88.84,92.208,12.0
-4.94692155651658,1,3.0,57.0,54.0,17.51271186440678,12.461397586900317,8.0,1.0,87.0,86.0,66.17372881355934,26.474073542085602,87.0,6.941,138.90547,131.96447,39.16994533898305,30.27346302427463,15.9994,54.8,1941.0,1886.2,616.8265677966102,718.5880921430625,54.8,1.0,16.0,15.0,11.436440677966104,5.801134731399023,16.0,2.0,6.0,4.0,2.9703389830508473,1.258151393277794,2.0,66.0,207.0,141.0,106.26694915254238,51.18679977018099,66.0,0.95,3.44,2.49,2.677076271186441,0.9698182993392702,3.44,1.0,2.0,1.0,1.9872881355932202,0.025100545820166804,2.0,0.0,4.0,4.0,2.5423728813559325,1.852915828784832,4.0,0.0,2.0,2.0,0.5508474576271187,0.7282390117782248,0.0,0.0,0.0,0.0,0.0,0.0,0.0,1.0,6.0,5.0,5.080508474576272,1.1688451594369433,6.0,0.0,1.0,1.0,0.012711864406779662,0.025100545820166624,0.0,0.0,2.0,2.0,1.2711864406779663,0.926457914392416,2.0,0.0,9.0,9.0,2.8389830508474576,3.7532318299339273,0.0,0.0,0.0,0.0,0.0,0.0,0.0,0.0,9.0,9.0,4.122881355932204,2.8827923010629135,2.0,9.105,54.23,45.125,14.913749999999576,7.384004237287597,9.105,0.0,0.0,0.0,0.0,0.0,0.0,0.0,2.25333333333e-05,2.25333333333e-05,4.774011299427967e-06,7.525136455030524e-06,0.0,12.0,229.0,217.0,79.16101694915254,85.37417408790577,12.0
-6.982966660701219,1,3.0,57.0,54.0,16.64,12.587200000000001,8.0,1.0,87.0,86.0,65.08,27.571199999999997,87.0,6.941,138.90547,131.96447,37.365428888,30.95158857824,15.9994,54.8,1941.0,1886.2,534.7189999999999,585.6262800000001,54.8,1.0,16.0,15.0,11.6,5.504,16.0,2.0,6.0,4.0,2.88,1.1616,2.0,66.0,207.0,141.0,105.13999999999999,46.967999999999996,66.0,0.98,3.44,2.46,2.5904,1.01952,3.44,1.0,2.0,1.0,1.94,0.11280000000000005,2.0,0.0,4.0,4.0,2.48,1.8240000000000003,4.0,0.0,2.0,2.0,0.38,0.5624,0.0,0.0,0.0,0.0,0.0,0.0,0.0,1.0,6.0,5.0,4.8,1.44,6.0,0.0,1.0,1.0,0.06,0.11279999999999998,0.0,0.0,5.0,5.0,1.6,1.0239999999999998,2.0,0.0,9.0,9.0,2.2199999999999998,3.2855999999999996,0.0,0.0,0.0,0.0,0.0,0.0,0.0,1.0,9.0,8.0,3.88,2.6016,2.0,9.105,36.8975,27.7925,14.945449999998,7.0085399999976,9.105,0.0,0.0,0.0,0.0,0.0,0.0,0.0,2.25333333333e-05,2.25333333333e-05,2.703999999996e-06,4.75903999999296e-06,0.0,12.0,229.0,217.0,89.38,92.856,12.0
-3.300162274132754,1,3.0,57.0,54.0,15.490945674044267,11.305337052496064,8.0,1.0,87.0,86.0,62.61770623742455,29.43536470331041,87.0,6.941,138.90547,131.96447,34.45060249496982,27.25671171333838,15.9994,54.8,1941.0,1886.2,589.5212273641852,670.1359092178827,54.8,1.0,16.0,15.0,10.867203219315895,6.196535348914413,16.0,2.0,6.0,4.0,2.8209255533199196,1.139715556923027,2.0,66.0,207.0,141.0,105.27967806841048,47.42013448902672,66.0,0.98,3.44,2.46,2.590140845070423,1.0259869073596508,3.44,1.0,2.0,1.0,1.9094567404426561,0.16469035541215085,2.0,0.0,4.0,4.0,2.4144869215291753,1.9141002959406337,4.0,0.0,2.0,2.0,0.5070422535211268,0.7039419616289285,0.0,0.0,0.0,0.0,0.0,0.0,0.0,1.0,6.0,5.0,4.830985915492958,1.411284609062828,6.0,0.0,1.0,1.0,0.09054325955734407,0.164690355412151,0.0,0.0,2.0,2.0,1.2072434607645877,0.9570501479703168,2.0,0.0,9.0,9.0,2.5513078470824953,3.542057172005879,0.0,0.0,0.0,0.0,0.0,0.0,0.0,1.0,9.0,8.0,3.8490945674044266,2.7482399426741537,2.0,9.105,36.8975,27.7925,14.21704225351811,6.171479581712004,9.105,0.0,0.0,0.0,0.0,0.0,0.0,0.0,2.25333333333e-05,2.25333333333e-05,4.5338698859758555e-06,7.243244848017765e-06,0.0,12.0,229.0,217.0,87.30985915492958,90.91733499589084,12.0
-3.186419011431808,1,3.0,57.0,54.0,15.81135902636917,11.533674279672002,8.0,1.0,87.0,86.0,63.16632860040568,29.006496632366318,87.0,6.941,138.90547,131.96447,35.20915695740366,27.851461292332004,15.9994,54.8,1941.0,1886.2,593.6225354969574,677.9072192027123,54.8,1.0,16.0,15.0,10.955375253549695,6.139502734016598,16.0,2.0,6.0,4.0,2.843813387423935,1.1604573563355538,2.0,66.0,207.0,141.0,105.41582150101421,47.97057383490573,66.0,0.98,3.44,2.46,2.6036916835699797,1.0178194520446495,3.44,1.0,2.0,1.0,1.9208924949290063,0.14569901542487304,2.0,0.0,4.0,4.0,2.4340770791075053,1.9057885446967484,4.0,0.0,2.0,2.0,0.515212981744422,0.708548481993343,0.0,0.0,0.0,0.0,0.0,0.0,0.0,1.0,6.0,5.0,4.870182555780933,1.3750313722747265,6.0,0.0,1.0,1.0,0.07910750507099393,0.14569901542487318,0.0,0.0,2.0,2.0,1.2170385395537526,0.9528942723483742,2.0,0.0,9.0,9.0,2.608519269776876,3.58737538521039,0.0,0.0,0.0,0.0,0.0,0.0,0.0,1.0,9.0,8.0,3.904665314401623,2.7776127447551735,2.0,9.105,36.8975,27.7925,14.28013184583915,6.298334903658194,9.105,0.0,0.0,0.0,0.0,0.0,0.0,0.0,2.25333333333e-05,2.25333333333e-05,4.570655848539554e-06,7.287090257509309e-06,0.0,12.0,229.0,217.0,86.0182555780933,90.08306966907907,12.0
-3.0338582672609675,1,3.0,57.0,54.0,15.2,11.079999999999998,8.0,1.0,87.0,86.0,62.2,29.76,87.0,6.941,138.90547,131.96447,33.757687,26.673281799999994,15.9994,54.8,1941.0,1886.2,585.749,663.5506,54.8,1.0,16.0,15.0,10.8,6.24,16.0,2.0,6.0,4.0,2.8,1.1199999999999999,2.0,66.0,207.0,141.0,105.1,46.92,66.0,0.98,3.44,2.46,2.58,1.032,3.44,1.0,2.0,1.0,1.9,0.18000000000000008,2.0,0.0,4.0,4.0,2.4,1.9200000000000004,4.0,0.0,2.0,2.0,0.5,0.7,0.0,0.0,0.0,0.0,0.0,0.0,0.0,1.0,6.0,5.0,4.8,1.44,6.0,0.0,1.0,1.0,0.1,0.18,0.0,0.0,2.0,2.0,1.2,0.9600000000000002,2.0,0.0,9.0,9.0,2.5,3.5,0.0,0.0,0.0,0.0,0.0,0.0,0.0,1.0,9.0,8.0,3.8,2.7199999999999998,2.0,9.105,36.8975,27.7925,14.150083333329999,6.054099999996,9.105,0.0,0.0,0.0,0.0,0.0,0.0,0.0,2.25333333333e-05,2.25333333333e-05,4.50666666666e-06,7.210666666656e-06,0.0,12.0,229.0,217.0,88.3,91.55999999999999,12.0
-3.4788697966552737,2,3.0,57.0,54.0,16.13701431492842,11.757160600700061,8.0,1.0,87.0,86.0,63.72392638036809,28.559599533290672,87.0,6.941,138.90547,131.96447,35.98012130879346,28.43561307087207,15.9994,54.8,1941.0,1886.2,597.7909406952965,685.6957597199743,54.8,1.0,16.0,15.0,11.044989775051123,6.079767147176534,16.0,2.0,6.0,4.0,2.8670756646216766,1.1809251383190935,2.0,66.0,207.0,141.0,105.55419222903886,48.532751201274664,66.0,0.98,3.44,2.46,2.6174642126789363,1.0092463648111205,3.44,1.0,2.0,1.0,1.9325153374233126,0.12586096578719583,2.0,0.0,4.0,4.0,2.4539877300613493,1.8969475704768717,4.0,0.0,2.0,2.0,0.5235173824130879,0.7130114042681319,0.0,0.0,0.0,0.0,0.0,0.0,0.0,1.0,6.0,5.0,4.9100204498977496,1.3373982209843553,6.0,0.0,1.0,1.0,0.06748466257668712,0.1258609657871956,0.0,0.0,2.0,2.0,1.2269938650306746,0.9484737852384358,2.0,0.0,9.0,9.0,2.6666666666666665,3.6319018404907975,0.0,0.0,0.0,0.0,0.0,0.0,0.0,1.0,9.0,8.0,3.9611451942740286,2.8059768903609466,2.0,9.105,36.8975,27.7925,14.344253578729855,6.428531998441541,9.105,0.0,0.0,0.0,0.0,0.0,0.0,0.0,2.25333333333e-05,2.25333333333e-05,4.608043626441718e-06,7.331406833070872e-06,0.0,12.0,229.0,217.0,84.70552147239263,89.20922880048175,12.0
-3.0190880622231564,1,3.0,57.0,54.0,16.24640657084189,11.819044647487656,8.0,1.0,87.0,86.0,63.99383983572895,28.344345171586504,87.0,6.941,138.90547,131.96447,36.23486561601642,28.60001062050689,15.9994,54.8,1941.0,1886.2,599.1417761806981,688.8657578140483,54.8,1.0,16.0,15.0,11.08829568788501,6.051381082687872,16.0,2.0,6.0,4.0,2.8747433264887063,1.1872799564867245,2.0,66.0,207.0,141.0,105.54312114989733,48.7184244146579,66.0,0.98,3.44,2.46,2.624312114989733,1.0049542731132652,3.44,1.0,2.0,1.0,1.937371663244353,0.11741205638173641,2.0,0.0,4.0,4.0,2.4640657084188913,1.8923215091348362,4.0,0.0,2.0,2.0,0.526694045174538,0.7148763118282744,0.0,0.0,0.0,0.0,0.0,0.0,0.0,1.0,6.0,5.0,4.9281314168377826,1.3205773098507814,6.0,0.0,1.0,1.0,0.06262833675564682,0.11741205638173623,0.0,0.0,2.0,2.0,1.2320328542094456,0.9461607545674181,2.0,0.0,9.0,9.0,2.6868583162217656,3.6468446550771807,0.0,0.0,0.0,0.0,0.0,0.0,0.0,1.0,9.0,8.0,3.9815195071868583,2.814752349590376,2.0,9.105,36.8975,27.7925,14.355863278574228,6.4692360721653746,9.105,0.0,0.0,0.0,0.0,0.0,0.0,0.0,2.25333333333e-05,2.25333333333e-05,4.6269678302464064e-06,7.353743533081557e-06,0.0,12.0,229.0,217.0,84.07700205338809,88.8012345626958,12.0
-3.2225731776106885,1,3.0,57.0,54.0,16.468041237113404,11.975461791901372,8.0,1.0,87.0,86.0,64.29072164948454,28.093952598575832,87.0,6.941,138.90547,131.96447,36.763802597938145,29.008397730003193,15.9994,54.8,1941.0,1886.2,602.0281030927836,693.4992153044957,54.8,1.0,16.0,15.0,11.136082474226805,6.0172175576575615,16.0,2.0,6.0,4.0,2.890721649484536,1.2010968221915188,2.0,66.0,207.0,141.0,105.69484536082476,49.107025188649175,66.0,0.98,3.44,2.46,2.6314639175257737,1.0002508236794558,3.44,1.0,2.0,1.0,1.9443298969072165,0.10514188542884476,2.0,0.0,4.0,4.0,2.4742268041237114,1.8875544691253057,4.0,0.0,2.0,2.0,0.531958762886598,0.7173217132532682,0.0,0.0,0.0,0.0,0.0,0.0,0.0,1.0,6.0,5.0,4.950515463917526,1.298331384844298,6.0,0.0,1.0,1.0,0.055670103092783516,0.10514188542884473,0.0,0.0,2.0,2.0,1.2371134020618557,0.9437772345626528,2.0,0.0,9.0,9.0,2.7257731958762887,3.6755787012434906,0.0,0.0,0.0,0.0,0.0,0.0,0.0,1.0,9.0,8.0,4.018556701030929,2.833270273142736,2.0,9.105,36.8975,27.7925,14.409432989688868,6.562185141883134,9.105,0.0,0.0,0.0,0.0,0.0,0.0,0.0,2.25333333333e-05,2.25333333333e-05,4.646048109958763e-06,7.37620009209948e-06,0.0,12.0,229.0,217.0,83.37113402061857,88.29418641726008,12.0
-3.0690509688324767,1,3.0,57.0,54.0,16.748440748440746,12.141886489079836,8.0,1.0,87.0,86.0,64.85446985446984,27.624361927896235,87.0,6.941,138.90547,131.96447,37.42334088357588,29.449283135424718,15.9994,54.8,1941.0,1886.2,605.5672245322245,700.6051047281088,54.8,1.0,16.0,15.0,11.226611226611226,5.954331110256265,16.0,2.0,6.0,4.0,2.9106029106029103,1.2172924563776952,2.0,66.0,207.0,141.0,105.75571725571724,49.59133129611299,66.0,0.98,3.44,2.46,2.6455717255717257,0.9909708204926498,3.44,1.0,2.0,1.0,1.9553014553014554,0.08540116960075371,2.0,0.0,4.0,4.0,2.4948024948024945,1.8775852455686133,4.0,0.0,2.0,2.0,0.5395010395010394,0.7212040923059634,0.0,0.0,0.0,0.0,0.0,0.0,0.0,1.0,6.0,5.0,4.989604989604989,1.2603679963347323,6.0,0.0,1.0,1.0,0.044698544698544694,0.08540116960075378,0.0,0.0,2.0,2.0,1.2474012474012472,0.9387926227843066,2.0,0.0,9.0,9.0,2.7765072765072762,3.7116303093434064,0.0,0.0,0.0,0.0,0.0,0.0,0.0,1.0,9.0,8.0,4.0686070686070686,2.8547075782003013,2.0,9.105,36.8975,27.7925,14.454590263338773,6.673085567574353,9.105,0.0,0.0,0.0,0.0,0.0,0.0,0.0,2.25333333333e-05,2.25333333333e-05,4.684684684677754e-06,7.4214755295726575e-06,0.0,12.0,229.0,217.0,82.05093555093553,87.38162438786138,12.0
-3.162411561764489,1,3.0,57.0,54.0,15.973523421588595,11.646044275575429,8.0,1.0,87.0,86.0,63.44399185336049,28.785346004040132,87.0,6.941,138.90547,131.96447,35.59306894093687,28.144909018960433,15.9994,54.8,1941.0,1886.2,595.698248472505,681.7994765244877,54.8,1.0,16.0,15.0,11.0,6.109979633401222,16.0,2.0,6.0,4.0,2.855397148676171,1.1707268511413176,2.0,66.0,207.0,141.0,105.48472505091651,48.25017317830937,66.0,0.98,3.44,2.46,2.610549898167006,1.0135846458244324,3.44,1.0,2.0,1.0,1.9266802443991855,0.1358879380789028,2.0,0.0,4.0,4.0,2.4439918533604885,1.901435617074759,4.0,0.0,2.0,2.0,0.5193482688391038,0.7107984453357999,0.0,0.0,0.0,0.0,0.0,0.0,0.0,1.0,6.0,5.0,4.890020366598778,1.3563905907143243,6.0,0.0,1.0,1.0,0.07331975560081466,0.13588793807890293,0.0,0.0,2.0,2.0,1.2219959266802443,0.9507178085373795,2.0,0.0,9.0,9.0,2.6374745417515273,3.6097411243523965,0.0,0.0,0.0,0.0,0.0,0.0,0.0,1.0,9.0,8.0,3.932790224032587,2.791924705804273,2.0,9.105,36.8975,27.7925,14.312062118123828,6.363008698318325,9.105,0.0,0.0,0.0,0.0,0.0,0.0,0.0,2.25333333333e-05,2.25333333333e-05,4.589273591303462e-06,7.309189304275575e-06,0.0,12.0,229.0,217.0,85.36456211812627,89.65119607103006,12.0
-3.385102783966865,1,3.0,57.0,54.0,16.974947807933194,12.292415043518814,8.0,1.0,87.0,86.0,65.15866388308977,27.358667369824925,87.0,6.941,138.90547,131.96447,37.9638656993737,29.84447303716424,15.9994,54.8,1941.0,1886.2,608.516534446764,705.2268808103172,54.8,1.0,16.0,15.0,11.275574112734864,5.91786123665779,16.0,2.0,6.0,4.0,2.926931106471816,1.2307477739375263,2.0,66.0,207.0,141.0,105.91022964509395,49.9919369249611,66.0,0.98,3.44,2.46,2.6529018789144048,0.9859266652429165,3.44,1.0,2.0,1.0,1.9624217118997913,0.07233232072733288,2.0,0.0,4.0,4.0,2.5052192066805845,1.8723767766005202,4.0,0.0,2.0,2.0,0.5448851774530271,0.7234801103551675,0.0,0.0,0.0,0.0,0.0,0.0,0.0,1.0,6.0,5.0,5.012526096033403,1.236919295156489,6.0,0.0,1.0,1.0,0.037578288100208766,0.07233232072733295,0.0,0.0,2.0,2.0,1.2526096033402923,0.9361883883002601,2.0,0.0,9.0,9.0,2.816283924843424,3.7393665473912687,0.0,0.0,0.0,0.0,0.0,0.0,0.0,1.0,9.0,8.0,4.106471816283925,2.8720586120179044,2.0,9.105,36.8975,27.7925,14.509243215030063,6.7694069499332725,9.105,0.0,0.0,0.0,0.0,0.0,0.0,0.0,2.25333333333e-05,2.25333333333e-05,4.7042449547599165e-06,7.444295773920703e-06,0.0,12.0,229.0,217.0,81.3277661795407,86.84062569462301,12.0
-3.354577730650908,1,3.0,57.0,54.0,17.176470588235293,12.400889767671776,8.0,1.0,87.0,86.0,65.58823529411765,26.98961937716263,87.0,6.941,138.90547,131.96447,38.43662424369748,30.134899212273147,15.9994,54.8,1941.0,1886.2,611.0455042016807,710.4060013417132,54.8,1.0,16.0,15.0,11.344537815126051,5.868229644799096,16.0,2.0,6.0,4.0,2.9411764705882355,1.2417202174987643,2.0,66.0,207.0,141.0,105.93697478991596,50.340724525104164,66.0,0.98,3.44,2.46,2.6636974789915966,0.9785325895063907,3.44,1.0,2.0,1.0,1.9705882352941175,0.057093425605536444,2.0,0.0,4.0,4.0,2.5210084033613445,1.8642751218134315,4.0,0.0,2.0,2.0,0.5504201680672269,0.7261845914836523,0.0,0.0,0.0,0.0,0.0,0.0,0.0,1.0,6.0,5.0,5.042016806722689,1.207541840265518,6.0,0.0,1.0,1.0,0.029411764705882356,0.05709342560553634,0.0,0.0,2.0,2.0,1.2605042016806722,0.9321375609067157,2.0,0.0,9.0,9.0,2.8529411764705883,3.763964409293129,0.0,0.0,0.0,0.0,0.0,0.0,0.0,1.0,9.0,8.0,4.142857142857143,2.885954381752701,2.0,9.105,36.8975,27.7925,14.538764005601262,6.849282360001589,9.105,0.0,0.0,0.0,0.0,0.0,0.0,0.0,2.25333333333e-05,2.25333333333e-05,4.733893557415967e-06,7.4787562083546364e-06,0.0,12.0,229.0,217.0,80.32352941176471,86.1220958971824,12.0
-3.474955192963155,1,3.0,57.0,54.0,17.52542372881356,12.600976730824476,8.0,1.0,87.0,86.0,66.1864406779661,26.457914392415972,87.0,6.941,138.90547,131.96447,39.26270779661017,30.66765254811836,15.9994,54.8,1941.0,1886.2,615.5116949152543,718.2545848893998,54.8,1.0,16.0,15.0,11.440677966101696,5.795748348175811,16.0,2.0,6.0,4.0,2.9661016949152543,1.2608445848893999,2.0,66.0,207.0,141.0,106.08474576271188,50.955185291582886,66.0,0.98,3.44,2.46,2.678474576271187,0.9680407928756104,3.44,1.0,2.0,1.0,1.9830508474576272,0.03332375754093647,2.0,0.0,4.0,4.0,2.5423728813559325,1.852915828784832,4.0,0.0,2.0,2.0,0.5593220338983051,0.7299626544096525,0.0,0.0,0.0,0.0,0.0,0.0,0.0,1.0,6.0,5.0,5.084745762711865,1.1634587762137316,6.0,0.0,1.0,1.0,0.01694915254237288,0.03332375754093652,0.0,0.0,2.0,2.0,1.2711864406779663,0.926457914392416,2.0,0.0,9.0,9.0,2.915254237288136,3.804653835104855,0.0,0.0,0.0,0.0,0.0,0.0,0.0,1.0,9.0,8.0,4.203389830508475,2.9095087618500433,2.0,9.105,36.8975,27.7925,14.607387005649151,6.994559752943838,9.105,0.0,0.0,0.0,0.0,0.0,0.0,0.0,2.25333333333e-05,2.25333333333e-05,4.774011299427967e-06,7.525136455030524e-06,0.0,12.0,229.0,217.0,78.91525423728814,85.0617638609595,12.0
-4.920818753952375,1,3.0,74.0,71.0,21.588235294117645,20.235788433020264,8.0,1.0,87.0,86.0,69.0546218487395,22.6202245604124,87.0,6.941,183.84,176.899,50.24450239495798,51.16283559565003,15.9994,54.8,3695.0,3640.2,688.3564285714285,812.4044477791118,54.8,1.0,16.0,15.0,11.344537815126051,5.868229644799096,16.0,2.0,6.0,4.0,3.0462184873949583,1.3900148294611965,2.0,66.0,207.0,141.0,104.15126050420169,48.089824164960106,66.0,0.98,3.44,2.46,2.725672268907563,0.9004131064190382,3.44,1.0,2.0,1.0,1.9705882352941175,0.057093425605536444,2.0,0.0,4.0,4.0,2.5210084033613445,1.8642751218134315,4.0,0.0,4.0,4.0,0.5504201680672269,0.841819080573406,0.0,0.0,14.0,14.0,1.4705882352941178,2.6322293623331685,0.0,1.0,20.0,19.0,6.512605042016807,2.833486335710755,6.0,0.0,1.0,1.0,0.029411764705882356,0.05709342560553634,0.0,0.0,2.0,2.0,1.2605042016806722,0.9321375609067157,2.0,0.0,9.0,9.0,1.8025210084033614,2.7567968363816115,0.0,0.0,0.0,0.0,0.0,0.0,0.0,0.0,9.0,9.0,3.092436974789916,2.149777558082057,2.0,9.105,36.8975,27.7925,15.12279761904664,7.585459183672235,9.105,0.0,0.0,0.0,0.0,0.0,0.0,0.0,0.0,0.0,0.0,0.0,0.0,12.0,229.0,217.0,84.00000000000001,90.75630252100841,12.0
-5.167491087293763,1,3.0,74.0,71.0,21.780590717299578,20.378874468122987,8.0,1.0,87.0,86.0,69.36708860759494,22.320141003044384,87.0,6.941,183.84,176.899,50.70562364978903,51.532949947568945,15.9994,54.8,3695.0,3640.2,690.9063080168776,816.2078978618099,54.8,1.0,16.0,15.0,11.39240506329114,5.832398654061849,16.0,2.0,6.0,4.0,3.0590717299578056,1.40221474478805,2.0,66.0,207.0,141.0,104.21729957805907,48.37632857982161,66.0,0.98,3.44,2.46,2.733291139240506,0.8945681781765742,3.44,1.0,2.0,1.0,1.9767932489451479,0.0453363955206607,2.0,0.0,4.0,4.0,2.531645569620253,1.8586764941515783,4.0,0.0,4.0,4.0,0.5548523206751055,0.8451548006907724,0.0,0.0,14.0,14.0,1.4767932489451476,2.642026740728871,0.0,1.0,20.0,19.0,6.540084388185654,2.8396446438426888,6.0,0.0,1.0,1.0,0.02320675105485232,0.045336395520660856,0.0,0.0,2.0,2.0,1.2658227848101264,0.9293382470757892,2.0,0.0,9.0,9.0,1.8291139240506329,2.7861186775623565,0.0,0.0,0.0,0.0,0.0,0.0,0.0,0.0,9.0,9.0,3.1181434599156117,2.1715180971710373,2.0,9.105,36.8975,27.7925,15.159428621658861,7.663833698302354,9.105,0.0,0.0,0.0,0.0,0.0,0.0,0.0,0.0,0.0,0.0,0.0,0.0,12.0,229.0,217.0,83.31434599156117,90.27132403995085,12.0
-6.7447274948966935,1,3.0,74.0,71.0,22.170212765957448,20.661385242191038,8.0,1.0,87.0,86.0,70.0,21.70212765957447,87.0,6.941,183.84,176.899,51.63963946808511,52.2650936645541,15.9994,54.8,3695.0,3640.2,696.071170212766,823.8010932548664,54.8,1.0,16.0,15.0,11.48936170212766,5.7582616568583065,16.0,2.0,6.0,4.0,3.085106382978723,1.426437301946582,2.0,66.0,207.0,141.0,104.35106382978724,48.95880488909008,66.0,0.98,3.44,2.46,2.748723404255319,0.8824807605251244,3.44,1.0,2.0,1.0,1.9893617021276595,0.021050248981439635,2.0,0.0,4.0,4.0,2.553191489361702,1.8469895880488911,4.0,0.0,4.0,4.0,0.5638297872340425,0.8517428700769579,0.0,0.0,14.0,14.0,1.4893617021276595,2.6618379357175193,0.0,1.0,20.0,19.0,6.595744680851063,2.8519692168401987,6.0,0.0,1.0,1.0,0.010638297872340425,0.021050248981439566,0.0,0.0,2.0,2.0,1.276595744680851,0.9234947940244456,2.0,0.0,9.0,9.0,1.8829787234042556,2.844499773653237,0.0,0.0,0.0,0.0,0.0,0.0,0.0,0.0,9.0,9.0,3.1702127659574466,2.214576731552739,2.0,9.105,36.8975,27.7925,15.233625886524466,7.823777727478044,9.105,0.0,0.0,0.0,0.0,0.0,0.0,0.0,0.0,0.0,0.0,0.0,0.0,12.0,229.0,217.0,81.92553191489361,89.26663648709822,12.0
-3.987162775294828,1,3.0,73.0,70.0,18.565514103730667,18.731481427817997,8.0,1.0,87.0,86.0,53.581437670609645,36.4897859829558,87.0,6.941,180.94788,174.00688,43.347504494995455,46.68992691305935,15.9994,54.8,3290.0,3235.2,561.381492265696,602.9163501272146,54.8,1.0,16.0,15.0,9.790263876251137,6.780421609188931,16.0,2.0,6.0,4.0,2.8739763421292084,1.3582817036912538,2.0,66.0,207.0,141.0,108.65286624203821,46.57273838985064,66.0,0.98,3.44,2.46,2.381351228389445,1.1559404239605695,3.44,1.0,2.0,1.0,1.7688808007279342,0.35540622999980975,2.0,0.0,4.0,4.0,2.183803457688808,1.9831081444708194,4.0,0.0,3.0,3.0,0.3780709736123749,0.5875752710918438,0.0,0.0,14.0,14.0,0.9617834394904459,1.7914201097697384,0.0,1.0,19.0,18.0,5.292538671519564,2.65585100525666,6.0,0.0,1.0,1.0,0.2311191992720655,0.3554062299998096,0.0,0.0,2.0,2.0,1.091901728844404,0.9915540722354097,2.0,0.0,9.0,9.0,1.8512283894449497,2.8770683249972464,0.0,0.0,0.0,0.0,0.0,0.0,0.0,1.0,9.0,8.0,3.174249317561419,2.287186382524936,2.0,9.105,36.8975,27.7925,15.498356839543403,6.980917386216636,9.105,0.0,0.0,0.0,0.0,0.0,0.0,0.0,0.0,0.0,0.0,0.0,0.0,12.0,229.0,217.0,105.13057324840764,101.6894339382067,12.0
-4.0,1,3.0,57.0,54.0,16.47826086956522,15.293005671077506,8.0,1.0,87.0,86.0,52.76086956521739,36.651228733459355,87.0,6.941,138.90547,131.96447,37.57366130434782,37.1626758979206,15.9994,54.8,2128.0,2073.2,484.3195652173913,470.73062381852554,54.8,1.0,16.0,15.0,9.608695652173912,6.81663516068053,16.0,2.0,6.0,4.0,2.8260869565217392,1.2570888468809074,2.0,66.0,207.0,141.0,109.91304347826087,45.82230623818526,66.0,0.98,3.44,2.46,2.327608695652174,1.1607561436672966,3.44,1.0,2.0,1.0,1.7608695652173914,0.3638941398865785,2.0,0.0,4.0,4.0,2.108695652173913,1.9735349716446127,4.0,0.0,10.0,10.0,0.5217391304347826,0.7939508506616256,0.0,0.0,0.0,0.0,0.0,0.0,0.0,1.0,13.0,12.0,4.391304347826087,2.052930056710775,6.0,0.0,1.0,1.0,0.2391304347826087,0.3638941398865785,0.0,0.0,5.0,5.0,1.1521739130434783,1.051984877126654,2.0,0.0,9.0,9.0,1.8695652173913044,2.9262759924385633,0.0,0.0,0.0,0.0,0.0,0.0,0.0,1.0,9.0,8.0,3.260869565217391,2.3969754253308126,2.0,9.105,36.8975,27.7925,15.958025362310867,7.1509829867591685,9.105,0.0,0.0,0.0,0.0,0.0,0.0,0.0,0.0,0.0,0.0,0.0,0.0,12.0,229.0,217.0,104.58695652173913,98.37712665406426,12.0
-9.201349354554733,1,3.0,57.0,54.0,18.525,18.2875,8.0,1.0,87.0,86.0,46.875,40.125,87.0,6.941,138.90547,131.96447,43.17918075,45.298871125000005,15.9994,54.8,1193.0,1138.2,435.4975,380.6975,54.8,1.0,16.0,15.0,8.975,7.025,16.0,2.0,6.0,4.0,2.975,1.4625000000000001,2.0,66.0,207.0,141.0,116.45,50.45,66.0,0.95,3.44,2.49,2.23625,1.2037499999999999,3.44,1.0,2.0,1.0,1.75,0.375,2.0,0.0,4.0,4.0,2.0,2.0,4.0,0.0,1.0,1.0,0.225,0.34875,0.0,0.0,0.0,0.0,0.0,0.0,0.0,1.0,6.0,5.0,3.975,2.0250000000000004,6.0,0.0,1.0,1.0,0.25,0.375,0.0,0.0,2.0,2.0,1.0,1.0,2.0,0.0,9.0,9.0,2.025,3.13875,0.0,0.0,0.0,0.0,0.0,0.0,0.0,0.0,9.0,9.0,3.275,2.57625,2.0,9.105,54.23,45.125,18.358520833325002,10.136114583337502,9.105,0.0,0.0,0.0,0.0,0.0,0.0,0.0,0.0,0.0,0.0,0.0,0.0,12.0,229.0,217.0,112.525,100.525,12.0
-9.138465589140962,1,3.0,57.0,54.0,19.85416666666667,19.346788194444446,8.0,1.0,87.0,86.0,50.3125,38.953125,87.0,6.941,138.90547,131.96447,46.3864140625,48.18700830078126,15.9994,54.8,1193.0,1138.2,448.24072916666665,409.83409288194446,54.8,1.0,16.0,15.0,9.354166666666668,6.922743055555556,16.0,2.0,6.0,4.0,3.0625,1.5299479166666667,2.0,66.0,207.0,141.0,116.55208333333333,52.658420138888886,66.0,0.98,3.44,2.46,2.299375,1.1881510416666667,3.44,1.0,2.0,1.0,1.8020833333333335,0.31749131944444436,2.0,0.0,4.0,4.0,2.0833333333333335,1.9965277777777777,4.0,0.0,1.0,1.0,0.2604166666666667,0.3851996527777778,0.0,0.0,0.0,0.0,0.0,0.0,0.0,1.0,6.0,5.0,4.145833333333333,1.9314236111111112,6.0,0.0,1.0,1.0,0.19791666666666669,0.3174913194444445,0.0,0.0,2.0,2.0,1.0416666666666667,0.9982638888888888,2.0,0.0,9.0,9.0,2.34375,3.466796875,0.0,0.0,0.0,0.0,0.0,0.0,0.0,0.0,9.0,9.0,3.5833333333333335,2.8211805555555554,2.0,9.105,36.8975,27.7925,18.11188368054896,9.98326334635788,9.105,0.0,0.0,0.0,0.0,0.0,0.0,0.0,0.0,0.0,0.0,0.0,0.0,12.0,229.0,217.0,106.13541666666666,98.05772569444444,12.0
-15.0,1,3.0,57.0,54.0,19.0,19.0,8.0,1.0,87.0,86.0,47.0,40.0,87.0,6.941,138.90547,131.96447,44.4613175,47.22207625,15.9994,54.8,1193.0,1138.2,439.0725,384.27250000000004,54.8,1.0,16.0,15.0,9.0,7.0,16.0,2.0,6.0,4.0,3.0,1.5,2.0,66.0,207.0,141.0,116.75,50.75,66.0,0.98,3.44,2.46,2.24,1.2,3.44,1.0,2.0,1.0,1.75,0.375,2.0,0.0,4.0,4.0,2.0,2.0,4.0,0.0,1.0,1.0,0.25,0.375,0.0,0.0,0.0,0.0,0.0,0.0,0.0,1.0,6.0,5.0,4.0,2.0,6.0,0.0,1.0,1.0,0.25,0.375,0.0,0.0,2.0,2.0,1.0,1.0,2.0,0.0,9.0,9.0,2.25,3.375,0.0,0.0,0.0,0.0,0.0,0.0,0.0,1.0,9.0,8.0,3.5,2.75,2.0,9.105,36.8975,27.7925,17.925208333325003,9.486145833337503,9.105,0.0,0.0,0.0,0.0,0.0,0.0,0.0,0.0,0.0,0.0,0.0,0.0,12.0,229.0,217.0,111.75,99.75,12.0
-2.795880017344075,1,3.0,57.0,54.0,16.329218106995885,11.873715050212537,8.0,1.0,87.0,86.0,64.13580246913581,28.2274043590916,87.0,6.941,138.90547,131.96447,36.430906975308645,28.743454299903473,15.9994,54.8,1941.0,1886.2,600.2016666666668,690.8203223593965,54.8,1.0,16.0,15.0,11.111111111111112,6.035665294924554,16.0,2.0,6.0,4.0,2.880658436213992,1.192331792240343,2.0,66.0,207.0,141.0,105.57818930041154,48.86196209927349,66.0,0.98,3.44,2.46,2.6278189300411525,1.0026926789615405,3.44,1.0,2.0,1.0,1.940329218106996,0.11222035936256322,2.0,0.0,4.0,4.0,2.469135802469136,1.8899557994208203,4.0,0.0,2.0,2.0,0.5288065843621399,0.7159562397331031,0.0,0.0,0.0,0.0,0.0,0.0,0.0,1.0,6.0,5.0,4.938271604938272,1.3107757963725042,6.0,0.0,1.0,1.0,0.05967078189300412,0.11222035936256332,0.0,0.0,2.0,2.0,1.234567901234568,0.9449778997104101,2.0,0.0,9.0,9.0,2.7016460905349797,3.6577842131111455,0.0,0.0,0.0,0.0,0.0,0.0,0.0,1.0,9.0,8.0,3.9958847736625525,2.821588849938187,2.0,9.105,36.8975,27.7925,14.37214849108169,6.502652458125541,9.105,0.0,0.0,0.0,0.0,0.0,0.0,0.0,2.25333333333e-05,2.25333333333e-05,4.636488340185186e-06,7.36495678729005e-06,0.0,12.0,229.0,217.0,83.74279835390948,88.57135599248083,12.0
-5.399027104313252,1,3.0,57.0,54.0,18.204444444444444,14.441975308641974,8.0,1.0,87.0,86.0,69.27555555555556,23.63259259259259,87.0,6.941,138.90547,131.96447,40.27064491715556,34.35308504602469,15.9994,54.8,2750.0,2695.2,734.7101555555556,946.6054691358024,54.8,1.0,16.0,15.0,12.0,5.333333333333333,16.0,2.0,6.0,4.0,2.942222222222222,1.260483950617284,2.0,66.0,207.0,141.0,101.08222222222223,46.776296296296294,66.0,0.93,3.44,2.51,2.761777777777778,0.9042962962962962,3.44,1.0,2.0,1.0,1.7222222222222223,0.4012345679012345,2.0,0.0,4.0,4.0,2.6666666666666665,1.7777777777777777,4.0,0.0,4.0,4.0,0.9444444444444444,1.3641975308641974,0.0,0.0,0.0,0.0,0.0,0.0,0.0,1.0,6.0,5.0,5.333333333333333,0.8888888888888888,6.0,0.0,1.0,1.0,0.2777777777777778,0.4012345679012346,0.0,0.0,2.0,2.0,1.3333333333333333,0.8888888888888888,2.0,0.0,9.0,9.0,1.8333333333333333,2.6481481481481484,0.0,0.0,0.0,0.0,0.0,0.0,0.0,1.0,9.0,8.0,3.4444444444444446,2.197530864197531,2.0,9.105,36.8975,27.7925,13.756379629627778,6.201839506170369,9.105,0.0,0.0,0.0,0.0,0.0,0.0,0.0,0.0,0.0,0.0,0.0,0.0,12.0,229.0,217.0,82.38888888888889,93.85185185185186,12.0
-5.228412519118745,1,3.0,57.0,54.0,18.186666666666667,14.45185185185185,8.0,1.0,87.0,86.0,69.27333333333334,23.635555555555552,87.0,6.941,138.90547,131.96447,40.234980985422226,34.3728983414321,15.9994,54.8,2750.0,2695.2,734.8942000000001,946.5032222222222,54.8,1.0,16.0,15.0,12.0,5.333333333333333,16.0,2.0,6.0,4.0,2.94,1.2616888888888889,2.0,66.0,207.0,141.0,100.99777777777778,46.6637037037037,66.0,0.93,3.44,2.51,2.7618888888888886,0.9041481481481483,3.44,1.0,2.0,1.0,1.7222222222222223,0.4012345679012345,2.0,0.0,4.0,4.0,2.6666666666666665,1.7777777777777777,4.0,0.0,4.0,4.0,0.9444444444444444,1.3641975308641974,0.0,0.0,0.0,0.0,0.0,0.0,0.0,1.0,6.0,5.0,5.333333333333333,0.8888888888888888,6.0,0.0,1.0,1.0,0.2777777777777778,0.4012345679012346,0.0,0.0,2.0,2.0,1.3333333333333333,0.8888888888888888,2.0,0.0,9.0,9.0,1.8333333333333333,2.6481481481481484,0.0,0.0,0.0,0.0,0.0,0.0,0.0,1.0,9.0,8.0,3.4444444444444446,2.197530864197531,2.0,9.105,36.8975,27.7925,13.728268518516668,6.164358024688889,9.105,0.0,0.0,0.0,0.0,0.0,0.0,0.0,0.0,0.0,0.0,0.0,0.0,12.0,229.0,217.0,82.38888888888889,93.85185185185186,12.0
-4.910094888560602,1,3.0,57.0,54.0,18.16,14.466666666666669,8.0,1.0,87.0,86.0,69.27000000000001,23.639999999999997,87.0,6.941,138.90547,131.96447,40.18148508782222,34.40261828454321,15.9994,54.8,2750.0,2695.2,735.1702666666666,946.349851851852,54.8,1.0,16.0,15.0,12.0,5.333333333333333,16.0,2.0,6.0,4.0,2.9366666666666665,1.2634592592592593,2.0,66.0,207.0,141.0,100.87111111111112,46.494814814814816,66.0,0.93,3.44,2.51,2.7620555555555555,0.9039259259259258,3.44,1.0,2.0,1.0,1.7222222222222223,0.4012345679012345,2.0,0.0,4.0,4.0,2.6666666666666665,1.7777777777777777,4.0,0.0,4.0,4.0,0.9444444444444444,1.3641975308641974,0.0,0.0,0.0,0.0,0.0,0.0,0.0,1.0,6.0,5.0,5.333333333333333,0.8888888888888888,6.0,0.0,1.0,1.0,0.2777777777777778,0.4012345679012346,0.0,0.0,2.0,2.0,1.3333333333333333,0.8888888888888888,2.0,0.0,9.0,9.0,1.8333333333333333,2.6481481481481484,0.0,0.0,0.0,0.0,0.0,0.0,0.0,1.0,9.0,8.0,3.4444444444444446,2.197530864197531,2.0,9.105,36.8975,27.7925,13.686101851850001,6.108135802466666,9.105,0.0,0.0,0.0,0.0,0.0,0.0,0.0,0.0,0.0,0.0,0.0,0.0,12.0,229.0,217.0,82.38888888888889,93.85185185185186,12.0
-4.91721462968355,1,3.0,57.0,54.0,18.133333333333333,14.48148148148148,8.0,1.0,87.0,86.0,69.26666666666667,23.644444444444446,87.0,6.941,138.90547,131.96447,40.12798919022222,34.43233822765432,15.9994,54.8,2750.0,2695.2,735.4463333333333,946.1964814814814,54.8,1.0,16.0,15.0,12.0,5.333333333333333,16.0,2.0,6.0,4.0,2.933333333333333,1.2651851851851852,2.0,66.0,207.0,141.0,100.74444444444445,46.32592592592593,66.0,0.93,3.44,2.51,2.7622222222222224,0.9037037037037037,3.44,1.0,2.0,1.0,1.7222222222222223,0.4012345679012345,2.0,0.0,4.0,4.0,2.6666666666666665,1.7777777777777777,4.0,0.0,4.0,4.0,0.9444444444444444,1.3641975308641974,0.0,0.0,0.0,0.0,0.0,0.0,0.0,1.0,6.0,5.0,5.333333333333333,0.8888888888888891,6.0,0.0,1.0,1.0,0.2777777777777778,0.4012345679012346,0.0,0.0,2.0,2.0,1.3333333333333333,0.8888888888888888,2.0,0.0,9.0,9.0,1.8333333333333333,2.6481481481481484,0.0,0.0,0.0,0.0,0.0,0.0,0.0,1.0,9.0,8.0,3.4444444444444446,2.197530864197531,2.0,9.105,36.8975,27.7925,13.643935185183333,6.0519135802444435,9.105,0.0,0.0,0.0,0.0,0.0,0.0,0.0,0.0,0.0,0.0,0.0,0.0,12.0,229.0,217.0,82.38888888888889,93.85185185185186,12.0
-4.583359492661719,1,3.0,73.0,70.0,24.88888888888889,24.95061728395062,8.0,1.0,87.0,86.0,69.44444444444444,23.40740740740741,87.0,6.941,180.94788,174.00688,58.97948833333333,63.0888387037037,15.9994,54.8,3290.0,3235.2,859.1272222222223,1117.4848765432098,54.8,1.0,16.0,15.0,12.0,5.333333333333333,16.0,2.0,6.0,4.0,3.111111111111111,1.6049382716049383,2.0,66.0,207.0,141.0,100.38888888888889,45.85185185185185,66.0,0.98,3.44,2.46,2.7422222222222223,0.9303703703703703,3.44,1.0,2.0,1.0,1.9444444444444444,0.1049382716049383,2.0,0.0,4.0,4.0,2.6666666666666665,1.7777777777777777,4.0,0.0,3.0,3.0,0.7222222222222222,1.0432098765432098,0.0,0.0,14.0,14.0,3.111111111111111,4.839506172839506,0.0,1.0,19.0,18.0,8.444444444444445,4.691358024691358,6.0,0.0,1.0,1.0,0.05555555555555555,0.10493827160493827,0.0,0.0,2.0,2.0,1.3333333333333333,0.8888888888888888,2.0,0.0,9.0,9.0,2.0555555555555554,2.9691358024691357,0.0,0.0,0.0,0.0,0.0,0.0,0.0,1.0,9.0,8.0,3.4444444444444446,2.197530864197531,2.0,9.105,36.8975,27.7925,13.068379629627778,5.2845061728370375,9.105,0.0,0.0,0.0,0.0,0.0,0.0,0.0,0.0,0.0,0.0,0.0,0.0,12.0,229.0,217.0,82.38888888888889,93.85185185185186,12.0
-4.928117992693875,1,3.0,57.0,54.0,18.044444444444444,14.530864197530864,8.0,1.0,87.0,86.0,69.25555555555555,23.65925925925926,87.0,6.941,138.90547,131.96447,39.94966953155555,34.531404704691354,15.9994,54.8,2750.0,2695.2,736.3665555555556,945.6852469135803,54.8,1.0,16.0,15.0,12.0,5.333333333333333,16.0,2.0,6.0,4.0,2.9222222222222225,1.2706172839506173,2.0,66.0,207.0,141.0,100.32222222222222,45.762962962962966,66.0,0.93,3.44,2.51,2.762777777777778,0.9029629629629627,3.44,1.0,2.0,1.0,1.7222222222222223,0.4012345679012345,2.0,0.0,4.0,4.0,2.6666666666666665,1.7777777777777777,4.0,0.0,4.0,4.0,0.9444444444444444,1.3641975308641974,0.0,0.0,0.0,0.0,0.0,0.0,0.0,1.0,6.0,5.0,5.333333333333333,0.8888888888888888,6.0,0.0,1.0,1.0,0.2777777777777778,0.4012345679012346,0.0,0.0,2.0,2.0,1.3333333333333333,0.8888888888888888,2.0,0.0,9.0,9.0,1.8333333333333333,2.6481481481481484,0.0,0.0,0.0,0.0,0.0,0.0,0.0,1.0,9.0,8.0,3.4444444444444446,2.197530864197531,2.0,9.105,36.8975,27.7925,13.50337962962778,5.864506172837038,9.105,0.0,0.0,0.0,0.0,0.0,0.0,0.0,0.0,0.0,0.0,0.0,0.0,12.0,229.0,217.0,82.38888888888889,93.85185185185186,12.0
-3.5850266520291822,1,3.0,57.0,54.0,16.870445344129557,12.51464538018981,8.0,1.0,87.0,86.0,63.56275303643725,28.466291858578245,87.0,6.941,138.90547,131.96447,37.78015700404858,30.32486222000033,15.9994,54.8,1941.0,1886.2,603.3064574898788,684.9799491058699,54.8,1.0,16.0,15.0,11.072874493927127,5.984362962841548,16.0,2.0,6.0,4.0,2.9149797570850207,1.226146961923651,2.0,66.0,207.0,141.0,106.21255060728747,48.84115458374995,66.0,0.98,3.44,2.46,2.609473684210527,1.008736415938632,3.44,1.0,2.0,1.0,1.9372469635627534,0.11763018571030474,2.0,0.0,4.0,4.0,2.4291497975708505,1.9079152256224492,4.0,0.0,7.0,7.0,0.6336032388663969,0.8490796439869529,0.0,0.0,0.0,0.0,0.0,0.0,0.0,1.0,9.0,8.0,5.000000000000001,1.3765182186234817,6.0,0.0,1.0,1.0,0.06275303643724697,0.11763018571030505,0.0,0.0,2.0,2.0,1.2145748987854252,0.9539576128112246,2.0,0.0,9.0,9.0,2.665991902834009,3.572645019587275,0.0,0.0,0.0,0.0,0.0,0.0,0.0,1.0,9.0,8.0,3.9433198380566807,2.767903096264486,2.0,9.105,36.8975,27.7925,14.524262820510732,6.755350098616706,9.105,0.0,0.0,0.0,0.0,0.0,0.0,0.0,1.5484712,1.5484712,0.03134967611336033,0.061421924043993534,0.0,12.0,229.0,217.0,85.67004048582996,89.47778196659509,12.0
-3.42021640338319,1,3.0,73.0,70.0,23.778008298755186,22.91687470945748,8.0,1.0,87.0,86.0,64.76141078838174,27.68289113479451,87.0,6.941,180.94788,174.00688,55.91742531120332,57.41291184724781,15.9994,54.8,3290.0,3235.2,807.6353112033195,992.9481957955269,54.8,1.0,16.0,15.0,11.205394190871369,5.968388974019042,16.0,2.0,6.0,4.0,3.103734439834025,1.5479761023398357,2.0,66.0,195.0,129.0,104.5,47.9253112033195,66.0,0.95,3.44,2.49,2.6058921161825728,1.0383085690673368,3.44,1.0,2.0,1.0,1.921161825726141,0.14524543310204727,2.0,0.0,4.0,4.0,2.4896265560165975,1.8801329178216626,4.0,0.0,3.0,3.0,0.5705394190871369,0.9043404900053374,0.0,0.0,14.0,14.0,2.904564315352697,4.603915221845353,0.0,1.0,19.0,18.0,7.885892116182572,4.5079285824968585,6.0,0.0,1.0,1.0,0.07883817427385892,0.14524543310204713,0.0,0.0,2.0,2.0,1.2448132780082988,0.9400664589108313,2.0,0.0,8.0,8.0,1.504149377593361,2.3841703827413436,0.0,0.0,0.0,0.0,0.0,0.0,0.0,0.0,8.0,8.0,2.8278008298755184,1.8349374149894109,2.0,9.105,54.23,45.125,15.896611341629459,8.454287977132108,9.105,0.0,0.0,0.0,0.0,0.0,0.0,0.0,0.0,0.0,0.0,0.0,0.0,12.0,229.0,217.0,91.75726141078837,99.28289802172826,12.0
-4.954677021213342,1,3.0,57.0,54.0,17.955555555555556,14.580246913580247,8.0,1.0,87.0,86.0,69.24444444444445,23.67407407407407,87.0,6.941,138.90547,131.96447,39.77134987288889,34.630471181728396,15.9994,54.8,2750.0,2695.2,737.2867777777778,945.174012345679,54.8,1.0,16.0,15.0,12.0,5.333333333333333,16.0,2.0,6.0,4.0,2.911111111111111,1.2755555555555556,2.0,66.0,207.0,141.0,99.9,45.2,66.0,0.93,3.44,2.51,2.7633333333333336,0.9022222222222219,3.44,1.0,2.0,1.0,1.7222222222222223,0.4012345679012345,2.0,0.0,4.0,4.0,2.6666666666666665,1.7777777777777777,4.0,0.0,4.0,4.0,0.9444444444444444,1.3641975308641974,0.0,0.0,0.0,0.0,0.0,0.0,0.0,1.0,6.0,5.0,5.333333333333333,0.8888888888888888,6.0,0.0,1.0,1.0,0.2777777777777778,0.4012345679012346,0.0,0.0,2.0,2.0,1.3333333333333333,0.8888888888888888,2.0,0.0,9.0,9.0,1.8333333333333333,2.6481481481481484,0.0,0.0,0.0,0.0,0.0,0.0,0.0,1.0,9.0,8.0,3.4444444444444446,2.197530864197531,2.0,9.105,36.8975,27.7925,13.362824074072222,5.677098765429629,9.105,0.0,0.0,0.0,0.0,0.0,0.0,0.0,0.0,0.0,0.0,0.0,0.0,12.0,229.0,217.0,82.38888888888889,93.85185185185186,12.0
-5.0034883278458215,1,3.0,57.0,54.0,17.866666666666667,14.629629629629632,8.0,1.0,87.0,86.0,69.23333333333333,23.688888888888886,87.0,6.941,138.90547,131.96447,39.593030214222225,34.72953765876543,15.9994,54.8,2750.0,2695.2,738.207,944.6627777777778,54.8,1.0,16.0,15.0,12.0,5.333333333333333,16.0,2.0,6.0,4.0,2.9000000000000004,1.2800000000000002,2.0,66.0,207.0,141.0,99.47777777777777,44.63703703703704,66.0,0.93,3.44,2.51,2.763888888888889,0.9014814814814814,3.44,1.0,2.0,1.0,1.7222222222222223,0.4012345679012345,2.0,0.0,4.0,4.0,2.6666666666666665,1.7777777777777777,4.0,0.0,4.0,4.0,0.9444444444444444,1.3641975308641974,0.0,0.0,0.0,0.0,0.0,0.0,0.0,1.0,6.0,5.0,5.333333333333333,0.8888888888888891,6.0,0.0,1.0,1.0,0.2777777777777778,0.4012345679012346,0.0,0.0,2.0,2.0,1.3333333333333333,0.8888888888888888,2.0,0.0,9.0,9.0,1.8333333333333333,2.6481481481481484,0.0,0.0,0.0,0.0,0.0,0.0,0.0,1.0,9.0,8.0,3.4444444444444446,2.197530864197531,2.0,9.105,36.8975,27.7925,13.222268518516668,5.489691358022222,9.105,0.0,0.0,0.0,0.0,0.0,0.0,0.0,0.0,0.0,0.0,0.0,0.0,12.0,229.0,217.0,82.38888888888889,93.85185185185186,12.0
-3.4685210829577446,1,3.0,57.0,54.0,16.384297520661157,11.887046649819002,8.0,1.0,87.0,86.0,64.39669421487604,28.02062700635203,87.0,6.941,138.90547,131.96447,36.55276609504132,28.78317154164674,15.9994,54.8,1941.0,1886.2,600.8070867768596,693.282179239806,54.8,1.0,16.0,15.0,11.152892561983473,6.00881087357421,16.0,2.0,6.0,4.0,2.8842975206611574,1.1948978894884232,2.0,66.0,207.0,141.0,105.48553719008265,48.949013045556995,66.0,0.98,3.44,2.46,2.6346280991735536,0.998394918379892,3.44,1.0,2.0,1.0,1.944214876033058,0.10534628782186997,2.0,0.0,4.0,4.0,2.479338842975207,1.8851171368075952,4.0,0.0,2.0,2.0,0.53099173553719,0.7174970971928147,0.0,0.0,0.0,0.0,0.0,0.0,0.0,1.0,6.0,5.0,4.954545454545455,1.2960180315552214,6.0,0.0,1.0,1.0,0.05578512396694216,0.10534628782187011,0.0,0.0,2.0,2.0,1.2396694214876034,0.9425585684037976,2.0,0.0,9.0,9.0,2.7128099173553717,3.665656375930605,0.0,0.0,0.0,0.0,0.0,0.0,0.0,1.0,9.0,8.0,4.008264462809917,2.825216856772079,2.0,9.105,36.8975,27.7925,14.362970041320455,6.518144679322878,9.105,0.0,0.0,0.0,0.0,0.0,0.0,0.0,2.25333333333e-05,2.25333333333e-05,4.655647382913224e-06,7.387473533217677e-06,0.0,12.0,229.0,217.0,83.14256198347107,88.19325865719554,12.0
-15.0,1,3.0,62.0,59.0,20.562907510263223,18.05180266879622,8.0,1.0,87.0,86.0,70.57160106254528,22.63953896111129,87.0,6.941,150.36,143.419,46.89256406665057,45.07492258482551,15.9994,54.8,1687.0,1632.2,577.8179014730742,655.6423627082553,54.8,1.0,16.0,15.0,12.672059888915722,4.534897577140872,16.0,2.0,6.0,4.0,3.0161796667471625,1.299882125377474,2.0,66.0,198.0,132.0,102.12605650808985,45.05070171643949,66.0,0.98,3.44,2.46,2.6885486597440234,0.9370912149437006,3.44,1.0,2.0,1.0,1.9862352088867425,0.027150643277731895,2.0,0.0,4.0,4.0,2.783868630765516,1.5165666241793958,4.0,0.0,0.0,0.0,0.0,0.0,0.0,0.0,6.0,6.0,1.306930693069307,2.0445054406430745,0.0,1.0,8.0,7.0,6.077034532721566,0.8377275302995169,6.0,0.0,1.0,1.0,0.013764791113257667,0.0271506432777321,0.0,0.0,4.0,4.0,1.8266119294856316,0.8460375949658154,2.0,0.0,0.0,0.0,0.0,0.0,0.0,0.0,8.0,8.0,1.7425742574257426,2.7260072541907654,0.0,1.0,8.0,7.0,3.5829509780246322,2.0451135624279178,2.0,9.105,33.23,24.124999999999996,16.105382757787513,8.729769756390903,9.105,0.0,0.773,0.773,0.11200193190050713,0.19154737544539763,0.0,0.0,0.0,0.0,0.0,0.0,0.0,12.0,229.0,217.0,79.68340980439508,84.40403965947748,12.0
-4.221848749616356,1,3.0,73.0,70.0,21.05,19.270000000000003,8.0,1.0,87.0,86.0,62.75,29.1,87.0,6.941,180.94788,174.00688,48.797727,47.7293378,15.9994,54.8,3290.0,3235.2,785.749,943.5506000000001,54.8,1.0,16.0,15.0,10.95,6.0600000000000005,16.0,2.0,6.0,4.0,3.0,1.4,2.0,66.0,195.0,129.0,104.35,46.019999999999996,66.0,0.95,3.44,2.49,2.565,1.05,3.44,1.0,2.0,1.0,1.85,0.25499999999999995,2.0,0.0,4.0,4.0,2.4,1.9200000000000004,4.0,0.0,5.0,5.0,0.7,1.1199999999999999,0.0,0.0,14.0,14.0,2.1,3.5700000000000003,0.0,1.0,19.0,18.0,7.05,3.5849999999999995,6.0,0.0,1.0,1.0,0.15,0.255,0.0,0.0,2.0,2.0,1.2,0.9600000000000002,2.0,0.0,7.0,7.0,1.3,2.08,0.0,0.0,0.0,0.0,0.0,0.0,0.0,0.0,7.0,7.0,2.65,1.64,2.0,9.105,54.23,45.125,15.82283333333,8.524683333328998,9.105,0.0,0.0,0.0,0.0,0.0,0.0,0.0,0.0,0.0,0.0,0.0,0.0,12.0,229.0,217.0,98.4,103.68000000000002,12.0
-4.0,1,3.0,73.0,70.0,21.15,19.41,8.0,1.0,87.0,86.0,63.05,28.74,87.0,6.941,180.94788,174.00688,48.990172,47.9987608,15.9994,54.8,3290.0,3235.2,767.2990000000001,917.7206,54.8,1.0,16.0,15.0,11.05,5.9399999999999995,16.0,2.0,6.0,4.0,3.0,1.4,2.0,66.0,195.0,129.0,104.0,45.6,66.0,0.95,3.44,2.49,2.5735,1.0398,3.44,1.0,2.0,1.0,1.9,0.18000000000000008,2.0,0.0,4.0,4.0,2.4,1.9200000000000004,4.0,0.0,6.0,6.0,0.75,1.2,0.0,0.0,14.0,14.0,2.1,3.5700000000000003,0.0,1.0,19.0,18.0,7.15,3.6400000000000006,6.0,0.0,1.0,1.0,0.1,0.18000000000000002,0.0,0.0,2.0,2.0,1.2,0.9600000000000002,2.0,0.0,7.0,7.0,1.25,2.0,0.0,0.0,0.0,0.0,0.0,0.0,0.0,0.0,7.0,7.0,2.55,1.48,2.0,9.105,54.23,45.125,15.79983333333,8.540783333329,9.105,0.0,0.0,0.0,0.0,0.0,0.0,0.0,2.1106628,2.1106628,0.10553314,0.20051296600000001,0.0,12.0,229.0,217.0,98.4,103.68000000000002,12.0
-3.306273051076353,1,3.0,57.0,54.0,16.006134969325153,11.644548157627309,8.0,1.0,93.0,92.0,64.31288343558282,28.31751289096315,87.0,6.941,138.90547,131.96447,35.68750031574642,28.223804798648384,15.9994,53.5,1941.0,1887.5,581.2865644171779,663.2599425395509,54.8,1.0,17.0,16.0,11.208588957055214,5.97036646718607,16.0,2.0,6.0,4.0,2.850715746421268,1.1586435319357147,2.0,57.0,207.0,150.0,104.76891615541919,47.863700804195354,66.0,0.98,3.98,3.0,2.627443762781186,1.014670229716336,3.44,1.0,2.0,1.0,1.9325153374233126,0.12586096578719583,2.0,0.0,5.0,5.0,2.4867075664621674,1.8895203683490784,4.0,0.0,2.0,2.0,0.49079754601226994,0.6845070069128182,0.0,0.0,0.0,0.0,0.0,0.0,0.0,1.0,7.0,6.0,4.9100204498977496,1.3701180573851732,6.0,0.0,1.0,1.0,0.06748466257668712,0.1258609657871956,0.0,0.0,5.0,5.0,1.2924335378323109,0.9663392173836676,2.0,0.0,9.0,9.0,2.535787321063395,3.5366195357162273,0.0,0.0,0.0,0.0,0.0,0.0,0.0,1.0,9.0,8.0,3.8957055214723915,2.7495703012282475,2.0,9.105,36.8975,27.7925,14.350674846623518,6.416697153321289,9.105,0.0,1.97,1.97,0.03222903885480572,0.0634035488309266,0.0,0.0,2.25333333333e-05,2.25333333333e-05,4.2394001363263805e-06,6.883606765323408e-06,0.0,12.0,229.0,217.0,85.26175869120655,89.7935689462657,12.0
-3.1904402853647325,1,3.0,57.0,54.0,16.02249488752556,11.65909309512757,8.0,1.0,93.0,92.0,64.23926380368097,28.349881440776844,87.0,6.941,138.90547,131.96447,35.7240779398773,28.251328044819147,15.9994,53.5,1941.0,1887.5,583.3496114519427,666.064419687104,54.8,1.0,17.0,16.0,11.188139059304703,5.984627029830086,16.0,2.0,6.0,4.0,2.852760736196319,1.161428732733637,2.0,57.0,207.0,150.0,104.86707566462168,47.94733210383028,66.0,0.98,3.98,3.0,2.6261963190184052,1.013992246603184,3.44,1.0,2.0,1.0,1.9325153374233128,0.12586096578719563,2.0,0.0,5.0,5.0,2.4826175869120655,1.8904487686150526,4.0,0.0,2.0,2.0,0.49488752556237214,0.6881871521112741,0.0,0.0,0.0,0.0,0.0,0.0,0.0,1.0,7.0,6.0,4.91002044989775,1.366028077835071,6.0,0.0,1.0,1.0,0.06748466257668712,0.1258609657871956,0.0,0.0,5.0,5.0,1.2842535787321063,0.9641060383655136,2.0,0.0,9.0,9.0,2.5521472392638036,3.548998205929215,0.0,0.0,0.0,0.0,0.0,0.0,0.0,1.0,9.0,8.0,3.9038854805725975,2.756621124869836,2.0,9.105,36.8975,27.7925,14.349872188136807,6.41817650896132,9.105,0.0,1.97,1.97,0.02820040899795501,0.055593444323166936,0.0,0.0,2.25333333333e-05,2.25333333333e-05,4.285480572590798e-06,6.94090105008571e-06,0.0,12.0,229.0,217.0,85.19222903885482,89.7205264280427,12.0
-3.9746941347352296,1,3.0,57.0,54.0,16.038854805725975,11.673504209166072,8.0,1.0,93.0,92.0,64.16564417177914,28.381647785012607,87.0,6.941,138.90547,131.96447,35.76065556400818,28.278552087520552,15.9994,53.5,1941.0,1887.5,585.4126584867076,668.8688968346571,54.8,1.0,17.0,16.0,11.167689161554193,5.998720313146901,16.0,2.0,6.0,4.0,2.85480572597137,1.1642139335315593,2.0,57.0,207.0,150.0,104.96523517382413,48.03096340346519,66.0,0.98,3.98,3.0,2.624948875255624,1.0133142634900323,3.44,1.0,2.0,1.0,1.9325153374233128,0.12586096578719566,2.0,0.0,5.0,5.0,2.4785276073619635,1.8913771688810266,4.0,0.0,2.0,2.0,0.49897750511247446,0.6918338414442897,0.0,0.0,0.0,0.0,0.0,0.0,0.0,1.0,7.0,6.0,4.910020449897751,1.3619380982849685,6.0,0.0,1.0,1.0,0.06748466257668713,0.12586096578719563,0.0,0.0,5.0,5.0,1.2760736196319018,0.9618728593473598,2.0,0.0,9.0,9.0,2.568507157464213,3.561243052680443,0.0,0.0,0.0,0.0,0.0,0.0,0.0,1.0,9.0,8.0,3.912065439672802,2.763671948511423,2.0,9.105,36.8975,27.7925,14.3490695296501,6.419655864601352,9.105,0.0,1.97,1.97,0.024171779141104296,0.047750385787948366,0.0,0.0,2.25333333333e-05,2.25333333333e-05,4.331561008855215e-06,6.9978183987640485e-06,0.0,12.0,229.0,217.0,85.12269938650307,89.64748390981971,12.0
-3.206209615309181,1,3.0,57.0,54.0,16.07157464212679,11.701924966857787,8.0,1.0,93.0,92.0,64.01840490797547,28.443373856750345,87.0,6.941,138.90547,131.96447,35.83381081226994,28.332102562515217,15.9994,53.5,1941.0,1887.5,589.5387525562372,674.4778511297629,54.8,1.0,17.0,16.0,11.12678936605317,6.026405041798922,16.0,2.0,6.0,4.0,2.8588957055214728,1.1697843351274042,2.0,57.0,207.0,150.0,105.16155419222902,48.19822600273501,66.0,0.98,3.98,3.0,2.6224539877300614,1.0119582972637284,3.44,1.0,2.0,1.0,1.9325153374233133,0.12586096578719527,2.0,0.0,5.0,5.0,2.4703476482617583,1.893233969412975,4.0,0.0,2.0,2.0,0.5071574642126789,0.6990268525139993,0.0,0.0,0.0,0.0,0.0,0.0,0.0,1.0,7.0,6.0,4.91002044989775,1.3537581391847644,6.0,0.0,1.0,1.0,0.06748466257668713,0.12586096578719563,0.0,0.0,5.0,5.0,1.259713701431493,0.9574065013110519,2.0,0.0,9.0,9.0,2.6012269938650308,3.5853312757976092,0.0,0.0,0.0,0.0,0.0,0.0,0.0,1.0,9.0,8.0,3.928425357873211,2.777773595794598,2.0,9.105,36.8975,27.7925,14.347464212676691,6.4226145758814175,9.105,0.0,1.97,1.97,0.016114519427402864,0.031965406635134516,0.0,0.0,2.25333333333e-05,2.25333333333e-05,4.4237218813840496e-06,7.110522287868841e-06,0.0,12.0,229.0,217.0,84.9836400817996,89.50139887337374,12.0
-3.032452023781138,1,3.0,57.0,54.0,16.0879345603272,11.715934610510995,8.0,1.0,93.0,92.0,63.944785276073624,28.473333584252323,87.0,6.941,138.90547,131.96447,35.870388436400816,28.358428994808484,15.9994,53.5,1941.0,1887.5,591.601799591002,677.2823282773156,54.8,1.0,17.0,16.0,11.106339468302657,6.039996487134129,16.0,2.0,6.0,4.0,2.8609406952965233,1.1725695359253263,2.0,57.0,207.0,150.0,105.25971370143148,48.28185730236992,66.0,0.98,3.98,3.0,2.6212065439672805,1.0112803141505762,3.44,1.0,2.0,1.0,1.9325153374233128,0.12586096578719563,2.0,0.0,5.0,5.0,2.4662576687116564,1.8941623696789487,4.0,0.0,2.0,2.0,0.5112474437627811,0.7025731742506931,0.0,0.0,0.0,0.0,0.0,0.0,0.0,1.0,7.0,6.0,4.91002044989775,1.3496681596346618,6.0,0.0,1.0,1.0,0.06748466257668712,0.1258609657871956,0.0,0.0,5.0,5.0,1.2515337423312884,0.9551733222928975,2.0,0.0,9.0,9.0,2.6175869120654394,3.5971746521635484,0.0,0.0,0.0,0.0,0.0,0.0,0.0,1.0,9.0,8.0,3.936605316973415,2.784824419436185,2.0,9.105,36.8975,27.7925,14.346661554189978,6.424093931521447,9.105,0.0,1.97,1.97,0.012085889570552146,0.024023486017539234,0.0,0.0,2.25333333333e-05,2.25333333333e-05,4.469802317648465e-06,7.166308828295289e-06,0.0,12.0,229.0,217.0,84.91411042944785,89.42835635515073,12.0
-2.9746941347352296,1,3.0,57.0,54.0,16.10429447852761,11.72981043070245,8.0,1.0,93.0,92.0,63.87116564417178,28.50269110617637,87.0,6.941,138.90547,131.96447,35.906966060531694,28.38445622363239,15.9994,53.5,1941.0,1887.5,593.664846625767,680.0868054248688,54.8,1.0,17.0,16.0,11.085889570552148,6.053420653142134,16.0,2.0,6.0,4.0,2.8629856850715747,1.1753547367232489,2.0,57.0,207.0,150.0,105.35787321063397,48.36548860200485,66.0,0.98,3.98,3.0,2.619959100204499,1.0106023310374246,3.44,1.0,2.0,1.0,1.9325153374233128,0.12586096578719566,2.0,0.0,5.0,5.0,2.462167689161554,1.8950907699449233,4.0,0.0,2.0,2.0,0.5153374233128835,0.7060860401219466,0.0,0.0,0.0,0.0,0.0,0.0,0.0,1.0,7.0,6.0,4.91002044989775,1.3455781800845596,6.0,0.0,1.0,1.0,0.06748466257668713,0.12586096578719563,0.0,0.0,5.0,5.0,1.2433537832310837,0.9529401432747441,2.0,0.0,9.0,9.0,2.633946830265849,3.6088842050677274,0.0,0.0,0.0,0.0,0.0,0.0,0.0,1.0,9.0,8.0,3.9447852760736195,2.7918752430777722,2.0,9.105,36.8975,27.7925,14.345858895703271,6.425573287161479,9.105,0.0,1.97,1.97,0.008057259713701432,0.01604861137248506,0.0,0.0,2.25333333333e-05,2.25333333333e-05,4.515882753912884e-06,7.221718432637782e-06,0.0,12.0,229.0,217.0,84.84458077709613,89.35531383692775,12.0
-3.0087739243075053,1,3.0,57.0,54.0,16.120654396728018,11.743552427432135,8.0,1.0,93.0,92.0,63.797546012269926,28.53144642252249,87.0,6.941,138.90547,131.96447,35.94354368466258,28.410184248986916,15.9994,53.5,1941.0,1887.5,595.7278936605315,682.8912825724215,54.8,1.0,17.0,16.0,11.065439672801636,6.066677539822934,16.0,2.0,6.0,4.0,2.865030674846625,1.178139937521171,2.0,57.0,207.0,150.0,105.4560327198364,48.449119901639754,66.0,0.98,3.98,3.0,2.6187116564417177,1.0099243479242725,3.44,1.0,2.0,1.0,1.9325153374233126,0.12586096578719583,2.0,0.0,5.0,5.0,2.458077709611452,1.8960191702108975,4.0,0.0,2.0,2.0,0.5194274028629856,0.7095654501277596,0.0,0.0,0.0,0.0,0.0,0.0,0.0,1.0,7.0,6.0,4.91002044989775,1.3414882005344575,6.0,0.0,1.0,1.0,0.06748466257668712,0.1258609657871956,0.0,0.0,5.0,5.0,1.2351738241308792,0.9507069642565897,2.0,0.0,9.0,9.0,2.6503067484662575,3.620459934510143,0.0,0.0,0.0,0.0,0.0,0.0,0.0,1.0,9.0,8.0,3.9529652351738243,2.7989260667193596,2.0,9.105,36.8975,27.7925,14.345056237216564,6.4270526428015105,9.105,0.0,1.97,1.97,0.004028629856850715,0.00804078269997198,0.0,0.0,2.25333333333e-05,2.25333333333e-05,4.5619631901773e-06,7.276751100896308e-06,0.0,12.0,229.0,217.0,84.77505112474437,89.28227131870474,12.0
-3.75448733218585,1,3.0,57.0,54.0,16.055214723926383,11.68778149974281,8.0,1.0,93.0,92.0,64.09202453987731,28.412811923670436,87.0,6.941,138.90547,131.96447,35.79723318813907,28.305476926752572,15.9994,53.5,1941.0,1887.5,587.4757055214724,671.6733739822099,54.8,1.0,17.0,16.0,11.147239263803682,6.012646317136513,16.0,2.0,6.0,4.0,2.856850715746422,1.166999134329482,2.0,57.0,207.0,150.0,105.06339468302662,48.11459470310012,66.0,0.98,3.98,3.0,2.623701431492843,1.0126362803768805,3.44,1.0,2.0,1.0,1.9325153374233133,0.12586096578719527,2.0,0.0,5.0,5.0,2.4744376278118616,1.8923055691470014,4.0,0.0,2.0,2.0,0.5030674846625767,0.6954470749118647,0.0,0.0,0.0,0.0,0.0,0.0,0.0,1.0,7.0,6.0,4.910020449897752,1.357848118734866,6.0,0.0,1.0,1.0,0.06748466257668713,0.12586096578719563,0.0,0.0,5.0,5.0,1.2678936605316975,0.9596396803292058,2.0,0.0,9.0,9.0,2.584867075664622,3.5733540759699065,0.0,0.0,0.0,0.0,0.0,0.0,0.0,1.0,9.0,8.0,3.9202453987730066,2.7707227721530105,2.0,9.105,36.8975,27.7925,14.348266871163396,6.421135220241385,9.105,0.0,1.97,1.97,0.02014314928425358,0.03987437322527089,0.0,0.0,2.25333333333e-05,2.25333333333e-05,4.377641445119632e-06,7.054358811358427e-06,0.0,12.0,229.0,217.0,85.05316973415133,89.57444139159674,12.0
-3.96657624451305,1,3.0,57.0,54.0,17.54320987654321,12.91886399430981,8.0,1.0,87.0,86.0,64.69135802469135,27.541533302850173,87.0,6.941,138.90547,131.96447,39.373924773662544,31.393345690528204,15.9994,54.8,1941.0,1886.2,611.8541358024692,700.0878984402784,54.8,1.0,16.0,15.0,11.25514403292181,5.857846872936036,16.0,2.0,6.0,4.0,2.962962962962963,1.264136564548087,2.0,66.0,207.0,141.0,106.50411522633745,50.00508052634253,66.0,0.98,3.44,2.46,2.6372839506172836,0.9910074683737237,3.44,1.0,2.0,1.0,1.9609053497942388,0.07513251706210086,2.0,0.0,4.0,4.0,2.4691358024691357,1.8899557994208203,4.0,0.0,7.0,7.0,0.6522633744855968,0.8562634422259481,0.0,0.0,0.0,0.0,0.0,0.0,0.0,1.0,9.0,8.0,5.082304526748971,1.2941794103202426,6.0,0.0,1.0,1.0,0.03909465020576131,0.07513251706210095,0.0,0.0,2.0,2.0,1.2345679012345678,0.9449778997104101,2.0,0.0,9.0,9.0,2.7839506172839505,3.6546512218665845,0.0,0.0,0.0,0.0,0.0,0.0,0.0,1.0,9.0,8.0,4.05761316872428,2.822858981523819,2.0,9.105,36.8975,27.7925,14.657316529491151,7.036288576717108,9.105,0.0,0.0,0.0,0.0,0.0,0.0,0.0,1.5484712,1.5484712,0.03186572016460905,0.06241174814137412,0.0,12.0,229.0,217.0,83.02263374485597,87.68226388253822,12.0
-8.452225294612177,1,3.0,73.0,70.0,22.956521739130434,21.75803402646503,8.0,1.0,87.0,86.0,67.82608695652175,25.009451795841212,87.0,6.941,180.94788,174.00688,53.557713043478266,55.3870291115312,15.9994,54.8,3290.0,3235.2,867.6386956521741,1096.2199243856335,54.8,1.0,16.0,15.0,11.73913043478261,5.557655954631381,16.0,2.0,6.0,4.0,3.0434782608695654,1.4517958412098302,2.0,66.0,176.0,110.0,100.86956521739131,45.482041587901705,66.0,0.98,3.44,2.46,2.699130434782609,0.966351606805293,3.44,1.0,2.0,1.0,1.956521739130435,0.08317580340264628,2.0,0.0,4.0,4.0,2.608695652173913,1.8147448015122873,4.0,0.0,3.0,3.0,0.6521739130434783,1.0207939508506616,0.0,0.0,14.0,14.0,3.0434782608695654,4.763705103969754,0.0,1.0,19.0,18.0,8.260869565217392,4.669187145557657,6.0,0.0,1.0,1.0,0.04347826086956522,0.08317580340264652,0.0,0.0,2.0,2.0,1.3043478260869565,0.9073724007561437,2.0,0.0,7.0,7.0,1.5217391304347827,2.381852551984877,0.0,0.0,0.0,0.0,0.0,0.0,0.0,0.0,7.0,7.0,2.869565217391304,1.7958412098298677,2.0,9.105,37.77,28.665000000000003,13.882971014491305,6.232136105858224,9.105,0.0,0.0,0.0,0.0,0.0,0.0,0.0,0.0,0.0,0.0,0.0,0.0,12.0,229.0,217.0,87.1304347826087,97.99621928166354,12.0
-6.236572006437063,1,3.0,48.0,45.0,22.42307692307692,9.837278106508874,17.0,1.0,94.0,93.0,85.8076923076923,12.603550295857989,94.0,6.941,112.411,105.47,49.156,24.32884615384615,35.453,171.6,594.22,422.62,263.72269230769234,141.72721893491126,171.6,1.0,17.0,16.0,15.423076923076923,2.42603550295858,17.0,2.0,5.0,3.0,3.346153846153846,0.6360946745562128,3.0,102.0,144.0,42.0,111.07692307692308,13.96449704142012,102.0,0.98,3.16,2.18,2.793461538461538,0.5639053254437872,3.16,1.0,2.0,1.0,1.9615384615384612,0.07396449704142041,2.0,0.0,5.0,5.0,3.846153846153846,1.775147928994083,5.0,0.0,10.0,10.0,1.923076923076923,3.1065088757396446,0.0,0.0,0.0,0.0,0.0,0.0,0.0,1.0,12.0,11.0,7.730769230769231,1.6420118343195265,7.0,0.0,1.0,1.0,0.038461538461538464,0.07396449704142012,0.0,0.0,1.0,1.0,0.7692307692307692,0.35502958579881655,1.0,0.0,0.0,0.0,0.0,0.0,0.0,0.0,0.0,0.0,0.0,0.0,0.0,0.0,1.0,1.0,0.8076923076923077,0.3106508875739645,1.0,16.5933333333,24.4975,7.9041666667,23.231474358973074,1.947731755426036,24.4975,0.0,2.493,2.493,1.9176923076923076,0.8850887573964497,2.493,0.0,0.0,0.0,0.0,0.0,0.0,64.0,229.0,165.0,95.34615384615384,48.22485207100591,64.0
-8.853871964321762,1,3.0,16.0,13.0,9.2,6.2,3.0,1.0,88.0,87.0,43.0,42.0,1.0,6.941,32.065,25.124,18.99465386,12.05365386,6.941,388.36,933.47,545.11,475.53600000000006,91.58680000000004,453.69,1.0,16.0,15.0,8.2,7.2,1.0,2.0,3.0,1.0,2.5,0.5,2.0,105.0,128.0,23.0,118.1,10.48,128.0,0.98,2.58,1.6,1.6830000000000003,0.7176000000000001,0.98,1.0,2.0,1.0,1.5,0.5,1.0,0.0,4.0,4.0,1.7,1.8399999999999999,0.0,0.0,0.0,0.0,0.0,0.0,0.0,0.0,0.0,0.0,0.0,0.0,0.0,1.0,6.0,5.0,3.2,2.2399999999999998,1.0,0.0,1.0,1.0,0.5,0.5,1.0,0.0,5.0,5.0,1.3,1.3,0.0,0.0,0.0,0.0,0.0,0.0,0.0,0.0,0.0,0.0,0.0,0.0,0.0,1.0,5.0,4.0,1.8,0.8,1.0,16.48,25.786875,9.306874999999998,20.259416666649997,4.4219666666799995,16.5933333333,0.0,2.202,2.202,0.8808,1.05696,0.0,0.0,0.0,0.0,0.0,0.0,0.0,70.0,229.0,159.0,165.0,76.0,229.0
-8.4089353929735,1,3.0,83.0,80.0,12.545454545454545,12.809917355371901,3.0,1.0,87.0,86.0,47.81818181818182,42.56198347107438,1.0,6.941,208.9804,202.0394,29.42567272727273,32.64631404958678,6.941,54.8,544.4,489.59999999999997,280.6227272727273,205.29338842975204,54.8,1.0,16.0,15.0,9.090909090909092,7.355371900826446,1.0,2.0,6.0,4.0,2.3636363636363638,0.6611570247933884,2.0,66.0,148.0,82.0,101.63636363636364,32.396694214876035,66.0,0.98,3.44,2.46,2.1927272727272724,1.133884297520661,0.98,1.0,2.0,1.0,1.5454545454545454,0.4958677685950414,1.0,0.0,4.0,4.0,2.090909090909091,1.9008264462809918,0.0,0.0,10.0,10.0,0.9090909090909091,1.652892561983471,0.0,0.0,14.0,14.0,1.2727272727272727,2.3140495867768593,0.0,1.0,29.0,28.0,5.818181818181818,4.380165289256198,1.0,0.0,1.0,1.0,0.45454545454545453,0.4958677685950413,0.0,0.0,3.0,3.0,1.1818181818181819,1.0743801652892562,0.0,0.0,0.0,0.0,0.0,0.0,0.0,0.0,0.0,0.0,0.0,0.0,0.0,1.0,3.0,2.0,1.6363636363636365,0.5785123966942148,1.0,9.105,32.95,23.845000000000002,14.6765151515,5.065013774090908,9.105,0.0,0.0,0.0,0.0,0.0,0.0,0.0,0.0,0.0,0.0,0.0,0.0,12.0,229.0,217.0,110.63636363636364,107.60330578512395,12.0
-6.721246399047171,1,3.0,23.0,20.0,9.974358974358974,4.21827744904668,8.0,1.0,87.0,86.0,71.15384615384616,23.14792899408284,87.0,6.941,50.9415,44.000499999999995,20.725619794871793,9.351403797501645,15.9994,54.8,2183.0,2128.2,364.60128205128206,395.84812623274166,54.8,1.0,16.0,15.0,12.794871794871796,4.6232741617357,16.0,2.0,4.0,2.0,2.358974358974359,0.5338593030900723,2.0,66.0,153.0,87.0,89.17948717948718,28.528599605522686,66.0,0.98,3.44,2.46,2.7466666666666666,0.8533333333333334,3.44,1.0,2.0,1.0,1.8717948717948718,0.2235371466140697,2.0,0.0,4.0,4.0,2.923076923076923,1.3491124260355032,4.0,0.0,3.0,3.0,0.3076923076923077,0.5522682445759369,0.0,0.0,0.0,0.0,0.0,0.0,0.0,1.0,6.0,5.0,5.102564102564102,1.1045364891518739,6.0,0.0,1.0,1.0,0.1282051282051282,0.2235371466140697,0.0,0.0,3.0,3.0,1.6923076923076923,0.7810650887573964,2.0,0.0,7.0,7.0,0.717948717948718,1.2886259040105195,0.0,0.0,0.0,0.0,0.0,0.0,0.0,1.0,7.0,6.0,2.5384615384615383,1.0571992110453647,2.0,9.105,22.5702380952,13.4652380952,12.537130647120515,4.224160796456015,9.105,0.0,1.625,1.625,0.25,0.4230769230769231,0.0,0.0,0.0,0.0,0.0,0.0,0.0,2.0,229.0,227.0,60.53846153846154,77.75147928994083,12.0
-2.853871964321762,1,3.0,40.0,37.0,15.68421052631579,6.67590027700831,17.0,1.0,94.0,93.0,62.578947368421055,39.689750692520775,94.0,6.941,91.224,84.283,33.69846578947369,14.082876731301939,35.453,171.6,2128.0,1956.4,434.4552631578947,332.0277008310249,171.6,1.0,17.0,16.0,11.368421052631579,7.113573407202215,17.0,2.0,5.0,3.0,2.9473684210526314,0.49861495844875353,3.0,102.0,190.0,88.0,117.3157894736842,19.346260387811633,102.0,0.98,3.16,2.18,2.3878947368421053,0.9752908587257617,3.16,1.0,2.0,1.0,1.736842105263158,0.3878116343490305,2.0,0.0,5.0,5.0,3.1578947368421053,2.3268698060941833,5.0,0.0,2.0,2.0,0.15789473684210525,0.2825484764542936,0.0,0.0,0.0,0.0,0.0,0.0,0.0,1.0,7.0,6.0,5.052631578947368,2.459833795013851,7.0,0.0,1.0,1.0,0.2631578947368421,0.3878116343490305,0.0,0.0,1.0,1.0,0.631578947368421,0.4653739612188366,1.0,0.0,9.0,9.0,0.8947368421052632,1.601108033240997,0.0,0.0,0.0,0.0,0.0,0.0,0.0,1.0,9.0,8.0,1.7894736842105263,1.4127423822714682,1.0,16.5933333333,32.365,15.771666666700003,22.762982456131578,3.247183748858726,24.4975,0.0,2.493,2.493,1.5745263157894736,1.1601772853185597,2.493,0.0,0.0,0.0,0.0,0.0,0.0,64.0,229.0,165.0,121.10526315789474,72.13296398891966,64.0
-7.761953896871205,1,3.0,22.0,19.0,10.418853776111407,5.450115983764853,8.0,1.0,87.0,86.0,60.89180503481521,30.03566487620286,87.0,6.941,47.867,40.925999999999995,21.91444795572219,12.180406957833712,15.9994,54.8,1941.0,1886.2,579.5623388680592,645.1969419710772,54.8,1.0,16.0,15.0,10.284234958043205,6.53113663069514,16.0,2.0,4.0,2.0,2.4809855382967325,0.7237539933520555,2.0,66.0,160.0,94.0,100.23067309409033,39.11378464598789,66.0,0.98,3.44,2.46,2.5208534190323153,1.0502656879473629,3.44,1.0,2.0,1.0,1.818960899839314,0.2965278887473899,2.0,0.0,4.0,4.0,2.2853061953222635,1.959300187455367,4.0,0.0,2.0,2.0,0.4667023745759685,0.7155936427170894,0.0,0.0,0.0,0.0,0.0,0.0,0.0,1.0,6.0,5.0,4.5709694697375465,1.6328861620567219,6.0,0.0,1.0,1.0,0.18103910016068558,0.2965278887473896,0.0,0.0,2.0,2.0,1.1426530976611318,0.9796500937276835,2.0,0.0,8.0,8.0,1.866809498303874,2.8623745708683574,0.0,0.0,0.0,0.0,0.0,0.0,0.0,0.0,8.0,8.0,3.1905016961256916,2.2446042789372327,2.0,9.105,22.89,13.785,12.427543295833992,3.796514389097939,9.105,0.0,0.0,0.0,0.0,0.0,0.0,0.0,2.25333333333e-05,2.25333333333e-05,5.258180086881467e-06,8.06235504126728e-06,0.0,12.0,229.0,217.0,96.35493661846098,96.38842963009289,12.0
-2.913640169325252,1,3.0,22.0,19.0,9.956989247311828,3.796855127760435,8.0,1.0,87.0,86.0,74.48387096774194,18.896982310093655,87.0,6.941,47.867,40.925999999999995,20.50513159032258,8.293312127679501,15.9994,54.8,1941.0,1886.2,310.0222580645161,329.31904266389176,54.8,1.0,16.0,15.0,13.38709677419355,3.891779396462018,16.0,2.0,4.0,2.0,2.349462365591398,0.5147993987744248,2.0,66.0,160.0,94.0,87.25268817204301,27.42282344779743,66.0,0.98,3.44,2.46,2.8205913978494626,0.7992369060006937,3.44,1.0,2.0,1.0,1.9086021505376345,0.16608856515204065,2.0,0.0,4.0,4.0,3.080645161290323,1.186264308012487,4.0,0.0,2.0,2.0,0.17204301075268819,0.3144872239565268,0.0,0.0,0.0,0.0,0.0,0.0,0.0,1.0,6.0,5.0,5.161290322580645,1.0822060353798129,6.0,0.0,1.0,1.0,0.0913978494623656,0.1660885651520407,0.0,0.0,5.0,5.0,1.8548387096774195,0.6581685744016649,2.0,0.0,8.0,8.0,0.6881720430107527,1.2579488958261071,0.0,0.0,0.0,0.0,0.0,0.0,0.0,1.0,8.0,7.0,2.634408602150538,1.117354607469072,2.0,9.105,22.5702380952,13.4652380952,12.732654889903763,4.680845019230662,9.105,0.0,1.625,1.625,0.2620967741935484,0.4396462018730489,0.0,0.0,2.25333333333e-05,2.25333333333e-05,1.9383512544774195e-06,3.543222723238294e-06,0.0,2.0,229.0,227.0,49.31182795698925,63.40617412417621,12.0
-3.5783960731301687,1,3.0,32.0,29.0,10.524064171122994,4.607452314907489,8.0,1.0,87.0,86.0,77.45989304812834,14.235694472246854,87.0,6.941,72.64,65.699,21.926891070588233,10.332182638188108,15.9994,54.8,1211.4,1156.6000000000001,246.47176470588232,245.99584775086504,54.8,1.0,16.0,15.0,14.224598930481283,2.5273813949498125,16.0,2.0,4.0,2.0,2.336898395721925,0.4936372215390775,2.0,66.0,128.0,62.0,84.02673796791443,23.135920386628154,66.0,0.98,3.44,2.46,2.8479144385026736,0.759895907804055,3.44,1.0,2.0,1.0,1.909090909090909,0.16528925619834722,2.0,0.0,4.0,4.0,3.2245989304812834,0.9951671480454116,4.0,0.0,10.0,10.0,0.6951871657754011,1.2937172924590352,0.0,0.0,0.0,0.0,0.0,0.0,0.0,1.0,14.0,13.0,5.828877005347594,1.3557150619119793,6.0,0.0,1.0,1.0,0.0909090909090909,0.16528925619834708,0.0,0.0,5.0,5.0,2.229946524064171,0.7005633561154164,2.0,0.0,0.0,0.0,0.0,0.0,0.0,0.0,0.0,0.0,0.0,0.0,0.0,1.0,5.0,4.0,2.320855614973262,0.6519488689982557,2.0,9.105,23.005,13.899999999999999,13.188335879797327,5.240644979419027,9.105,0.0,1.625,1.625,0.2873208556149733,0.4425048471503331,0.0,0.0,0.0,0.0,0.0,0.0,0.0,2.0,229.0,227.0,52.90374331550802,68.82953473076152,12.0
-7.219682687859849,1,3.0,22.0,19.0,10.362857142857141,5.5193306122448975,8.0,1.0,87.0,86.0,60.10285714285715,30.739591836734693,87.0,6.941,47.867,40.925999999999995,21.82253714285714,12.352516669387752,15.9994,54.8,1941.0,1886.2,578.4578,646.2343005714285,54.8,1.0,16.0,15.0,10.282857142857143,6.533877551020408,16.0,2.0,4.0,2.0,2.474285714285714,0.7236244897959183,2.0,66.0,160.0,94.0,100.16,39.04,66.0,0.98,3.44,2.46,2.5185142857142857,1.0531265306122448,3.44,1.0,2.0,1.0,1.8085714285714285,0.3095673469387755,2.0,0.0,4.0,4.0,2.2857142857142856,1.959183673469388,4.0,0.0,2.0,2.0,0.47428571428571425,0.7236244897959184,0.0,0.0,0.0,0.0,0.0,0.0,0.0,1.0,6.0,5.0,4.5685714285714285,1.6359183673469389,6.0,0.0,1.0,1.0,0.19142857142857145,0.30956734693877547,0.0,0.0,2.0,2.0,1.1428571428571428,0.979591836734694,2.0,0.0,8.0,8.0,1.897142857142857,2.8944979591836737,0.0,0.0,0.0,0.0,0.0,0.0,0.0,1.0,8.0,7.0,3.231428571428571,2.2616653061224485,2.0,9.105,16.69,7.585000000000001,12.337209523803143,3.693953741489306,9.105,0.0,0.0,0.0,0.0,0.0,0.0,0.0,2.25333333333e-05,2.25333333333e-05,5.343619047611143e-06,8.152835918355286e-06,0.0,12.0,229.0,217.0,96.7,96.80000000000003,12.0
-3.863279432843593,1,3.0,32.0,29.0,10.382978723404255,4.455862381167949,8.0,1.0,87.0,86.0,77.02127659574468,14.89950203712087,87.0,6.941,72.64,65.699,21.604314727659574,9.963079068266184,15.9994,54.8,1211.4,1156.6000000000001,246.09563829787237,244.2071978270711,54.8,1.0,16.0,15.0,14.148936170212766,2.6346763241285656,16.0,2.0,4.0,2.0,2.3297872340425534,0.4841557265731101,2.0,66.0,128.0,62.0,84.26595744680851,23.318243549117252,66.0,0.98,3.44,2.46,2.8358510638297876,0.7712539610683566,3.44,1.0,2.0,1.0,1.9042553191489364,0.17315527387958332,2.0,0.0,4.0,4.0,3.202127659574468,1.0185604345857855,4.0,0.0,10.0,10.0,0.6382978723404256,1.1951109099139885,0.0,0.0,0.0,0.0,0.0,0.0,0.0,1.0,14.0,13.0,5.74468085106383,1.3798098687188773,6.0,0.0,1.0,1.0,0.09574468085106384,0.17315527387958354,0.0,0.0,5.0,5.0,2.2234042553191493,0.7109551833408784,2.0,0.0,0.0,0.0,0.0,0.0,0.0,0.0,0.0,0.0,0.0,0.0,0.0,1.0,5.0,4.0,2.319148936170213,0.6600271616115891,2.0,9.105,23.005,13.899999999999999,13.171740121571279,5.191583133920778,9.105,0.0,1.625,1.625,0.28375531914893615,0.4407263467632413,0.0,0.0,0.0,0.0,0.0,0.0,0.0,2.0,229.0,227.0,53.8404255319149,69.95812584880038,12.0
-3.619788758288394,1,3.0,24.0,21.0,10.212765957446809,4.20597555454957,8.0,1.0,87.0,86.0,73.70212765957447,19.943413309189676,87.0,6.941,51.9961,45.055099999999996,21.087508829787232,9.204364026708918,15.9994,54.8,2180.0,2125.2,345.7096808510638,380.4409800814849,54.8,1.0,16.0,15.0,13.212765957446809,4.12856496152105,16.0,2.0,4.0,2.0,2.3723404255319154,0.546627433227705,2.0,66.0,160.0,94.0,87.58510638297872,27.55545495699412,66.0,0.98,3.44,2.46,2.8079787234042555,0.8068356722498867,3.44,1.0,2.0,1.0,1.8617021276595744,0.23834314169307383,2.0,0.0,4.0,4.0,3.0319148936170213,1.2358533272974197,4.0,0.0,5.0,5.0,0.3404255319148936,0.6084200995925758,0.0,0.0,0.0,0.0,0.0,0.0,0.0,1.0,6.0,5.0,5.23404255319149,1.0430058850158443,6.0,0.0,1.0,1.0,0.13829787234042554,0.2383431416930738,0.0,0.0,3.0,3.0,1.7553191489361704,0.7095971027614305,2.0,0.0,8.0,8.0,0.7234042553191489,1.2928927116342237,0.0,0.0,0.0,0.0,0.0,0.0,0.0,1.0,8.0,7.0,2.617021276595745,1.097329108193753,2.0,9.105,22.5702380952,13.4652380952,12.543548632209577,4.50483218003006,9.105,0.0,1.625,1.625,0.2593085106382979,0.4358589859665007,0.0,0.0,2.25333333333e-05,2.25333333333e-05,1.438297872338298e-06,2.6929832503355368e-06,0.0,2.0,229.0,227.0,52.03191489361703,67.07220461747397,12.0
-12.853871964321762,1,3.0,15.0,12.0,7.0270967741935495,2.9940212278876173,8.0,1.0,87.0,86.0,54.43483870967743,39.714151092611864,87.0,6.941,30.973762,24.032762,14.529360258064518,5.658748381768991,15.9994,54.8,453.69,398.89,237.05267096774193,181.7194417148804,54.8,1.0,16.0,15.0,10.278709677419355,6.896176482830385,16.0,2.0,3.0,1.0,2.1290322580645165,0.22476586888657674,2.0,66.0,128.0,62.0,94.42064516129034,28.203328199791883,66.0,0.98,3.44,2.46,2.357316129032258,1.0668352466181064,3.44,1.0,2.0,1.0,1.6283870967741936,0.46703350676378774,2.0,0.0,4.0,4.0,2.3664516129032265,1.7588079084287203,4.0,0.0,0.0,0.0,0.0,0.0,0.0,0.0,0.0,0.0,0.0,0.0,0.0,1.0,6.0,5.0,3.9948387096774196,2.225841415192508,6.0,0.0,1.0,1.0,0.3716129032258065,0.4670335067637878,0.0,0.0,3.0,3.0,1.4038709677419356,1.0433931321540062,2.0,0.0,0.0,0.0,0.0,0.0,0.0,0.0,0.0,0.0,0.0,0.0,0.0,1.0,3.0,2.0,1.775483870967742,0.5763596253902186,2.0,9.105,22.5702380952,13.4652380952,13.727524270336003,4.449552394413749,9.105,0.0,6.437,6.437,0.3259587096774194,0.5560224699271593,0.0,0.0,0.0,0.0,0.0,0.0,0.0,2.0,229.0,227.0,94.63741935483871,103.45161123829347,12.0
-7.060480747381382,1,3.0,7.0,4.0,4.666666666666667,1.6666666666666667,3.0,1.0,82.0,81.0,39.833333333333336,38.833333333333336,1.0,6.941,14.0067,7.0657000000000005,9.941233333333335,3.000233333333334,6.941,63.05,2348.0,2284.95,639.1949999999999,569.6016666666666,453.69,1.0,15.0,14.0,7.666666666666667,6.666666666666667,1.0,2.0,2.0,0.0,2.0,0.0,2.0,71.0,128.0,57.0,101.66666666666667,26.333333333333332,128.0,0.98,3.04,2.06,1.8433333333333335,0.8633333333333333,0.98,1.0,2.0,1.0,1.5,0.5,1.0,0.0,3.0,3.0,1.1666666666666667,1.2222222222222223,0.0,0.0,0.0,0.0,0.0,0.0,0.0,0.0,0.0,0.0,0.0,0.0,0.0,1.0,5.0,4.0,2.6666666666666665,1.6666666666666667,1.0,0.0,1.0,1.0,0.5,0.5,1.0,0.0,5.0,5.0,1.8333333333333333,1.8333333333333337,0.0,0.0,0.0,0.0,0.0,0.0,0.0,0.0,0.0,0.0,0.0,0.0,0.0,1.0,5.0,4.0,2.3333333333333335,1.3333333333333333,1.0,7.1725,16.5933333333,9.4208333333,14.414999999983332,2.414166666661112,16.5933333333,0.0,6.437,6.437,2.3996666666666666,2.691555555555555,0.0,0.0,0.0,0.0,0.0,0.0,0.0,166.0,229.0,63.0,206.83333333333334,22.166666666666668,229.0
-9.387216143280265,1,3.0,83.0,80.0,15.5,16.875,8.0,1.0,87.0,86.0,54.625,40.21875,87.0,6.941,208.9804,202.0394,36.725125,43.06381875,15.9994,54.8,544.4,489.59999999999997,265.58374999999995,210.78375,54.8,1.0,16.0,15.0,10.25,6.9375,16.0,2.0,6.0,4.0,2.5,0.875,2.0,66.0,148.0,82.0,99.5,33.5,66.0,0.98,3.44,2.46,2.34,1.1,3.44,1.0,2.0,1.0,1.625,0.46875,2.0,0.0,4.0,4.0,2.375,1.78125,4.0,0.0,10.0,10.0,1.25,2.1875,0.0,0.0,14.0,14.0,1.75,3.0625,0.0,1.0,29.0,28.0,7.0,5.5,6.0,0.0,1.0,1.0,0.375,0.46875,0.0,0.0,3.0,3.0,1.375,1.03125,2.0,0.0,0.0,0.0,0.0,0.0,0.0,0.0,0.0,0.0,0.0,0.0,0.0,1.0,3.0,2.0,1.75,0.5625,2.0,9.105,32.95,23.845000000000002,14.8937499999875,5.7887499999875,9.105,0.0,0.0,0.0,0.0,0.0,0.0,0.0,0.0,0.0,0.0,0.0,0.0,12.0,229.0,217.0,93.375,101.71875,12.0
-8.496209316942819,1,3.0,42.0,39.0,13.421052631578947,10.138504155124656,8.0,1.0,87.0,86.0,65.57894736842105,27.058171745152357,87.0,6.941,95.96,89.01899999999999,29.089047368421053,23.528411634349034,15.9994,54.8,2896.0,2841.2,678.2457894736842,858.4228254847645,54.8,1.0,16.0,15.0,11.526315789473685,5.650969529085873,16.0,2.0,5.0,3.0,2.5789473684210527,0.9141274238227148,2.0,66.0,154.0,88.0,93.52631578947368,34.770083102493075,66.0,0.98,3.44,2.46,2.7557894736842106,0.8642659279778392,3.44,1.0,2.0,1.0,1.631578947368421,0.4653739612188365,2.0,0.0,4.0,4.0,2.526315789473684,1.861495844875346,4.0,0.0,5.0,5.0,1.0526315789473684,1.662049861495845,0.0,0.0,0.0,0.0,0.0,0.0,0.0,1.0,6.0,5.0,5.2105263157894735,1.329639889196676,6.0,0.0,1.0,1.0,0.3684210526315789,0.4653739612188365,0.0,0.0,2.0,2.0,1.263157894736842,0.930747922437673,2.0,0.0,5.0,5.0,1.0526315789473684,1.662049861495845,0.0,0.0,0.0,0.0,0.0,0.0,0.0,1.0,6.0,5.0,2.6842105263157894,1.3961218836565097,2.0,9.105,16.5933333333,7.488333333299998,11.436842105257895,2.971468144037119,9.105,0.0,0.0,0.0,0.0,0.0,0.0,0.0,0.0,0.0,0.0,0.0,0.0,12.0,229.0,217.0,91.94736842105263,100.98614958448753,12.0
-3.1870866433571443,1,3.0,68.0,65.0,39.5,21.9,53.0,1.0,96.0,95.0,61.4,41.52,96.0,6.941,167.259,160.31799999999998,94.95088200000001,52.805929199999994,126.90447,386.85,1770.0,1383.15,545.217,244.95659999999998,386.85,1.0,17.0,16.0,10.8,7.44,17.0,2.0,6.0,4.0,4.2,1.3199999999999998,5.0,128.0,189.0,61.0,140.7,9.659999999999991,139.0,0.98,2.66,1.6800000000000002,2.0140000000000002,0.7752000000000001,2.66,1.0,2.0,1.0,1.7,0.41999999999999993,2.0,0.0,5.0,5.0,3.0,2.4,5.0,0.0,10.0,10.0,6.0,4.8,10.0,0.0,12.0,12.0,1.2,2.16,0.0,1.0,17.0,16.0,11.9,6.540000000000001,17.0,0.0,1.0,1.0,0.3,0.41999999999999993,0.0,0.0,1.0,1.0,0.6,0.4800000000000001,1.0,0.0,0.0,0.0,0.0,0.0,0.0,0.0,2.0,2.0,0.2,0.36000000000000004,0.0,1.0,2.0,1.0,1.1,0.18000000000000008,1.0,16.5933333333,43.015,26.421666666700002,33.84549999999,11.003400000012002,43.015,0.0,1.062,1.062,0.6372,0.50976,1.062,0.0,0.0,0.0,0.0,0.0,0.0,64.0,229.0,165.0,126.5,75.0,64.0
-9.229884705212898,1,3.0,42.0,39.0,13.526315789473685,10.304709141274238,8.0,1.0,87.0,86.0,65.89473684210526,26.65927977839335,87.0,6.941,95.96,89.01899999999999,29.29162105263158,23.8482648199446,15.9994,54.8,2896.0,2841.2,658.8247368421053,827.7580055401662,54.8,1.0,16.0,15.0,11.631578947368421,5.518005540166205,16.0,2.0,5.0,3.0,2.5789473684210527,0.9141274238227148,2.0,66.0,154.0,88.0,93.15789473684211,34.30470914127424,66.0,0.98,3.44,2.46,2.7647368421052634,0.8529639889196676,3.44,1.0,2.0,1.0,1.6842105263157894,0.4321329639889197,2.0,0.0,4.0,4.0,2.526315789473684,1.861495844875346,4.0,0.0,6.0,6.0,1.105263157894737,1.7451523545706369,0.0,0.0,0.0,0.0,0.0,0.0,0.0,1.0,8.0,7.0,5.315789473684211,1.3628808864265927,6.0,0.0,1.0,1.0,0.3157894736842105,0.4321329639889197,0.0,0.0,2.0,2.0,1.263157894736842,0.930747922437673,2.0,0.0,5.0,5.0,1.0,1.5789473684210527,0.0,0.0,0.0,0.0,0.0,0.0,0.0,1.0,6.0,5.0,2.5789473684210527,1.229916897506925,2.0,9.105,16.5933333333,7.488333333299998,11.412631578942104,2.98675900276288,9.105,0.0,0.0,0.0,0.0,0.0,0.0,0.0,2.1106628,2.1106628,0.11108751578947369,0.21048160886426595,0.0,12.0,229.0,217.0,91.94736842105263,100.98614958448753,12.0
-5.0,1,1.0,53.0,52.0,8.0,9.0,1.0,1.0,96.0,95.0,63.1,37.260000000000005,92.0,1.00794,126.90447,125.89653,17.977263,21.785441400000003,1.00794,14.01,453.69,439.68,193.006,195.17919999999998,14.01,1.0,17.0,16.0,5.4,6.16,1.0,1.0,5.0,4.0,1.9,0.72,1.0,31.0,139.0,108.0,78.9,41.480000000000004,31.0,0.98,3.04,2.06,2.048,0.6408000000000001,2.2,1.0,2.0,1.0,1.3,0.42000000000000004,1.0,0.0,5.0,5.0,1.1,1.54,0.0,0.0,10.0,10.0,1.0,1.8,0.0,0.0,0.0,0.0,0.0,0.0,0.0,1.0,17.0,16.0,3.4,3.3600000000000003,1.0,0.0,1.0,1.0,0.7,0.42000000000000004,1.0,0.0,3.0,3.0,0.7,0.9800000000000001,0.0,0.0,0.0,0.0,0.0,0.0,0.0,0.0,0.0,0.0,0.0,0.0,0.0,1.0,3.0,2.0,1.4,0.64,1.0,6.615,43.015,36.4,14.879249999990003,6.6555999999880004,6.615,0.0,7.853,7.853,4.5348,3.4154399999999994,7.853,0.0,0.0,0.0,0.0,0.0,0.0,64.0,229.0,165.0,191.5,25.5,194.0
-5.055517327849832,1,3.0,22.0,19.0,13.11111111111111,4.54320987654321,16.0,1.0,88.0,87.0,44.611111111111114,38.5679012345679,88.0,6.941,47.867,40.925999999999995,27.11254702222222,9.014281086419752,32.065,370.87,1941.0,1570.13,566.9055555555556,305.3543209876543,388.36,1.0,16.0,15.0,8.0,7.111111111111111,16.0,2.0,4.0,2.0,2.9444444444444446,0.31481481481481466,3.0,105.0,166.0,61.0,131.88888888888889,25.19753086419753,105.0,0.93,2.58,1.65,1.7394444444444446,0.7471604938271605,2.58,1.0,2.0,1.0,1.5555555555555556,0.4938271604938272,2.0,0.0,4.0,4.0,1.7777777777777777,1.9753086419753088,4.0,0.0,2.0,2.0,0.2222222222222222,0.3950617283950617,0.0,0.0,0.0,0.0,0.0,0.0,0.0,1.0,6.0,5.0,3.5555555555555554,2.271604938271605,6.0,0.0,1.0,1.0,0.4444444444444444,0.4938271604938272,0.0,0.0,2.0,2.0,0.8888888888888888,0.9876543209876544,2.0,0.0,8.0,8.0,0.8888888888888888,1.5802469135802468,0.0,0.0,0.0,0.0,0.0,0.0,0.0,1.0,8.0,7.0,2.2222222222222223,1.2839506172839508,2.0,16.5933333333,29.2433333333,12.650000000000002,24.20398148146667,4.206656378603701,25.786875,0.0,2.202,2.202,0.9786666666666667,1.0874074074074072,2.202,0.0,2.25333333333e-05,2.25333333333e-05,2.5037037037e-06,4.451028806577778e-06,0.0,70.0,229.0,159.0,154.44444444444446,75.06172839506172,70.0
-12.449771646944908,1,3.0,23.0,20.0,7.6,3.45,8.0,1.0,87.0,86.0,51.475,38.6775,87.0,6.941,50.9415,44.000499999999995,15.9718756,6.7731567,15.9994,54.8,2183.0,2128.2,377.12375,328.30612499999995,54.8,1.0,16.0,15.0,9.5,7.05,16.0,2.0,4.0,2.0,2.2,0.35000000000000014,2.0,66.0,153.0,87.0,97.825,31.825,66.0,0.98,3.44,2.46,2.31925,1.1207500000000001,3.44,1.0,2.0,1.0,1.625,0.46875,2.0,0.0,4.0,4.0,2.15,1.9349999999999998,4.0,0.0,3.0,3.0,0.22499999999999998,0.41624999999999995,0.0,0.0,0.0,0.0,0.0,0.0,0.0,1.0,6.0,5.0,4.0,2.25,6.0,0.0,1.0,1.0,0.375,0.46875,0.0,0.0,3.0,3.0,1.15,1.035,2.0,0.0,7.0,7.0,0.525,0.97125,0.0,0.0,0.0,0.0,0.0,0.0,0.0,1.0,7.0,6.0,2.05,0.8374999999999999,2.0,9.105,22.5702380952,13.4652380952,12.8792619047475,3.7742619047474992,9.105,0.0,1.625,1.625,0.08125,0.154375,0.0,0.0,0.0,0.0,0.0,0.0,0.0,2.0,229.0,227.0,109.14999999999999,107.86500000000001,12.0
-12.494850021680094,1,3.0,23.0,20.0,7.4,3.3,8.0,1.0,87.0,86.0,52.4,39.19,87.0,6.941,50.9415,44.000499999999995,15.47268215,6.3987616125,15.9994,54.8,2183.0,2128.2,330.48124999999993,277.6584375,54.8,1.0,16.0,15.0,9.75,7.0375,16.0,2.0,4.0,2.0,2.175,0.30624999999999986,2.0,66.0,153.0,87.0,96.675,30.675,66.0,0.98,3.44,2.46,2.33325,1.10675,3.44,1.0,2.0,1.0,1.625,0.46875,2.0,0.0,4.0,4.0,2.225,1.89125,4.0,0.0,3.0,3.0,0.15000000000000002,0.28500000000000003,0.0,0.0,0.0,0.0,0.0,0.0,0.0,1.0,6.0,5.0,4.0,2.25,6.0,0.0,1.0,1.0,0.375,0.46875,0.0,0.0,3.0,3.0,1.225,1.04125,2.0,0.0,7.0,7.0,0.35000000000000003,0.665,0.0,0.0,0.0,0.0,0.0,0.0,0.0,1.0,7.0,6.0,1.95,0.7125,2.0,9.105,22.5702380952,13.4652380952,13.1182678571275,4.024094642840249,9.105,0.0,1.625,1.625,0.121875,0.22546875000000002,0.0,0.0,0.0,0.0,0.0,0.0,0.0,2.0,229.0,227.0,103.47500000000001,106.69624999999999,12.0
-12.688246138944246,1,3.0,23.0,20.0,7.2,3.1500000000000004,8.0,1.0,87.0,86.0,53.325,39.61,87.0,6.941,50.9415,44.000499999999995,14.9734887,6.024366525,15.9994,54.8,2183.0,2128.2,283.83874999999995,229.03875,54.8,1.0,16.0,15.0,10.0,7.0,16.0,2.0,4.0,2.0,2.1500000000000004,0.2625000000000003,2.0,66.0,153.0,87.0,95.525,29.525,66.0,0.98,3.44,2.46,2.34725,1.0927499999999999,3.44,1.0,2.0,1.0,1.625,0.46875,2.0,0.0,4.0,4.0,2.3,1.84,4.0,0.0,3.0,3.0,0.07500000000000001,0.14625,0.0,0.0,0.0,0.0,0.0,0.0,0.0,1.0,6.0,5.0,4.0,2.25,6.0,0.0,1.0,1.0,0.375,0.46875,0.0,0.0,3.0,3.0,1.3,1.04,2.0,0.0,7.0,7.0,0.17500000000000002,0.34125000000000005,0.0,0.0,0.0,0.0,0.0,0.0,0.0,1.0,7.0,6.0,1.85,0.6375,2.0,9.105,22.5702380952,13.4652380952,13.3572738095075,4.269637499982874,9.105,0.0,1.625,1.625,0.1625,0.2925,0.0,0.0,0.0,0.0,0.0,0.0,0.0,2.0,229.0,227.0,97.8,104.96,12.0
-6.049148541111453,1,3.0,16.0,13.0,11.0,6.0,16.0,1.0,88.0,87.0,54.75,40.3125,88.0,6.941,32.065,25.124,22.50709525,11.6745714375,32.065,317.3,453.69,136.39,403.97625,37.28531249999999,388.36,1.0,16.0,15.0,10.25,6.9375,16.0,2.0,3.0,1.0,2.625,0.46875,3.0,105.0,128.0,23.0,113.875,10.59375,105.0,0.98,2.58,1.6,1.93125,0.7134375000000001,2.58,1.0,2.0,1.0,1.625,0.46875,2.0,0.0,4.0,4.0,2.375,1.78125,4.0,0.0,0.0,0.0,0.0,0.0,0.0,0.0,0.0,0.0,0.0,0.0,0.0,1.0,6.0,5.0,4.0,2.25,6.0,0.0,1.0,1.0,0.375,0.46875,0.0,0.0,3.0,3.0,1.375,1.03125,2.0,0.0,0.0,0.0,0.0,0.0,0.0,0.0,0.0,0.0,0.0,0.0,0.0,1.0,3.0,2.0,1.75,0.5625,2.0,16.5933333333,25.786875,9.1935416667,21.937217261887497,4.007912946440626,25.786875,0.0,2.202,2.202,1.304125,0.97809375,2.202,0.0,0.0,0.0,0.0,0.0,0.0,2.0,229.0,227.0,121.125,80.90625,70.0
-9.0,1,3.0,51.0,48.0,15.428571428571429,10.653061224489795,3.0,1.0,88.0,87.0,50.285714285714285,42.244897959183675,1.0,6.941,121.76,114.819,34.11114285714286,25.0425306122449,6.941,388.36,903.78,515.42,489.98999999999995,118.22571428571425,388.36,1.0,16.0,15.0,9.428571428571429,7.224489795918367,1.0,2.0,5.0,3.0,2.857142857142857,0.7346938775510203,2.0,105.0,139.0,34.0,119.71428571428571,12.612244897959185,105.0,0.98,2.58,1.6,1.8185714285714287,0.7187755102040816,0.98,1.0,2.0,1.0,1.5714285714285714,0.489795918367347,1.0,0.0,4.0,4.0,2.142857142857143,1.836734693877551,0.0,0.0,10.0,10.0,1.4285714285714286,2.4489795918367347,0.0,0.0,0.0,0.0,0.0,0.0,0.0,1.0,15.0,14.0,5.142857142857143,3.5510204081632653,1.0,0.0,1.0,1.0,0.42857142857142855,0.4897959183673469,0.0,0.0,3.0,3.0,1.2857142857142858,1.1020408163265307,0.0,0.0,0.0,0.0,0.0,0.0,0.0,0.0,0.0,0.0,0.0,0.0,0.0,1.0,3.0,2.0,1.7142857142857142,0.6122448979591837,1.0,16.5933333333,31.56,14.9666666667,22.671517857128574,5.209872448995918,16.5933333333,0.0,2.202,2.202,0.9437142857142857,1.0785306122448979,0.0,0.0,0.0,0.0,0.0,0.0,0.0,70.0,229.0,159.0,151.85714285714286,70.16326530612244,70.0
-5.943095148663527,1,3.0,32.0,29.0,7.317073170731708,3.369422962522308,8.0,1.0,87.0,86.0,52.85365853658537,40.47114812611541,87.0,6.941,72.64,65.699,15.30680604878049,6.5294095990481855,15.9994,54.8,1211.4,1156.6000000000001,264.28390243902436,204.3745389649019,54.8,1.0,16.0,15.0,10.0,7.02439024390244,16.0,2.0,4.0,2.0,2.1463414634146347,0.2569898869720409,2.0,66.0,128.0,62.0,95.51219512195124,28.79238548483046,66.0,0.98,3.44,2.46,2.3231707317073176,1.0895895300416418,3.44,1.0,2.0,1.0,1.6097560975609757,0.4759071980963712,2.0,0.0,4.0,4.0,2.2926829268292686,1.803688280785247,4.0,0.0,10.0,10.0,0.24390243902439027,0.4759071980963713,0.0,0.0,0.0,0.0,0.0,0.0,0.0,1.0,14.0,13.0,4.146341463414634,2.455681142177276,6.0,0.0,1.0,1.0,0.39024390243902446,0.4759071980963712,0.0,0.0,4.0,4.0,1.3658536585365855,1.0660321237358716,2.0,0.0,0.0,0.0,0.0,0.0,0.0,0.0,0.0,0.0,0.0,0.0,0.0,1.0,4.0,3.0,1.75609756097561,0.5901249256395004,2.0,9.105,23.005,13.899999999999999,13.67998257838049,4.463397637444378,9.105,0.0,1.625,1.625,0.16787804878048782,0.2948102320047591,0.0,0.0,0.0,0.0,0.0,0.0,0.0,2.0,229.0,227.0,100.90243902439026,106.03212373587152,12.0
-4.721246399047171,1,3.0,32.0,29.0,8.097560975609758,4.073765615704939,8.0,1.0,87.0,86.0,49.243902439024396,38.286734086853066,87.0,6.941,72.64,65.699,17.25487804878049,9.274712671029155,15.9994,54.8,2183.0,2128.2,446.3034146341464,381.9545508625818,54.8,1.0,16.0,15.0,9.02439024390244,7.048185603807259,16.0,2.0,4.0,2.0,2.2439024390243905,0.4283164782867343,2.0,66.0,153.0,87.0,100.00000000000001,33.170731707317074,66.0,0.98,3.44,2.46,2.2685365853658537,1.1428911362284355,3.44,1.0,2.0,1.0,1.6097560975609757,0.4759071980963712,2.0,0.0,4.0,4.0,2.0,1.9512195121951221,4.0,0.0,10.0,10.0,0.5365853658536587,0.9422962522308153,0.0,0.0,0.0,0.0,0.0,0.0,0.0,1.0,14.0,13.0,4.146341463414634,2.455681142177276,6.0,0.0,1.0,1.0,0.39024390243902446,0.4759071980963712,0.0,0.0,4.0,4.0,1.0731707317073174,1.0469958358120168,2.0,0.0,7.0,7.0,0.6829268292682928,1.2325996430696018,0.0,0.0,0.0,0.0,0.0,0.0,0.0,1.0,7.0,6.0,2.1463414634146347,1.0374776918500899,2.0,9.105,23.005,13.899999999999999,12.74727642275122,3.5534404124402137,9.105,0.0,0.383,0.383,0.009341463414634148,0.018227245687091023,0.0,0.0,0.0,0.0,0.0,0.0,0.0,12.0,229.0,217.0,123.0487804878049,108.34027364663892,12.0
-6.347753658996677,1,3.0,15.0,12.0,6.848484848484849,3.032139577594123,8.0,1.0,87.0,86.0,52.484848484848484,40.56382001836547,87.0,6.941,30.973762,24.032762,14.158490484848485,5.68650765472911,15.9994,54.8,1687.0,1632.2,285.26272727272726,223.47900826446278,54.8,1.0,16.0,15.0,9.93939393939394,7.04315886134068,16.0,2.0,3.0,1.0,2.121212121212121,0.2130394857667584,2.0,66.0,128.0,62.0,95.51515151515152,28.62075298438935,66.0,0.98,3.44,2.46,2.3106060606060606,1.095169880624426,3.44,1.0,2.0,1.0,1.606060606060606,0.4775022956841139,2.0,0.0,4.0,4.0,2.272727272727273,1.8071625344352615,4.0,0.0,0.0,0.0,0.0,0.0,0.0,0.0,0.0,0.0,0.0,0.0,0.0,1.0,6.0,5.0,3.878787878787879,2.2681359044995406,6.0,0.0,1.0,1.0,0.3939393939393939,0.4775022956841139,0.0,0.0,4.0,4.0,1.3636363636363635,1.0743801652892562,2.0,0.0,0.0,0.0,0.0,0.0,0.0,0.0,0.0,0.0,0.0,0.0,0.0,1.0,4.0,3.0,1.7575757575757576,0.5968778696051423,2.0,9.105,22.5702380952,13.4652380952,13.622546897530302,4.380651536999081,9.105,0.0,1.625,1.625,0.17115151515151514,0.300811753902663,0.0,0.0,0.0,0.0,0.0,0.0,0.0,2.0,229.0,227.0,103.0909090909091,106.71074380165288,12.0
-7.00436480540245,1,3.0,49.0,46.0,15.992481203007516,6.447396687206739,17.0,1.0,94.0,93.0,65.81954887218045,34.86765786647069,94.0,6.941,114.818,107.877,34.46025251879699,13.656170422861667,35.453,171.6,1519.0,1347.4,386.8798496240601,258.98327774323025,171.6,1.0,17.0,16.0,11.842105263157894,6.326869806094183,17.0,2.0,5.0,3.0,2.9548872180451125,0.47385380745095834,3.0,102.0,142.0,40.0,114.17293233082707,14.644129119791959,102.0,0.98,3.16,2.18,2.3890977443609023,0.9274012097913958,3.16,1.0,2.0,1.0,1.7518796992481203,0.3731132342133529,2.0,0.0,5.0,5.0,3.0601503759398496,2.33365368307988,5.0,0.0,10.0,10.0,1.0150375939849623,1.7248007236135452,0.0,0.0,0.0,0.0,0.0,0.0,0.0,1.0,13.0,12.0,5.827067669172932,2.3953869636497256,7.0,0.0,1.0,1.0,0.24812030075187969,0.37311323421335285,0.0,0.0,5.0,5.0,0.8646616541353384,0.5981118209056475,1.0,0.0,5.0,5.0,0.48872180451127817,0.8819040081406523,0.0,0.0,0.0,0.0,0.0,0.0,0.0,1.0,5.0,4.0,1.6015037593984962,1.0221041325117304,1.0,10.4875862069,24.4975,14.009913793099999,21.154425719463156,4.34864605122865,24.4975,0.0,2.493,2.493,1.499548872180451,1.195129176324269,2.493,0.0,0.000310120689655,0.000310120689655,3.0312548612894734e-05,5.4699335842817565e-05,0.0,64.0,229.0,165.0,123.84210526315788,71.99050257222001,64.0
-5.346787486224656,1,3.0,32.0,29.0,7.61904761904762,3.7392290249433113,8.0,1.0,87.0,86.0,51.52380952380953,40.90022675736962,87.0,6.941,72.64,65.699,16.09967347619048,7.5096627913832235,15.9994,54.8,1211.4,1156.6000000000001,290.0816666666667,224.07777777777784,54.8,1.0,16.0,15.0,9.761904761904763,7.092970521541951,16.0,2.0,4.0,2.0,2.166666666666667,0.29365079365079394,2.0,66.0,128.0,62.0,96.5952380952381,29.138321995464857,66.0,0.98,3.44,2.46,2.286904761904762,1.098185941043084,3.44,1.0,2.0,1.0,1.5952380952380956,0.4818594104308391,2.0,0.0,4.0,4.0,2.214285714285715,1.8129251700680273,4.0,0.0,10.0,10.0,0.4761904761904763,0.90702947845805,0.0,0.0,0.0,0.0,0.0,0.0,0.0,1.0,14.0,13.0,4.2857142857142865,2.659863945578232,6.0,0.0,1.0,1.0,0.4047619047619048,0.4818594104308391,0.0,0.0,4.0,4.0,1.3571428571428574,1.098639455782313,2.0,0.0,0.0,0.0,0.0,0.0,0.0,0.0,0.0,0.0,0.0,0.0,0.0,1.0,4.0,3.0,1.7619047619047623,0.6167800453514739,2.0,9.105,23.005,13.899999999999999,13.759699546469049,4.433047187113378,9.105,0.0,1.625,1.625,0.13430952380952385,0.23664058956916106,0.0,0.0,0.0,0.0,0.0,0.0,0.0,2.0,229.0,227.0,109.26190476190479,107.95351473922905,12.0
-6.051098239029787,1,3.0,32.0,29.0,8.190476190476192,4.383219954648528,8.0,1.0,87.0,86.0,48.880952380952394,39.17233560090703,87.0,6.941,72.64,65.699,17.525940476190478,10.02260941043084,15.9994,54.8,2183.0,2128.2,423.34595238095244,350.9961451247166,54.8,1.0,16.0,15.0,9.04761904761905,7.092970521541951,16.0,2.0,4.0,2.0,2.2380952380952386,0.4195011337868485,2.0,66.0,153.0,87.0,99.8809523809524,32.26757369614513,66.0,0.98,3.44,2.46,2.246904761904762,1.1362811791383223,3.44,1.0,2.0,1.0,1.5952380952380956,0.4818594104308391,2.0,0.0,4.0,4.0,2.0000000000000004,1.904761904761905,4.0,0.0,10.0,10.0,0.6904761904761906,1.2165532879818597,0.0,0.0,0.0,0.0,0.0,0.0,0.0,1.0,14.0,13.0,4.2857142857142865,2.659863945578232,6.0,0.0,1.0,1.0,0.4047619047619048,0.4818594104308391,0.0,0.0,4.0,4.0,1.142857142857143,1.08843537414966,2.0,0.0,7.0,7.0,0.5000000000000001,0.9285714285714288,0.0,0.0,0.0,0.0,0.0,0.0,0.0,1.0,7.0,6.0,2.047619047619048,0.8934240362811795,2.0,9.105,23.005,13.899999999999999,13.076825396811907,3.79223733936542,9.105,0.0,0.383,0.383,0.01823809523809524,0.03473922902494332,0.0,0.0,0.0,0.0,0.0,0.0,0.0,12.0,229.0,217.0,125.4761904761905,108.07256235827667,12.0
-2.154901959985743,1,3.0,32.0,29.0,11.529411764705882,7.024221453287197,16.0,1.0,88.0,87.0,51.35294117647059,41.46712802768166,88.0,6.941,72.64,65.699,24.042397764705882,14.083504041522492,32.065,317.3,1211.4,894.1000000000001,459.49470588235295,88.45944636678202,388.36,1.0,16.0,15.0,9.647058823529411,7.1211072664359865,16.0,2.0,4.0,2.0,2.6470588235294117,0.5328719723183392,3.0,105.0,128.0,23.0,115.47058823529412,10.85121107266436,105.0,0.98,2.58,1.6,1.8647058823529412,0.7285813148788928,2.58,1.0,2.0,1.0,1.588235294117647,0.4844290657439447,2.0,0.0,4.0,4.0,2.176470588235294,1.8131487889273357,4.0,0.0,10.0,10.0,0.5882352941176471,1.1072664359861593,0.0,0.0,0.0,0.0,0.0,0.0,0.0,1.0,14.0,13.0,4.352941176470588,2.7612456747404845,6.0,0.0,1.0,1.0,0.4117647058823529,0.4844290657439447,0.0,0.0,4.0,4.0,1.3529411764705883,1.1141868512110724,2.0,0.0,0.0,0.0,0.0,0.0,0.0,0.0,0.0,0.0,0.0,0.0,0.0,1.0,4.0,3.0,1.7647058823529411,0.6297577854671281,2.0,16.5933333333,25.786875,9.1935416667,21.648445378135293,4.163033448687889,25.786875,0.0,2.202,2.202,1.1543529411764706,1.0413910034602074,2.202,0.0,0.0,0.0,0.0,0.0,0.0,2.0,229.0,227.0,140.58823529411765,82.74048442906575,70.0
-2.280175785218263,2,3.0,16.0,13.0,11.523809523809524,5.682539682539682,16.0,1.0,88.0,87.0,58.285714285714285,38.19047619047619,88.0,6.941,32.065,25.124,23.534442190476188,11.062294793650793,32.065,317.3,453.69,136.39,399.98523809523806,35.80317460317458,388.36,1.0,16.0,15.0,10.857142857142858,6.571428571428571,16.0,2.0,3.0,1.0,2.6666666666666665,0.4444444444444445,3.0,105.0,128.0,23.0,112.95238095238095,10.03174603174603,105.0,0.98,2.58,1.6,1.990952380952381,0.6739682539682539,2.58,1.0,2.0,1.0,1.6666666666666667,0.44444444444444436,2.0,0.0,4.0,4.0,2.5238095238095237,1.6825396825396826,4.0,0.0,0.0,0.0,0.0,0.0,0.0,0.0,0.0,0.0,0.0,0.0,0.0,1.0,6.0,5.0,4.190476190476191,2.126984126984127,6.0,0.0,1.0,1.0,0.3333333333333333,0.4444444444444445,0.0,0.0,3.0,3.0,1.4761904761904763,0.984126984126984,2.0,0.0,0.0,0.0,0.0,0.0,0.0,0.0,0.0,0.0,0.0,0.0,0.0,1.0,3.0,2.0,1.8095238095238095,0.5396825396825397,2.0,16.5933333333,25.786875,9.1935416667,22.26284155327143,3.779672146647619,25.786875,0.0,2.202,2.202,1.3855714285714287,0.9237142857142857,2.202,0.0,0.0,0.0,0.0,0.0,0.0,2.0,229.0,227.0,113.28571428571429,77.14285714285714,70.0
-4.958607314841775,1,3.0,32.0,29.0,7.9069767441860455,4.108166576527853,8.0,1.0,87.0,86.0,50.255813953488364,41.23742563547864,87.0,6.941,72.64,65.699,16.855663348837204,9.097172430502969,15.9994,54.8,1211.4,1156.6000000000001,314.6795348837209,241.74840454299616,54.8,1.0,16.0,15.0,9.534883720930232,7.145484045429962,16.0,2.0,4.0,2.0,2.186046511627907,0.32882639264467267,2.0,66.0,128.0,62.0,97.62790697674416,29.421308815575983,66.0,0.98,3.44,2.46,2.2523255813953487,1.1048134126554894,3.44,1.0,2.0,1.0,1.581395348837209,0.486749594375338,2.0,0.0,4.0,4.0,2.1395348837209296,1.8107084910762574,4.0,0.0,10.0,10.0,0.6976744186046511,1.2979989183342346,0.0,0.0,0.0,0.0,0.0,0.0,0.0,1.0,14.0,13.0,4.41860465116279,2.862087614926987,6.0,0.0,1.0,1.0,0.41860465116279066,0.486749594375338,0.0,0.0,4.0,4.0,1.3488372093023253,1.129259058950784,2.0,0.0,0.0,0.0,0.0,0.0,0.0,0.0,0.0,0.0,0.0,0.0,0.0,1.0,4.0,3.0,1.7674418604651159,0.6425094645754462,2.0,9.105,23.005,13.899999999999999,13.835708748599997,4.400659301023254,9.105,0.0,1.625,1.625,0.10230232558139533,0.18081341265548945,0.0,0.0,0.0,0.0,0.0,0.0,0.0,2.0,229.0,227.0,117.23255813953486,108.61005949161706,12.0
-4.496209316942819,1,3.0,32.0,29.0,8.27906976744186,4.679286100594914,8.0,1.0,87.0,86.0,48.534883720930225,40.03244997295835,87.0,6.941,72.64,65.699,17.784395348837204,10.738652244456459,15.9994,54.8,2183.0,2128.2,401.4562790697674,322.4709572742022,54.8,1.0,16.0,15.0,9.069767441860463,7.134667387777176,16.0,2.0,4.0,2.0,2.2325581395348832,0.41103299080584055,2.0,66.0,153.0,87.0,99.7674418604651,31.411573823688478,66.0,0.98,3.44,2.46,2.2262790697674415,1.1290427257977282,3.44,1.0,2.0,1.0,1.581395348837209,0.486749594375338,2.0,0.0,4.0,4.0,1.9999999999999996,1.8604651162790695,4.0,0.0,10.0,10.0,0.8372093023255813,1.4797187669010272,0.0,0.0,0.0,0.0,0.0,0.0,0.0,1.0,14.0,13.0,4.41860465116279,2.862087614926987,6.0,0.0,1.0,1.0,0.41860465116279066,0.486749594375338,0.0,0.0,4.0,4.0,1.2093023255813953,1.12493239588967,2.0,0.0,7.0,7.0,0.3255813953488372,0.6208761492698754,0.0,0.0,0.0,0.0,0.0,0.0,0.0,1.0,7.0,6.0,1.953488372093023,0.7982693347755543,2.0,9.105,23.005,13.899999999999999,13.39104651161395,4.022466197930555,9.105,0.0,0.383,0.383,0.026720930232558136,0.049713358572201174,0.0,0.0,0.0,0.0,0.0,0.0,0.0,12.0,229.0,217.0,127.79069767441858,107.7122769064359,12.0
-4.42021640338319,1,3.0,74.0,71.0,9.356321839080461,6.65371911745277,8.0,1.0,87.0,86.0,49.02298850574713,40.847139648566525,87.0,6.941,183.84,176.899,20.574632183908047,15.803532831285509,15.9994,54.8,3695.0,3640.2,400.206091954023,317.6147971991016,54.8,1.0,16.0,15.0,9.252873563218392,7.131853613423173,16.0,2.0,6.0,4.0,2.2643678160919545,0.4679614215880569,2.0,66.0,162.0,96.0,99.29885057471265,30.619632712379445,66.0,0.98,3.44,2.46,2.2354597701149426,1.1119176905799975,3.44,1.0,2.0,1.0,1.5747126436781609,0.4888360417492404,2.0,0.0,4.0,4.0,2.03448275862069,1.8073721759809753,4.0,0.0,10.0,10.0,1.0459770114942528,1.851499537587528,0.0,0.0,14.0,14.0,0.24137931034482762,0.47443519619500607,0.0,1.0,20.0,19.0,4.8965517241379315,3.3143083630598493,6.0,0.0,1.0,1.0,0.4252873563218391,0.4888360417492404,0.0,0.0,4.0,4.0,1.310344827586207,1.1597304795877923,2.0,0.0,6.0,6.0,0.10344827586206896,0.2033293697978597,0.0,0.0,0.0,0.0,0.0,0.0,0.0,1.0,6.0,5.0,1.8390804597701151,0.7137006209538909,2.0,9.105,23.005,13.899999999999999,13.767480842897703,4.287338706112829,9.105,0.0,0.383,0.383,0.037419540229885064,0.06752721627691902,0.0,0.0,0.0,0.0,0.0,0.0,0.0,12.0,229.0,217.0,128.83908045977014,107.43823490553575,12.0
-5.247183568811729,1,3.0,32.0,29.0,8.342857142857143,4.893061224489796,8.0,1.0,87.0,86.0,48.285714285714285,40.66122448979592,87.0,6.941,72.64,65.699,17.97048285714286,11.255975346938778,15.9994,54.8,2183.0,2128.2,385.6957142857143,302.5332244897959,54.8,1.0,16.0,15.0,9.085714285714285,7.164081632653061,16.0,2.0,4.0,2.0,2.2285714285714286,0.40489795918367355,2.0,66.0,153.0,87.0,99.68571428571428,30.79836734693877,66.0,0.98,3.44,2.46,2.2114285714285713,1.1232653061224491,3.44,1.0,2.0,1.0,1.5714285714285714,0.48979591836734704,2.0,0.0,4.0,4.0,2.0,1.8285714285714285,4.0,0.0,10.0,10.0,0.9428571428571428,1.670204081632653,0.0,0.0,0.0,0.0,0.0,0.0,0.0,1.0,14.0,13.0,4.514285714285714,3.012244897959184,6.0,0.0,1.0,1.0,0.42857142857142855,0.4897959183673469,0.0,0.0,4.0,4.0,1.2571428571428571,1.1493877551020408,2.0,0.0,7.0,7.0,0.2,0.3885714285714286,0.0,0.0,0.0,0.0,0.0,0.0,0.0,1.0,7.0,6.0,1.8857142857142857,0.7591836734693876,2.0,9.105,23.005,13.899999999999999,13.617285714271427,4.160220408149387,9.105,0.0,0.383,0.383,0.03282857142857143,0.06002938775510204,0.0,0.0,0.0,0.0,0.0,0.0,0.0,12.0,229.0,217.0,129.45714285714286,107.38938775510204,12.0
-5.987162775294828,1,3.0,32.0,29.0,8.181818181818182,4.640495867768595,8.0,1.0,87.0,86.0,49.04545454545455,41.49380165289256,87.0,6.941,72.64,65.699,17.577290045454543,10.620332353305782,15.9994,54.8,1211.4,1156.6000000000001,338.1593181818181,258.5475309917355,54.8,1.0,16.0,15.0,9.318181818181817,7.1838842975206605,16.0,2.0,4.0,2.0,2.204545454545454,0.3626033057851236,2.0,66.0,128.0,62.0,98.61363636363635,29.64876033057851,66.0,0.98,3.44,2.46,2.2193181818181817,1.109710743801653,3.44,1.0,2.0,1.0,1.5681818181818181,0.490702479338843,2.0,0.0,4.0,4.0,2.068181818181818,1.798553719008264,4.0,0.0,10.0,10.0,0.9090909090909091,1.652892561983471,0.0,0.0,0.0,0.0,0.0,0.0,0.0,1.0,14.0,13.0,4.545454545454545,3.06198347107438,6.0,0.0,1.0,1.0,0.43181818181818177,0.490702479338843,0.0,0.0,4.0,4.0,1.3409090909090908,1.1580578512396693,2.0,0.0,0.0,0.0,0.0,0.0,0.0,0.0,0.0,0.0,0.0,0.0,0.0,1.0,4.0,3.0,1.7727272727272725,0.6673553719008263,2.0,9.105,23.005,13.899999999999999,13.908262986997727,4.366602715452478,9.105,0.0,1.625,1.625,0.07175,0.12719318181818182,0.0,0.0,0.0,0.0,0.0,0.0,0.0,2.0,229.0,227.0,124.84090909090907,108.16632231404957,12.0
-5.567030709125595,1,3.0,32.0,29.0,8.363636363636362,4.9628099173553695,8.0,1.0,87.0,86.0,48.204545454545446,40.86776859504132,87.0,6.941,72.64,65.699,18.03110227272727,11.424817665289256,15.9994,54.8,2183.0,2128.2,380.56159090909085,296.14690082644626,54.8,1.0,16.0,15.0,9.09090909090909,7.173553719008264,16.0,2.0,4.0,2.0,2.227272727272727,0.4028925619834709,2.0,66.0,153.0,87.0,99.6590909090909,30.599173553719,66.0,0.98,3.44,2.46,2.206590909090909,1.121280991735537,3.44,1.0,2.0,1.0,1.5681818181818181,0.490702479338843,2.0,0.0,4.0,4.0,2.0,1.8181818181818181,4.0,0.0,10.0,10.0,0.9772727272727272,1.7324380165289253,0.0,0.0,0.0,0.0,0.0,0.0,0.0,1.0,14.0,13.0,4.545454545454545,3.06198347107438,6.0,0.0,1.0,1.0,0.43181818181818177,0.490702479338843,0.0,0.0,4.0,4.0,1.2727272727272725,1.15702479338843,2.0,0.0,7.0,7.0,0.1590909090909091,0.3109504132231405,0.0,0.0,0.0,0.0,0.0,0.0,0.0,1.0,7.0,6.0,1.8636363636363633,0.7458677685950413,2.0,9.105,23.005,13.899999999999999,13.690984848470453,4.200030991721796,9.105,0.0,0.383,0.383,0.03481818181818182,0.06330578512396694,0.0,0.0,0.0,0.0,0.0,0.0,0.0,12.0,229.0,217.0,129.99999999999997,107.27272727272727,12.0
-6.6252516539898965,1,3.0,31.0,28.0,14.391304347826086,6.273471959672338,17.0,1.0,94.0,93.0,62.6231884057971,36.70867464818315,94.0,6.941,69.723,62.782,30.64006384057971,13.05165834698593,35.453,171.6,1519.0,1347.4,426.92782608695654,299.6269817265281,171.6,1.0,17.0,16.0,11.231884057971014,6.738920394875026,17.0,2.0,4.0,2.0,2.869565217391304,0.47889098928796475,3.0,102.0,139.0,37.0,114.27536231884058,14.23230413778618,102.0,0.98,3.16,2.18,2.3301449275362316,0.9621508086536442,3.16,1.0,2.0,1.0,1.7246376811594202,0.39907582440663725,2.0,0.0,5.0,5.0,2.9130434782608696,2.4196597353497165,5.0,0.0,10.0,10.0,0.7971014492753623,1.3631590002100398,0.0,0.0,0.0,0.0,0.0,0.0,0.0,1.0,13.0,12.0,5.434782608695652,2.4423440453686203,7.0,0.0,1.0,1.0,0.27536231884057966,0.3990758244066372,0.0,0.0,5.0,5.0,0.6521739130434783,0.5293005671077505,1.0,0.0,5.0,5.0,0.6521739130434783,1.1342155009451795,0.0,0.0,0.0,0.0,0.0,0.0,0.0,1.0,5.0,4.0,1.5797101449275361,0.9913883637891198,1.0,10.4875862069,24.4975,14.009913793099999,20.411871147750723,4.736960988115102,24.4975,0.0,2.493,2.493,1.4452173913043478,1.214820415879017,2.493,0.0,0.000310120689655,0.000310120689655,4.045052473760869e-05,7.034873867410207e-05,0.0,64.0,229.0,165.0,129.39130434782606,77.71140516698172,64.0
-16.796203144042632,1,3.0,56.0,53.0,12.333333333333334,8.166666666666666,8.0,1.0,87.0,86.0,65.5,30.916666666666668,87.0,6.941,137.327,130.386,27.096027000000003,19.664407166666667,15.9994,54.8,1000.0,945.2,243.79833333333332,220.49805555555554,54.8,1.0,16.0,15.0,12.166666666666666,5.416666666666667,16.0,2.0,6.0,4.0,2.5,0.75,2.0,66.0,215.0,149.0,95.58333333333333,34.513888888888886,66.0,0.89,3.44,2.55,2.6091666666666664,0.9693055555555556,3.44,1.0,2.0,1.0,1.8333333333333333,0.27777777777777785,2.0,0.0,4.0,4.0,2.8333333333333335,1.4166666666666667,4.0,0.0,0.0,0.0,0.0,0.0,0.0,0.0,0.0,0.0,0.0,0.0,0.0,1.0,6.0,5.0,4.666666666666667,1.6666666666666667,6.0,0.0,1.0,1.0,0.16666666666666666,0.2777777777777778,0.0,0.0,3.0,3.0,1.6666666666666667,0.8333333333333334,2.0,0.0,0.0,0.0,0.0,0.0,0.0,0.0,0.0,0.0,0.0,0.0,0.0,0.0,3.0,3.0,1.8333333333333333,0.5833333333333334,2.0,9.105,63.59,54.485,17.137678571416668,9.552906746025,9.105,0.0,1.625,1.625,0.2708333333333333,0.4513888888888889,0.0,0.0,0.0,0.0,0.0,0.0,0.0,2.0,229.0,227.0,64.58333333333333,82.20833333333333,12.0
-7.376750709602099,1,3.0,72.0,69.0,12.789473684210526,8.110803324099724,8.0,1.0,87.0,86.0,73.10526315789474,20.67590027700831,87.0,6.941,178.49,171.549,27.856957157894737,19.381326337950142,15.9994,54.8,2506.0,2451.2,379.0989473684211,429.1562326869806,54.8,1.0,16.0,15.0,13.105263157894736,4.254847645429363,16.0,2.0,6.0,4.0,2.473684210526316,0.6980609418282548,2.0,66.0,175.0,109.0,88.57894736842105,28.520775623268694,66.0,0.98,3.44,2.46,2.777368421052632,0.8370083102493073,3.44,1.0,2.0,1.0,1.8421052631578947,0.2659279778393352,2.0,0.0,4.0,4.0,3.0,1.263157894736842,4.0,0.0,5.0,5.0,0.3684210526315789,0.6592797783933517,0.0,0.0,14.0,14.0,0.7368421052631579,1.3961218836565095,0.0,1.0,18.0,17.0,5.947368421052632,1.340720221606648,6.0,0.0,1.0,1.0,0.15789473684210525,0.26592797783933514,0.0,0.0,3.0,3.0,1.736842105263158,0.7313019390581716,2.0,0.0,8.0,8.0,0.6842105263157895,1.2243767313019391,0.0,0.0,0.0,0.0,0.0,0.0,0.0,1.0,8.0,7.0,2.5789473684210527,1.0637119113573406,2.0,9.105,22.5702380952,13.4652380952,12.818283208010527,4.861861232014404,9.105,0.0,1.625,1.625,0.2565789473684211,0.4321329639889197,0.0,0.0,0.0,0.0,0.0,0.0,0.0,2.0,229.0,227.0,54.26315789473684,69.88919667590028,12.0
-6.355561410532162,1,3.0,24.0,21.0,10.157894736842104,4.232686980609418,8.0,1.0,87.0,86.0,73.0,20.842105263157894,87.0,6.941,51.9961,45.055099999999996,20.982062421052632,9.249902515235458,15.9994,54.8,2180.0,2125.2,349.36210526315796,382.20332409972303,54.8,1.0,16.0,15.0,13.105263157894736,4.254847645429363,16.0,2.0,4.0,2.0,2.3684210526315788,0.5429362880886426,2.0,66.0,160.0,94.0,87.78947368421052,27.52354570637119,66.0,0.98,3.44,2.46,2.7900000000000005,0.8210526315789473,3.44,1.0,2.0,1.0,1.8421052631578947,0.2659279778393352,2.0,0.0,4.0,4.0,3.0,1.263157894736842,4.0,0.0,5.0,5.0,0.3684210526315789,0.6592797783933517,0.0,0.0,0.0,0.0,0.0,0.0,0.0,1.0,6.0,5.0,5.2105263157894735,1.0803324099722993,6.0,0.0,1.0,1.0,0.15789473684210525,0.26592797783933514,0.0,0.0,3.0,3.0,1.736842105263158,0.7313019390581716,2.0,0.0,8.0,8.0,0.6842105263157895,1.2243767313019391,0.0,0.0,0.0,0.0,0.0,0.0,0.0,1.0,8.0,7.0,2.5789473684210527,1.0637119113573406,2.0,9.105,22.5702380952,13.4652380952,12.528283208010526,4.465019126751247,9.105,0.0,1.625,1.625,0.2565789473684211,0.4321329639889197,0.0,0.0,2.25333333333e-05,2.25333333333e-05,1.1859649122789474e-06,2.2470914127390585e-06,0.0,2.0,229.0,227.0,54.26315789473684,69.88919667590028,12.0
-6.228412519118745,1,3.0,40.0,37.0,11.105263157894736,5.6288088642659275,8.0,1.0,87.0,86.0,73.05263157894737,20.759002770083104,87.0,6.941,91.224,84.283,23.264009789473686,12.612772321329642,15.9994,54.8,2180.0,2125.2,359.2042105263158,397.74349030470916,54.8,1.0,16.0,15.0,13.105263157894736,4.254847645429363,16.0,2.0,5.0,3.0,2.4210526315789473,0.6204986149584487,2.0,66.0,175.0,109.0,88.57894736842105,28.520775623268694,66.0,0.98,3.44,2.46,2.7789473684210524,0.8350138504155126,3.44,1.0,2.0,1.0,1.8421052631578947,0.2659279778393352,2.0,0.0,4.0,4.0,3.0,1.263157894736842,4.0,0.0,5.0,5.0,0.3684210526315789,0.6592797783933517,0.0,0.0,0.0,0.0,0.0,0.0,0.0,1.0,6.0,5.0,5.2105263157894735,1.0803324099722993,6.0,0.0,1.0,1.0,0.15789473684210525,0.26592797783933514,0.0,0.0,3.0,3.0,1.736842105263158,0.7313019390581716,2.0,0.0,8.0,8.0,0.6842105263157895,1.2243767313019391,0.0,0.0,0.0,0.0,0.0,0.0,0.0,1.0,8.0,7.0,2.5789473684210527,1.0637119113573406,2.0,9.105,23.195,14.09,12.870651629063158,4.9335232818759,9.105,0.0,1.625,1.625,0.2565789473684211,0.4321329639889197,0.0,0.0,0.0,0.0,0.0,0.0,0.0,2.0,229.0,227.0,54.26315789473684,69.88919667590028,12.0
-6.476253533188435,1,3.0,26.0,23.0,10.263157894736842,4.387811634349031,8.0,1.0,87.0,86.0,73.3157894736842,20.343490304709146,87.0,6.941,55.845,48.903999999999996,21.184636105263156,9.548432155124653,15.9994,54.8,1941.0,1886.2,329.941052631579,351.53850415512466,54.8,1.0,16.0,15.0,13.210526315789474,4.0886426592797775,16.0,2.0,4.0,2.0,2.3684210526315788,0.5429362880886426,2.0,66.0,160.0,94.0,87.42105263157895,27.058171745152357,66.0,0.98,3.44,2.46,2.7989473684210524,0.8097506925207757,3.44,1.0,2.0,1.0,1.894736842105263,0.18836565096952915,2.0,0.0,4.0,4.0,3.0,1.263157894736842,4.0,0.0,6.0,6.0,0.42105263157894735,0.7534626038781164,0.0,0.0,0.0,0.0,0.0,0.0,0.0,1.0,8.0,7.0,5.315789473684211,1.1468144044321331,6.0,0.0,1.0,1.0,0.10526315789473684,0.1883656509695291,0.0,0.0,3.0,3.0,1.736842105263158,0.7313019390581716,2.0,0.0,8.0,8.0,0.631578947368421,1.1301939058171744,0.0,0.0,0.0,0.0,0.0,0.0,0.0,1.0,8.0,7.0,2.473684210526316,0.9085872576177285,2.0,9.105,22.5702380952,13.4652380952,12.504072681694735,4.480309985477008,9.105,0.0,1.625,1.625,0.2565789473684211,0.4321329639889197,0.0,0.0,2.1106628,2.1106628,0.11108870175438597,0.21048148402585412,0.0,2.0,229.0,227.0,54.26315789473684,69.88919667590028,12.0
-6.841637507904751,1,3.0,40.0,37.0,11.210526315789474,5.78393351800554,8.0,1.0,87.0,86.0,73.36842105263158,20.26038781163435,87.0,6.941,91.224,84.283,23.46658347368421,12.911301961218838,15.9994,54.8,2128.0,2073.2,339.7831578947369,367.07867036011083,54.8,1.0,16.0,15.0,13.210526315789474,4.0886426592797775,16.0,2.0,5.0,3.0,2.4210526315789473,0.6204986149584487,2.0,66.0,175.0,109.0,88.21052631578948,28.055401662049864,66.0,0.98,3.44,2.46,2.787894736842105,0.8237119113573407,3.44,1.0,2.0,1.0,1.894736842105263,0.18836565096952915,2.0,0.0,4.0,4.0,3.0,1.263157894736842,4.0,0.0,6.0,6.0,0.42105263157894735,0.7534626038781164,0.0,0.0,0.0,0.0,0.0,0.0,0.0,1.0,8.0,7.0,5.315789473684211,1.1468144044321331,6.0,0.0,1.0,1.0,0.10526315789473684,0.1883656509695291,0.0,0.0,3.0,3.0,1.736842105263158,0.7313019390581716,2.0,0.0,8.0,8.0,0.631578947368421,1.1301939058171744,0.0,0.0,0.0,0.0,0.0,0.0,0.0,1.0,8.0,7.0,2.473684210526316,0.9085872576177285,2.0,9.105,23.195,14.09,12.84644110274737,4.948814140601662,9.105,0.0,1.625,1.625,0.2565789473684211,0.4321329639889197,0.0,0.0,2.1106628,2.1106628,0.11108751578947369,0.21048160886426595,0.0,2.0,229.0,227.0,54.26315789473684,69.88919667590028,12.0
-6.080921907623926,1,3.0,50.0,47.0,21.5,16.444444444444443,3.0,1.0,89.0,88.0,48.861111111111114,42.543209876543216,1.0,6.941,118.71,111.76899999999999,50.088499999999996,38.353333333333325,6.941,453.69,1211.4,757.71,496.93555555555554,41.04987654320987,453.69,1.0,16.0,15.0,9.11111111111111,7.209876543209877,1.0,2.0,5.0,3.0,3.1944444444444446,1.0617283950617284,2.0,120.0,139.0,19.0,125.13888888888889,4.853395061728396,120.0,0.98,2.55,1.5699999999999998,1.7880555555555553,0.7182716049382716,0.98,1.0,2.0,1.0,1.5555555555555556,0.4938271604938272,1.0,0.0,4.0,4.0,2.0,1.7777777777777777,0.0,0.0,10.0,10.0,5.555555555555555,4.938271604938271,0.0,0.0,0.0,0.0,0.0,0.0,0.0,1.0,16.0,15.0,9.11111111111111,7.209876543209877,1.0,0.0,1.0,1.0,0.4444444444444444,0.4938271604938272,0.0,0.0,4.0,4.0,1.3333333333333333,1.1851851851851853,0.0,0.0,0.0,0.0,0.0,0.0,0.0,0.0,0.0,0.0,0.0,0.0,0.0,1.0,4.0,3.0,1.7777777777777777,0.691358024691358,1.0,16.5933333333,33.285,16.691666666699998,22.307592592577777,5.07934156380247,16.5933333333,0.0,0.799,0.799,0.36575,0.38606944444444447,0.0,0.0,0.0,0.0,0.0,0.0,0.0,14.0,229.0,215.0,126.0,99.55555555555556,14.0
-5.7447274948966935,1,3.0,50.0,47.0,21.0,16.0,3.0,1.0,89.0,88.0,48.833333333333336,42.51851851851852,1.0,6.941,118.71,111.76899999999999,48.80877777777778,37.2158024691358,6.941,453.69,1211.4,757.71,516.5555555555555,77.20493827160493,453.69,1.0,16.0,15.0,9.11111111111111,7.209876543209877,1.0,2.0,5.0,3.0,3.1666666666666665,1.0370370370370372,2.0,120.0,139.0,19.0,124.61111111111111,4.611111111111111,120.0,0.98,2.55,1.5699999999999998,1.7894444444444442,0.7195061728395061,0.98,1.0,2.0,1.0,1.5555555555555556,0.4938271604938272,1.0,0.0,4.0,4.0,2.0,1.7777777777777777,0.0,0.0,10.0,10.0,5.555555555555555,4.938271604938271,0.0,0.0,0.0,0.0,0.0,0.0,0.0,1.0,16.0,15.0,9.11111111111111,7.209876543209877,1.0,0.0,1.0,1.0,0.4444444444444444,0.4938271604938272,0.0,0.0,4.0,4.0,1.3333333333333333,1.1851851851851853,0.0,0.0,0.0,0.0,0.0,0.0,0.0,0.0,0.0,0.0,0.0,0.0,0.0,1.0,4.0,3.0,1.7777777777777777,0.691358024691358,1.0,16.5933333333,33.285,16.691666666699998,22.022037037022223,4.8255144033086435,16.5933333333,0.0,0.799,0.799,0.3763888888888889,0.3763888888888889,0.0,0.0,0.0,0.0,0.0,0.0,0.0,14.0,229.0,215.0,128.33333333333334,101.62962962962962,14.0
-5.221848749616356,1,3.0,50.0,47.0,20.5,15.555555555555555,3.0,1.0,89.0,88.0,48.80555555555556,42.49382716049383,1.0,6.941,118.71,111.76899999999999,47.52905555555555,36.07827160493827,6.941,453.69,1211.4,757.71,536.1755555555555,112.53740740740741,453.69,1.0,16.0,15.0,9.11111111111111,7.209876543209877,1.0,2.0,5.0,3.0,3.138888888888889,1.0123456790123457,2.0,120.0,139.0,19.0,124.08333333333333,4.310185185185185,120.0,0.98,2.55,1.5699999999999998,1.7908333333333333,0.7207407407407407,0.98,1.0,2.0,1.0,1.5555555555555556,0.4938271604938272,1.0,0.0,4.0,4.0,2.0,1.7777777777777777,0.0,0.0,10.0,10.0,5.555555555555555,4.938271604938271,0.0,0.0,0.0,0.0,0.0,0.0,0.0,1.0,16.0,15.0,9.11111111111111,7.209876543209877,1.0,0.0,1.0,1.0,0.4444444444444444,0.4938271604938272,0.0,0.0,4.0,4.0,1.3333333333333333,1.1851851851851853,0.0,0.0,0.0,0.0,0.0,0.0,0.0,0.0,0.0,0.0,0.0,0.0,0.0,1.0,4.0,3.0,1.7777777777777777,0.691358024691358,1.0,16.5933333333,33.285,16.691666666699998,21.73648148146667,4.571687242814816,16.5933333333,0.0,0.799,0.799,0.38702777777777775,0.36619753086419754,0.0,0.0,0.0,0.0,0.0,0.0,0.0,14.0,229.0,215.0,130.66666666666666,103.7037037037037,14.0
-11.886056647693165,1,3.0,32.0,29.0,8.444444444444445,5.234567901234568,3.0,1.0,87.0,86.0,47.888888888888886,41.67901234567901,1.0,6.941,72.64,65.699,18.266844444444445,12.082923456790123,6.941,54.8,1211.4,1156.6000000000001,360.5955555555555,271.8182716049383,54.8,1.0,16.0,15.0,9.11111111111111,7.209876543209877,1.0,2.0,4.0,2.0,2.2222222222222223,0.3950617283950618,2.0,66.0,128.0,62.0,99.55555555555556,29.82716049382716,66.0,0.98,3.44,2.46,2.1877777777777774,1.1130864197530863,0.98,1.0,2.0,1.0,1.5555555555555556,0.4938271604938272,1.0,0.0,4.0,4.0,2.0,1.7777777777777777,0.0,0.0,10.0,10.0,1.1111111111111112,1.9753086419753088,0.0,0.0,0.0,0.0,0.0,0.0,0.0,1.0,14.0,13.0,4.666666666666667,3.259259259259259,1.0,0.0,1.0,1.0,0.4444444444444444,0.4938271604938272,0.0,0.0,4.0,4.0,1.3333333333333333,1.1851851851851853,0.0,0.0,0.0,0.0,0.0,0.0,0.0,0.0,0.0,0.0,0.0,0.0,0.0,1.0,4.0,3.0,1.7777777777777777,0.691358024691358,1.0,9.105,23.005,13.899999999999999,13.977592592577777,4.331193415624691,9.105,0.0,0.383,0.383,0.042555555555555555,0.07565432098765432,0.0,0.0,0.0,0.0,0.0,0.0,0.0,12.0,229.0,217.0,132.11111111111111,106.76543209876543,12.0
-5.070581074285707,1,3.0,34.0,31.0,14.0,9.777777777777779,3.0,1.0,89.0,88.0,48.44444444444444,42.172839506172835,1.0,6.941,78.96,72.01899999999999,30.617666666666665,21.04592592592592,6.941,388.36,1211.4,823.0400000000001,520.5822222222222,153.51506172839507,453.69,1.0,16.0,15.0,9.11111111111111,7.209876543209877,1.0,2.0,4.0,2.0,2.7777777777777777,0.691358024691358,2.0,105.0,128.0,23.0,118.55555555555556,9.037037037037036,128.0,0.98,2.58,1.6,1.8022222222222222,0.7308641975308642,0.98,1.0,2.0,1.0,1.5555555555555556,0.4938271604938272,1.0,0.0,4.0,4.0,2.0,1.7777777777777777,0.0,0.0,10.0,10.0,2.2222222222222223,3.4567901234567904,0.0,0.0,0.0,0.0,0.0,0.0,0.0,1.0,16.0,15.0,5.777777777777778,4.246913580246914,1.0,0.0,1.0,1.0,0.4444444444444444,0.4938271604938272,1.0,0.0,4.0,4.0,1.3333333333333333,1.1851851851851851,0.0,0.0,0.0,0.0,0.0,0.0,0.0,0.0,0.0,0.0,0.0,0.0,0.0,1.0,4.0,3.0,1.7777777777777777,0.691358024691358,1.0,16.5933333333,25.92,9.326666666700003,21.406550925911112,4.278415637876543,16.5933333333,0.0,2.202,2.202,0.8653333333333334,0.8911111111111111,0.0,0.0,0.0,0.0,0.0,0.0,0.0,14.0,229.0,215.0,151.66666666666666,85.03703703703704,229.0
-6.698970004336019,1,3.0,32.0,29.0,12.0,8.0,3.0,1.0,88.0,87.0,48.333333333333336,42.07407407407407,1.0,6.941,72.64,65.699,25.40711111111111,16.41432098765432,6.941,388.36,1211.4,823.0400000000001,508.8444444444445,156.1234567901235,388.36,1.0,16.0,15.0,9.11111111111111,7.209876543209877,1.0,2.0,4.0,2.0,2.6666666666666665,0.5925925925925927,2.0,105.0,128.0,23.0,116.88888888888889,10.567901234567902,105.0,0.98,2.58,1.6,1.8055555555555556,0.7338271604938272,0.98,1.0,2.0,1.0,1.5555555555555556,0.4938271604938272,1.0,0.0,4.0,4.0,2.0,1.7777777777777777,0.0,0.0,10.0,10.0,1.1111111111111112,1.9753086419753088,0.0,0.0,0.0,0.0,0.0,0.0,0.0,1.0,14.0,13.0,4.666666666666667,3.259259259259259,1.0,0.0,1.0,1.0,0.4444444444444444,0.4938271604938272,0.0,0.0,4.0,4.0,1.3333333333333333,1.1851851851851853,0.0,0.0,0.0,0.0,0.0,0.0,0.0,0.0,0.0,0.0,0.0,0.0,0.0,1.0,4.0,3.0,1.7777777777777777,0.691358024691358,1.0,16.5933333333,25.786875,9.1935416667,21.39175925924444,4.265267489728395,16.5933333333,0.0,2.202,2.202,1.021222222222222,1.0495802469135802,0.0,0.0,0.0,0.0,0.0,0.0,0.0,70.0,229.0,159.0,157.88888888888889,78.12345679012346,70.0
-4.823908740944319,1,3.0,34.0,31.0,18.0,13.777777777777779,3.0,1.0,89.0,88.0,48.666666666666664,42.37037037037037,1.0,6.941,78.96,72.01899999999999,41.038777777777774,32.3033086419753,6.941,388.36,1211.4,823.0400000000001,544.0577777777778,148.29827160493832,453.69,1.0,16.0,15.0,9.11111111111111,7.209876543209877,1.0,2.0,4.0,2.0,3.0,0.8888888888888888,2.0,105.0,128.0,23.0,121.88888888888889,5.432098765432098,128.0,0.98,2.58,1.6,1.7955555555555556,0.7249382716049382,0.98,1.0,2.0,1.0,1.5555555555555556,0.4938271604938272,1.0,0.0,4.0,4.0,2.0,1.7777777777777777,0.0,0.0,10.0,10.0,4.444444444444445,4.938271604938271,0.0,0.0,0.0,0.0,0.0,0.0,0.0,1.0,16.0,15.0,8.0,6.666666666666667,1.0,0.0,1.0,1.0,0.4444444444444444,0.4938271604938272,1.0,0.0,4.0,4.0,1.3333333333333333,1.1851851851851851,0.0,0.0,0.0,0.0,0.0,0.0,0.0,0.0,0.0,0.0,0.0,0.0,0.0,1.0,4.0,3.0,1.7777777777777777,0.691358024691358,1.0,16.5933333333,25.92,9.326666666700003,21.43613425924444,4.304711934172841,16.5933333333,0.0,2.202,2.202,0.5535555555555556,0.5299506172839507,0.0,0.0,0.0,0.0,0.0,0.0,0.0,14.0,229.0,215.0,139.22222222222223,98.8641975308642,229.0
-4.552841968657781,1,3.0,34.0,31.0,16.0,11.555555555555555,3.0,1.0,89.0,88.0,48.55555555555556,42.27160493827161,1.0,6.941,78.96,72.01899999999999,35.828222222222216,27.350074074074072,6.941,388.36,1211.4,823.0400000000001,532.32,150.90666666666672,453.69,1.0,16.0,15.0,9.11111111111111,7.209876543209877,1.0,2.0,4.0,2.0,2.888888888888889,0.7901234567901234,2.0,105.0,128.0,23.0,120.22222222222223,6.913580246913581,128.0,0.98,2.58,1.6,1.7988888888888885,0.7279012345679012,0.98,1.0,2.0,1.0,1.5555555555555556,0.4938271604938272,1.0,0.0,4.0,4.0,2.0,1.7777777777777777,0.0,0.0,10.0,10.0,3.3333333333333335,4.444444444444445,0.0,0.0,0.0,0.0,0.0,0.0,0.0,1.0,16.0,15.0,6.888888888888889,5.62962962962963,1.0,0.0,1.0,1.0,0.4444444444444444,0.4938271604938272,1.0,0.0,4.0,4.0,1.3333333333333333,1.1851851851851853,0.0,0.0,0.0,0.0,0.0,0.0,0.0,0.0,0.0,0.0,0.0,0.0,0.0,1.0,4.0,3.0,1.7777777777777777,0.691358024691358,1.0,16.5933333333,25.92,9.326666666700003,21.421342592577776,4.2915637860246925,16.5933333333,0.0,2.202,2.202,0.7094444444444444,0.7031604938271605,0.0,0.0,0.0,0.0,0.0,0.0,0.0,14.0,229.0,215.0,145.44444444444446,91.95061728395062,229.0
-5.301029995663981,1,3.0,34.0,31.0,20.0,15.11111111111111,3.0,1.0,89.0,88.0,48.77777777777778,42.46913580246914,1.0,6.941,78.96,72.01899999999999,46.24933333333333,34.940740740740736,6.941,453.69,1211.4,757.71,555.7955555555556,145.68987654320986,453.69,1.0,16.0,15.0,9.11111111111111,7.209876543209877,1.0,2.0,4.0,2.0,3.111111111111111,0.9876543209876544,2.0,120.0,128.0,8.0,123.55555555555556,3.9506172839506175,120.0,0.98,2.55,1.5699999999999998,1.7922222222222222,0.7219753086419752,0.98,1.0,2.0,1.0,1.5555555555555556,0.4938271604938272,1.0,0.0,4.0,4.0,2.0,1.7777777777777777,0.0,0.0,10.0,10.0,5.555555555555555,4.938271604938271,0.0,0.0,0.0,0.0,0.0,0.0,0.0,1.0,16.0,15.0,9.11111111111111,7.209876543209877,1.0,0.0,1.0,1.0,0.4444444444444444,0.4938271604938272,0.0,0.0,4.0,4.0,1.3333333333333333,1.1851851851851853,0.0,0.0,0.0,0.0,0.0,0.0,0.0,0.0,0.0,0.0,0.0,0.0,0.0,1.0,4.0,3.0,1.7777777777777777,0.691358024691358,1.0,16.5933333333,25.92,9.326666666700003,21.450925925911108,4.317860082320989,16.5933333333,0.0,0.799,0.799,0.39766666666666667,0.35674074074074075,0.0,0.0,0.0,0.0,0.0,0.0,0.0,14.0,229.0,215.0,133.0,105.77777777777777,14.0
-7.562249437179612,1,3.0,72.0,69.0,14.105263157894736,10.049861495844874,8.0,1.0,87.0,86.0,74.47368421052632,18.57063711911357,87.0,6.941,178.49,171.549,31.163372947368423,24.31381622160665,15.9994,54.8,2506.0,2451.2,286.9805263157895,293.2806648199446,54.8,1.0,16.0,15.0,13.473684210526315,3.6731301939058176,16.0,2.0,6.0,4.0,2.526315789473684,0.775623268698061,2.0,66.0,175.0,109.0,88.73684210526316,28.720221606648202,66.0,0.98,3.44,2.46,2.783684210526316,0.8290304709141273,3.44,1.0,2.0,1.0,1.894736842105263,0.18836565096952915,2.0,0.0,4.0,4.0,3.0526315789473686,1.1966759002770082,4.0,0.0,10.0,10.0,0.631578947368421,1.1301939058171744,0.0,0.0,14.0,14.0,0.7368421052631579,1.3961218836565095,0.0,1.0,18.0,17.0,6.315789473684211,1.9335180055401662,6.0,0.0,1.0,1.0,0.10526315789473684,0.1883656509695291,0.0,0.0,5.0,5.0,2.0,0.631578947368421,2.0,0.0,8.0,8.0,0.42105263157894735,0.7977839335180056,0.0,0.0,0.0,0.0,0.0,0.0,0.0,1.0,8.0,7.0,2.526315789473684,0.9861495844875346,2.0,9.105,24.26,15.155000000000001,13.506177944852631,5.559382667182271,9.105,0.0,1.625,1.625,0.2565789473684211,0.4321329639889197,0.0,0.0,0.0,0.0,0.0,0.0,0.0,2.0,229.0,227.0,49.526315789473685,62.40997229916897,12.0
-5.080921907623926,1,3.0,49.0,46.0,11.473684210526315,6.17174515235457,8.0,1.0,87.0,86.0,74.36842105263158,18.74792243767313,87.0,6.941,114.818,107.877,24.288478210526318,14.122515257617728,15.9994,54.8,1941.0,1886.2,257.2436842105264,255.71833795013853,54.8,1.0,16.0,15.0,13.473684210526315,3.6731301939058176,16.0,2.0,5.0,3.0,2.4210526315789473,0.6204986149584487,2.0,66.0,160.0,94.0,87.94736842105263,27.72299168975069,66.0,0.98,3.44,2.46,2.7963157894736845,0.8130747922437672,3.44,1.0,2.0,1.0,1.894736842105263,0.18836565096952915,2.0,0.0,4.0,4.0,3.0526315789473686,1.1966759002770082,4.0,0.0,10.0,10.0,0.631578947368421,1.1301939058171744,0.0,0.0,0.0,0.0,0.0,0.0,0.0,1.0,13.0,12.0,5.578947368421052,1.3130193905817176,6.0,0.0,1.0,1.0,0.10526315789473684,0.1883656509695291,0.0,0.0,5.0,5.0,2.0,0.631578947368421,2.0,0.0,8.0,8.0,0.42105263157894735,0.7977839335180056,0.0,0.0,0.0,0.0,0.0,0.0,0.0,1.0,8.0,7.0,2.526315789473684,0.9861495844875346,2.0,9.105,24.26,15.155000000000001,13.216177944852632,5.193066877708587,9.105,0.0,1.625,1.625,0.2565789473684211,0.4321329639889197,0.0,0.0,2.25333333333e-05,2.25333333333e-05,1.1859649122789474e-06,2.2470914127390585e-06,0.0,2.0,229.0,227.0,49.526315789473685,62.40997229916897,12.0
-7.0851281824599495,1,3.0,49.0,46.0,12.421052631578947,7.56786703601108,8.0,1.0,87.0,86.0,74.42105263157895,18.659279778393355,87.0,6.941,114.818,107.877,26.57042557894737,17.485385063711913,15.9994,54.8,2128.0,2073.2,267.08578947368426,268.1504709141274,54.8,1.0,16.0,15.0,13.473684210526315,3.6731301939058176,16.0,2.0,5.0,3.0,2.473684210526316,0.6980609418282548,2.0,66.0,175.0,109.0,88.73684210526316,28.720221606648202,66.0,0.98,3.44,2.46,2.785263157894737,0.8270360110803324,3.44,1.0,2.0,1.0,1.894736842105263,0.18836565096952915,2.0,0.0,4.0,4.0,3.0526315789473686,1.1966759002770082,4.0,0.0,10.0,10.0,0.631578947368421,1.1301939058171744,0.0,0.0,0.0,0.0,0.0,0.0,0.0,1.0,13.0,12.0,5.578947368421052,1.3130193905817176,6.0,0.0,1.0,1.0,0.10526315789473684,0.1883656509695291,0.0,0.0,5.0,5.0,2.0,0.631578947368421,2.0,0.0,8.0,8.0,0.42105263157894735,0.7977839335180056,0.0,0.0,0.0,0.0,0.0,0.0,0.0,1.0,8.0,7.0,2.526315789473684,0.9861495844875346,2.0,9.105,24.26,15.155000000000001,13.558546365905263,5.625532251669806,9.105,0.0,1.625,1.625,0.2565789473684211,0.4321329639889197,0.0,0.0,0.0,0.0,0.0,0.0,0.0,2.0,229.0,227.0,49.526315789473685,62.40997229916897,12.0
-6.204815410317576,1,3.0,17.0,14.0,12.285714285714286,5.387755102040816,17.0,1.0,94.0,93.0,63.714285714285715,35.83673469387755,94.0,6.941,35.453,28.512000000000004,25.71414285714286,11.130122448979593,35.453,171.6,923.0,751.4,359.54,214.78857142857143,171.6,1.0,17.0,16.0,10.285714285714286,7.673469387755103,17.0,2.0,3.0,1.0,2.7142857142857144,0.4081632653061224,3.0,102.0,141.0,39.0,115.0,14.857142857142858,102.0,0.98,3.16,2.18,2.2728571428571427,1.0138775510204083,3.16,1.0,2.0,1.0,1.7142857142857142,0.4081632653061225,2.0,0.0,5.0,5.0,2.857142857142857,2.4489795918367347,5.0,0.0,0.0,0.0,0.0,0.0,0.0,0.0,0.0,0.0,0.0,0.0,0.0,1.0,7.0,6.0,4.571428571428571,2.775510204081633,7.0,0.0,1.0,1.0,0.2857142857142857,0.40816326530612246,0.0,0.0,1.0,1.0,0.5714285714285714,0.489795918367347,1.0,0.0,0.0,0.0,0.0,0.0,0.0,0.0,0.0,0.0,0.0,0.0,0.0,0.0,1.0,1.0,0.8571428571428571,0.2448979591836735,1.0,16.5933333333,24.4975,7.9041666667,22.009523809514285,3.0949659864081633,24.4975,0.0,2.493,2.493,1.4245714285714286,1.221061224489796,2.493,0.0,0.0,0.0,0.0,0.0,0.0,64.0,229.0,165.0,129.71428571428572,75.10204081632654,64.0
-5.319664486585437,1,3.0,25.0,22.0,14.142857142857142,6.36734693877551,17.0,1.0,94.0,93.0,61.42857142857143,37.224489795918366,94.0,6.941,54.938045,47.997045,30.090292142857145,13.228166938775512,35.453,171.6,1519.0,1347.4,444.6828571428572,312.094693877551,171.6,1.0,17.0,16.0,11.0,6.857142857142857,17.0,2.0,4.0,2.0,2.857142857142857,0.4897959183673469,3.0,102.0,139.0,37.0,114.71428571428571,14.530612244897958,102.0,0.98,3.16,2.18,2.307142857142857,0.9746938775510205,3.16,1.0,2.0,1.0,1.7142857142857142,0.4081632653061225,2.0,0.0,5.0,5.0,2.857142857142857,2.4489795918367347,5.0,0.0,5.0,5.0,0.7142857142857143,1.2244897959183674,0.0,0.0,0.0,0.0,0.0,0.0,0.0,1.0,7.0,6.0,5.285714285714286,2.4489795918367347,7.0,0.0,1.0,1.0,0.2857142857142857,0.40816326530612246,0.0,0.0,1.0,1.0,0.5714285714285714,0.489795918367347,1.0,0.0,5.0,5.0,0.7142857142857143,1.2244897959183674,0.0,0.0,0.0,0.0,0.0,0.0,0.0,1.0,5.0,4.0,1.5714285714285714,0.9795918367346939,1.0,10.4875862069,24.4975,14.009913793099999,20.237750410500002,4.868285245142856,24.4975,0.0,2.493,2.493,1.4245714285714286,1.221061224489796,2.493,0.0,0.000310120689655,0.000310120689655,4.4302955665e-05,7.594792399714285e-05,0.0,64.0,229.0,165.0,133.0,78.85714285714286,64.0
-7.30715308072277,1,3.0,16.0,13.0,10.0,6.222222222222222,3.0,1.0,88.0,87.0,48.22222222222222,41.97530864197531,1.0,6.941,32.065,25.124,20.456611111111112,12.013876543209875,6.941,388.36,1687.0,1298.6399999999999,561.688888888889,250.06913580246925,388.36,1.0,16.0,15.0,9.11111111111111,7.209876543209877,1.0,2.0,3.0,1.0,2.5555555555555554,0.4938271604938272,2.0,105.0,128.0,23.0,115.88888888888889,10.765432098765432,105.0,0.98,2.58,1.6,1.7933333333333334,0.722962962962963,0.98,1.0,2.0,1.0,1.5555555555555556,0.4938271604938272,1.0,0.0,4.0,4.0,2.0,1.7777777777777777,0.0,0.0,0.0,0.0,0.0,0.0,0.0,0.0,0.0,0.0,0.0,0.0,0.0,1.0,6.0,5.0,3.5555555555555554,2.271604938271605,1.0,0.0,1.0,1.0,0.4444444444444444,0.4938271604938272,0.0,0.0,4.0,4.0,1.3333333333333333,1.1851851851851853,0.0,0.0,0.0,0.0,0.0,0.0,0.0,0.0,0.0,0.0,0.0,0.0,0.0,1.0,4.0,3.0,1.7777777777777777,0.691358024691358,1.0,16.5933333333,25.786875,9.1935416667,21.10675925924444,4.160102880671605,16.5933333333,0.0,2.202,2.202,1.0645555555555555,1.0110617283950616,0.0,0.0,0.0,0.0,0.0,0.0,0.0,70.0,229.0,159.0,158.11111111111111,78.32098765432099,70.0
-4.1249387366083,1,3.0,50.0,47.0,16.0,11.555555555555555,3.0,1.0,89.0,88.0,48.55555555555556,42.27160493827161,1.0,6.941,118.71,111.76899999999999,35.736555555555555,28.043753086419752,6.941,388.36,505.08,116.71999999999997,442.1022222222222,35.82814814814814,453.69,1.0,16.0,15.0,9.11111111111111,7.209876543209877,1.0,2.0,5.0,3.0,2.888888888888889,0.7901234567901234,2.0,105.0,139.0,34.0,120.66666666666667,10.592592592592592,128.0,0.98,2.58,1.6,1.7966666666666669,0.7259259259259259,0.98,1.0,2.0,1.0,1.5555555555555556,0.4938271604938272,1.0,0.0,4.0,4.0,2.0,1.7777777777777777,0.0,0.0,10.0,10.0,2.2222222222222223,3.4567901234567904,0.0,0.0,0.0,0.0,0.0,0.0,0.0,1.0,16.0,15.0,5.777777777777778,4.246913580246914,1.0,0.0,1.0,1.0,0.4444444444444444,0.4938271604938272,1.0,0.0,4.0,4.0,1.3333333333333333,1.1851851851851851,0.0,0.0,0.0,0.0,0.0,0.0,0.0,0.0,0.0,0.0,0.0,0.0,0.0,1.0,4.0,3.0,1.7777777777777777,0.691358024691358,1.0,16.5933333333,33.285,16.691666666699998,22.548773148133332,5.293724279851852,16.5933333333,0.0,2.202,2.202,0.8227777777777778,0.9194814814814813,0.0,0.0,0.0,0.0,0.0,0.0,0.0,14.0,229.0,215.0,142.33333333333334,77.03703703703704,229.0
-4.154901959985743,1,3.0,50.0,47.0,14.0,9.777777777777779,3.0,1.0,88.0,87.0,48.44444444444444,42.172839506172835,1.0,6.941,118.71,111.76899999999999,30.525999999999996,20.964444444444446,6.941,388.36,505.08,116.71999999999997,430.3644444444445,37.33728395061727,388.36,1.0,16.0,15.0,9.11111111111111,7.209876543209877,1.0,2.0,5.0,3.0,2.7777777777777777,0.691358024691358,2.0,105.0,139.0,34.0,119.0,12.444444444444445,105.0,0.98,2.58,1.6,1.7999999999999998,0.7288888888888889,0.98,1.0,2.0,1.0,1.5555555555555556,0.4938271604938272,1.0,0.0,4.0,4.0,2.0,1.7777777777777777,0.0,0.0,10.0,10.0,1.1111111111111112,1.9753086419753088,0.0,0.0,0.0,0.0,0.0,0.0,0.0,1.0,14.0,13.0,4.666666666666667,3.259259259259259,1.0,0.0,1.0,1.0,0.4444444444444444,0.4938271604938272,0.0,0.0,4.0,4.0,1.3333333333333333,1.1851851851851853,0.0,0.0,0.0,0.0,0.0,0.0,0.0,0.0,0.0,0.0,0.0,0.0,0.0,1.0,4.0,3.0,1.7777777777777777,0.691358024691358,1.0,16.5933333333,33.285,16.691666666699998,22.533981481466665,5.280576131703703,16.5933333333,0.0,2.202,2.202,0.9786666666666667,1.0874074074074072,0.0,0.0,0.0,0.0,0.0,0.0,0.0,70.0,229.0,159.0,148.55555555555554,71.50617283950618,70.0
-6.022276394711152,1,3.0,50.0,47.0,20.0,16.0,3.0,1.0,89.0,88.0,48.77777777777778,42.46913580246913,1.0,6.941,118.71,111.76899999999999,46.157666666666664,37.99096296296296,6.941,388.36,505.08,116.71999999999997,465.57777777777784,27.726419753086425,453.69,1.0,16.0,15.0,9.11111111111111,7.209876543209877,1.0,2.0,5.0,3.0,3.111111111111111,1.0123456790123457,2.0,105.0,139.0,34.0,124.0,6.888888888888889,128.0,0.98,2.58,1.6,1.79,0.72,0.98,1.0,2.0,1.0,1.5555555555555556,0.4938271604938272,1.0,0.0,4.0,4.0,2.0,1.7777777777777777,0.0,0.0,10.0,10.0,4.444444444444445,4.938271604938271,0.0,0.0,0.0,0.0,0.0,0.0,0.0,1.0,16.0,15.0,8.0,6.666666666666667,1.0,0.0,1.0,1.0,0.4444444444444444,0.4938271604938272,1.0,0.0,4.0,4.0,1.3333333333333333,1.1851851851851851,0.0,0.0,0.0,0.0,0.0,0.0,0.0,0.0,0.0,0.0,0.0,0.0,0.0,1.0,4.0,3.0,1.7777777777777777,0.691358024691358,1.0,16.5933333333,33.285,16.691666666699998,22.578356481466667,5.320020576148148,16.5933333333,0.0,2.202,2.202,0.511,0.5677777777777778,0.0,0.0,0.0,0.0,0.0,0.0,0.0,14.0,229.0,215.0,129.88888888888889,90.5679012345679,229.0
-4.443697499232712,1,3.0,50.0,47.0,18.0,14.222222222222221,3.0,1.0,89.0,88.0,48.666666666666664,42.370370370370374,1.0,6.941,118.71,111.76899999999999,40.94711111111111,34.175259259259256,6.941,388.36,505.08,116.71999999999997,453.84000000000003,29.235555555555564,453.69,1.0,16.0,15.0,9.11111111111111,7.209876543209877,1.0,2.0,5.0,3.0,3.0,0.8888888888888888,2.0,105.0,139.0,34.0,122.33333333333333,8.74074074074074,128.0,0.98,2.58,1.6,1.7933333333333334,0.722962962962963,0.98,1.0,2.0,1.0,1.5555555555555556,0.4938271604938272,1.0,0.0,4.0,4.0,2.0,1.7777777777777777,0.0,0.0,10.0,10.0,3.3333333333333335,4.444444444444445,0.0,0.0,0.0,0.0,0.0,0.0,0.0,1.0,16.0,15.0,6.888888888888889,5.62962962962963,1.0,0.0,1.0,1.0,0.4444444444444444,0.4938271604938272,1.0,0.0,4.0,4.0,1.3333333333333333,1.1851851851851853,0.0,0.0,0.0,0.0,0.0,0.0,0.0,0.0,0.0,0.0,0.0,0.0,0.0,1.0,4.0,3.0,1.7777777777777777,0.691358024691358,1.0,16.5933333333,33.285,16.691666666699998,22.5635648148,5.306872428,16.5933333333,0.0,2.202,2.202,0.6668888888888889,0.7409876543209877,0.0,0.0,0.0,0.0,0.0,0.0,0.0,14.0,229.0,215.0,136.11111111111111,83.65432098765433,229.0
-4.823908740944319,1,3.0,50.0,47.0,17.333333333333332,10.888888888888888,16.0,1.0,88.0,87.0,57.666666666666664,37.77777777777778,88.0,6.941,118.71,111.76899999999999,38.131166666666665,26.85961111111111,32.065,388.36,505.08,116.71999999999997,429.59,41.22999999999999,388.36,1.0,16.0,15.0,10.666666666666666,6.444444444444444,16.0,2.0,5.0,3.0,3.0,0.6666666666666666,3.0,105.0,139.0,34.0,118.33333333333333,13.333333333333334,105.0,0.98,2.58,1.6,1.9433333333333334,0.6422222222222222,2.58,1.0,2.0,1.0,1.6666666666666667,0.4444444444444444,2.0,0.0,4.0,4.0,2.3333333333333335,1.6666666666666667,4.0,0.0,10.0,10.0,1.6666666666666667,2.777777777777778,0.0,0.0,0.0,0.0,0.0,0.0,0.0,1.0,14.0,13.0,5.666666666666667,3.1111111111111107,6.0,0.0,1.0,1.0,0.3333333333333333,0.4444444444444445,0.0,0.0,4.0,4.0,1.6666666666666667,1.111111111111111,2.0,0.0,0.0,0.0,0.0,0.0,0.0,0.0,0.0,0.0,0.0,0.0,0.0,1.0,4.0,3.0,2.0,0.6666666666666666,2.0,16.5933333333,33.285,16.691666666699998,23.972048611099996,4.919143518533334,25.786875,0.0,2.202,2.202,1.101,1.101,2.202,0.0,0.0,0.0,0.0,0.0,0.0,70.0,229.0,159.0,134.83333333333334,64.83333333333333,70.0
-17.255707016877324,1,3.0,30.0,27.0,9.066666666666666,4.373333333333333,8.0,1.0,87.0,86.0,62.333333333333336,32.71111111111111,87.0,6.941,65.38,58.43899999999999,18.872448266666666,9.428023893333334,15.9994,54.8,692.68,637.88,238.696,196.15573333333336,54.8,1.0,16.0,15.0,11.6,5.653333333333333,16.0,2.0,4.0,2.0,2.2666666666666666,0.42666666666666664,2.0,66.0,128.0,62.0,91.73333333333333,27.44888888888889,66.0,0.98,3.44,2.46,2.4979999999999998,1.0048,3.44,1.0,2.0,1.0,1.7333333333333334,0.3911111111111111,2.0,0.0,4.0,4.0,2.533333333333333,1.688888888888889,4.0,0.0,10.0,10.0,0.6666666666666666,1.2444444444444445,0.0,0.0,0.0,0.0,0.0,0.0,0.0,1.0,12.0,11.0,4.933333333333334,2.0977777777777775,6.0,0.0,1.0,1.0,0.26666666666666666,0.39111111111111113,0.0,0.0,3.0,3.0,1.4666666666666666,0.9777777777777779,2.0,0.0,0.0,0.0,0.0,0.0,0.0,0.0,0.0,0.0,0.0,0.0,0.0,0.0,3.0,3.0,1.7333333333333334,0.6222222222222221,2.0,9.105,22.5702380952,13.4652380952,13.220920634906665,4.390315343900443,9.105,0.0,1.625,1.625,0.21666666666666667,0.37555555555555553,0.0,0.0,0.0,0.0,0.0,0.0,0.0,2.0,229.0,227.0,80.66666666666667,94.22222222222223,12.0
-8.978810700930062,1,3.0,51.0,48.0,20.03448275862069,13.881093935790727,16.0,1.0,88.0,87.0,61.827586206896555,35.65755053507729,88.0,6.941,121.76,114.819,44.805120689655176,34.49701486325803,32.065,388.36,903.78,515.42,523.0336206896551,170.6794114149821,388.36,1.0,16.0,15.0,11.379310344827585,6.084423305588586,16.0,2.0,5.0,3.0,3.1551724137931036,0.8269916765755054,3.0,105.0,139.0,34.0,119.36206896551724,13.866825208085613,105.0,0.98,2.58,1.6,1.992241379310345,0.5933828775267537,2.58,1.0,2.0,1.0,1.706896551724138,0.41438763376932225,2.0,0.0,4.0,4.0,2.603448275862069,1.5261593341260404,4.0,0.0,10.0,10.0,2.2413793103448274,3.478002378121284,0.0,0.0,0.0,0.0,0.0,0.0,0.0,1.0,15.0,14.0,6.551724137931035,3.7871581450653986,6.0,0.0,1.0,1.0,0.29310344827586204,0.41438763376932225,0.0,0.0,3.0,3.0,1.6379310344827587,0.960166468489893,2.0,0.0,0.0,0.0,0.0,0.0,0.0,0.0,0.0,0.0,0.0,0.0,0.0,1.0,3.0,2.0,1.9310344827586208,0.5457788347205708,2.0,16.5933333333,31.56,14.9666666667,24.38619252872586,4.568227804215161,25.786875,0.0,2.202,2.202,1.0630344827586207,1.099690844233056,2.202,0.0,0.0,0.0,0.0,0.0,0.0,70.0,229.0,159.0,138.1206896551724,65.77170035671818,70.0
-15.0,1,3.0,32.0,29.0,11.428571428571429,6.326530612244897,8.0,1.0,87.0,86.0,71.57142857142857,20.16326530612245,87.0,6.941,72.64,65.699,24.365734085714287,14.54002012244898,15.9994,54.8,1211.4,1156.6000000000001,402.53714285714284,397.41387755102045,54.8,1.0,16.0,15.0,13.142857142857142,3.5102040816326534,16.0,2.0,4.0,2.0,2.4285714285714284,0.6122448979591837,2.0,66.0,128.0,62.0,90.42857142857143,27.918367346938776,66.0,0.98,3.44,2.46,2.622857142857143,0.933877551020408,3.44,1.0,2.0,1.0,1.8571428571428572,0.2448979591836734,2.0,0.0,4.0,4.0,2.7142857142857144,1.469387755102041,4.0,0.0,10.0,10.0,1.4285714285714286,2.4489795918367347,0.0,0.0,0.0,0.0,0.0,0.0,0.0,1.0,14.0,13.0,6.0,2.2857142857142856,6.0,0.0,1.0,1.0,0.14285714285714285,0.24489795918367344,0.0,0.0,5.0,5.0,2.4285714285714284,1.183673469387755,2.0,0.0,0.0,0.0,0.0,0.0,0.0,0.0,0.0,0.0,0.0,0.0,0.0,1.0,5.0,4.0,2.5714285714285716,1.1020408163265307,2.0,9.105,23.005,13.899999999999999,13.214047619042857,4.6960544217632645,9.105,0.0,0.383,0.383,0.054714285714285715,0.09379591836734694,0.0,0.0,0.0,0.0,0.0,0.0,0.0,12.0,229.0,217.0,103.85714285714286,104.9795918367347,12.0
-6.853871964321762,1,1.0,13.0,12.0,2.8,2.1599999999999997,1.0,1.0,92.0,91.0,62.8,37.080000000000005,92.0,1.00794,26.9815386,25.9735986,5.38521786,5.252733432,1.00794,14.01,933.47,919.46,237.86,268.62,14.01,1.0,13.0,12.0,2.2,2.1600000000000006,1.0,1.0,3.0,2.0,1.5,0.6,1.0,31.0,128.0,97.0,69.1,45.72,31.0,0.98,2.2,1.2200000000000002,1.775,0.5100000000000001,2.2,1.0,2.0,1.0,1.1,0.18000000000000008,1.0,0.0,1.0,1.0,0.1,0.18000000000000002,0.0,0.0,0.0,0.0,0.0,0.0,0.0,0.0,0.0,0.0,0.0,0.0,0.0,1.0,3.0,2.0,1.2,0.36,1.0,0.0,1.0,1.0,0.9,0.18,1.0,0.0,5.0,5.0,0.5,0.9,0.0,0.0,0.0,0.0,0.0,0.0,0.0,0.0,0.0,0.0,0.0,0.0,0.0,1.0,5.0,4.0,1.4,0.72,1.0,6.615,16.5933333333,9.978333333299998,10.59499999999,4.775999999988,6.615,0.0,7.853,7.853,4.711799999999999,3.7694400000000003,7.853,0.0,0.0,0.0,0.0,0.0,0.0,194.0,229.0,35.0,207.6,16.32,194.0
-4.000869458712629,1,3.0,56.0,53.0,12.612244897959183,7.062057476051645,16.0,1.0,88.0,87.0,53.6530612244898,40.50645564348188,88.0,6.941,137.327,130.386,26.5510213877551,14.407362652228237,32.065,317.3,1211.4,894.1000000000001,452.6338775510204,85.05749271137024,388.36,1.0,16.0,15.0,10.040816326530612,6.970428987921699,16.0,2.0,6.0,4.0,2.7346938775510203,0.5397750937109538,3.0,105.0,215.0,110.0,116.46938775510205,12.781341107871722,105.0,0.89,2.58,1.69,1.9026530612244898,0.7192003331945025,2.58,1.0,2.0,1.0,1.6326530612244898,0.46480633069554356,2.0,0.0,4.0,4.0,2.2857142857142856,1.7959183673469388,4.0,0.0,10.0,10.0,0.40816326530612246,0.7830070803831737,0.0,0.0,0.0,0.0,0.0,0.0,0.0,1.0,14.0,13.0,4.326530612244898,2.538942107455227,6.0,0.0,1.0,1.0,0.3673469387755102,0.46480633069554356,0.0,0.0,4.0,4.0,1.3877551020408163,1.0762182423990003,2.0,0.0,0.0,0.0,0.0,0.0,0.0,0.0,0.0,0.0,0.0,0.0,0.0,0.0,4.0,4.0,1.7551020408163265,0.6264056643065391,2.0,16.5933333333,63.59,46.99666666670001,22.80501943633061,4.602019396696876,25.786875,0.0,2.202,2.202,1.2268163265306122,1.0202915451895043,2.202,0.0,0.0,0.0,0.0,0.0,0.0,2.0,229.0,227.0,132.42857142857142,82.44897959183673,70.0
-15.0,1,3.0,32.0,29.0,14.0,10.0,8.0,1.0,87.0,86.0,71.71428571428571,20.204081632653065,87.0,6.941,72.64,65.699,30.47165714285714,23.262767346938773,15.9994,54.8,1211.4,1156.6000000000001,312.45714285714286,297.19306122448984,54.8,1.0,16.0,15.0,13.142857142857142,3.5102040816326534,16.0,2.0,4.0,2.0,2.5714285714285716,0.8163265306122449,2.0,66.0,128.0,62.0,90.57142857142857,28.081632653061224,66.0,0.98,3.44,2.46,2.6514285714285712,0.9012244897959183,3.44,1.0,2.0,1.0,1.8571428571428572,0.2448979591836734,2.0,0.0,4.0,4.0,2.7142857142857144,1.469387755102041,4.0,0.0,10.0,10.0,2.857142857142857,4.081632653061224,0.0,0.0,0.0,0.0,0.0,0.0,0.0,1.0,14.0,13.0,7.428571428571429,3.469387755102041,6.0,0.0,1.0,1.0,0.14285714285714285,0.24489795918367344,0.0,0.0,5.0,5.0,2.4285714285714284,1.183673469387755,2.0,0.0,0.0,0.0,0.0,0.0,0.0,0.0,0.0,0.0,0.0,0.0,0.0,1.0,5.0,4.0,2.5714285714285716,1.1020408163265307,2.0,9.105,23.005,13.899999999999999,13.553690476185714,5.084217687069388,9.105,0.0,0.383,0.383,0.054714285714285715,0.09379591836734694,0.0,0.0,0.0,0.0,0.0,0.0,0.0,12.0,229.0,217.0,80.85714285714286,83.51020408163265,12.0
-15.0,1,3.0,32.0,29.0,12.714285714285714,8.163265306122447,8.0,1.0,87.0,86.0,71.64285714285714,20.18367346938776,87.0,6.941,72.64,65.699,27.418695614285713,18.963844736734696,15.9994,54.8,1211.4,1156.6000000000001,357.4971428571429,353.7377551020408,54.8,1.0,16.0,15.0,13.142857142857142,3.5102040816326534,16.0,2.0,4.0,2.0,2.5,0.7142857142857143,2.0,66.0,128.0,62.0,90.5,28.0,66.0,0.98,3.44,2.46,2.637142857142857,0.9175510204081632,3.44,1.0,2.0,1.0,1.8571428571428572,0.2448979591836734,2.0,0.0,4.0,4.0,2.7142857142857144,1.469387755102041,4.0,0.0,10.0,10.0,2.142857142857143,3.36734693877551,0.0,0.0,0.0,0.0,0.0,0.0,0.0,1.0,14.0,13.0,6.714285714285714,2.979591836734694,6.0,0.0,1.0,1.0,0.14285714285714285,0.24489795918367344,0.0,0.0,5.0,5.0,2.4285714285714284,1.183673469387755,2.0,0.0,0.0,0.0,0.0,0.0,0.0,0.0,0.0,0.0,0.0,0.0,0.0,1.0,5.0,4.0,2.5714285714285716,1.1020408163265307,2.0,9.105,23.005,13.899999999999999,13.383869047614287,4.890136054416326,9.105,0.0,0.383,0.383,0.054714285714285715,0.09379591836734694,0.0,0.0,0.0,0.0,0.0,0.0,0.0,12.0,229.0,217.0,92.35714285714286,95.88775510204081,12.0
-15.0,1,3.0,15.0,12.0,7.942857142857143,2.5420408163265305,8.0,1.0,93.0,92.0,63.31428571428572,32.04734693877551,87.0,6.941,30.973762,24.032762,16.350418788571428,5.160061126530612,15.9994,53.5,923.0,869.5,261.67742857142855,224.83263673469386,54.8,1.0,17.0,16.0,10.914285714285715,6.6269387755102045,16.0,2.0,3.0,1.0,2.2,0.32000000000000006,2.0,57.0,141.0,84.0,92.28571428571429,30.081632653061224,66.0,0.98,3.98,3.0,2.528285714285714,1.0824326530612245,3.44,1.0,2.0,1.0,1.7428571428571429,0.3820408163265306,2.0,0.0,5.0,5.0,2.6,1.782857142857143,4.0,0.0,0.0,0.0,0.0,0.0,0.0,0.0,0.0,0.0,0.0,0.0,0.0,1.0,7.0,6.0,4.3428571428571425,2.1208163265306124,6.0,0.0,1.0,1.0,0.2571428571428571,0.3820408163265306,0.0,0.0,3.0,3.0,1.3428571428571427,0.9795918367346939,2.0,0.0,0.0,0.0,0.0,0.0,0.0,0.0,0.0,0.0,0.0,0.0,0.0,0.0,3.0,3.0,1.6,0.6857142857142857,2.0,9.105,22.89,13.785,13.802670068014285,4.9970417881297955,9.105,0.0,1.97,1.97,0.3545714285714286,0.5673142857142857,0.0,0.0,0.0,0.0,0.0,0.0,0.0,2.0,229.0,227.0,82.51428571428572,94.44734693877551,12.0
-3.500312917381596,1,3.0,56.0,53.0,12.357723577235772,6.9992729195584635,16.0,1.0,88.0,87.0,53.40650406504064,40.642474717430105,88.0,6.941,137.327,130.386,25.941281463414633,14.211592639302001,32.065,317.3,1211.4,894.1000000000001,450.4173983739837,82.18890871835546,388.36,1.0,16.0,15.0,10.0,6.991869918699186,16.0,2.0,6.0,4.0,2.7154471544715446,0.5351312049705863,3.0,105.0,215.0,110.0,116.16260162601625,12.380196972701432,105.0,0.89,2.58,1.69,1.8992682926829267,0.720404521118382,2.58,1.0,2.0,1.0,1.6260162601626016,0.468239804349263,2.0,0.0,4.0,4.0,2.2764227642276422,1.7991936016921146,4.0,0.0,10.0,10.0,0.4065040650406504,0.7799590191023861,0.0,0.0,0.0,0.0,0.0,0.0,0.0,1.0,14.0,13.0,4.308943089430894,2.5500694031330555,6.0,0.0,1.0,1.0,0.3739837398373983,0.46823980434926293,0.0,0.0,4.0,4.0,1.3821138211382114,1.0787229823517746,2.0,0.0,0.0,0.0,0.0,0.0,0.0,0.0,0.0,0.0,0.0,0.0,0.0,0.0,4.0,4.0,1.7560975609756098,0.6226452508427522,2.0,16.5933333333,63.59,46.99666666670001,22.588725319380483,4.487364286203371,25.786875,0.0,2.202,2.202,1.2218292682926828,1.0218203450327186,2.202,0.0,0.0,0.0,0.0,0.0,0.0,2.0,229.0,227.0,132.82113821138208,82.5606451186463,70.0
-3.1505805862031004,1,3.0,56.0,53.0,12.105263157894736,6.93032175580652,16.0,1.0,88.0,87.0,53.161943319838045,40.77496762772706,88.0,6.941,137.327,130.386,25.336478704453437,14.001416989624481,32.065,317.3,1211.4,894.1000000000001,448.21886639676103,79.36389712993162,388.36,1.0,16.0,15.0,9.959514170040485,7.012735825861758,16.0,2.0,6.0,4.0,2.696356275303643,0.5300201609598584,3.0,105.0,215.0,110.0,115.85829959514167,11.985116949958197,105.0,0.89,2.58,1.69,1.895910931174089,0.7215656706387582,2.58,1.0,2.0,1.0,1.6194331983805665,0.4714714222491764,2.0,0.0,4.0,4.0,2.267206477732793,1.8023570292907605,4.0,0.0,10.0,10.0,0.40485829959514164,0.7769345506400693,0.0,0.0,0.0,0.0,0.0,0.0,0.0,1.0,14.0,13.0,4.291497975708501,2.56093363274271,6.0,0.0,1.0,1.0,0.3805668016194332,0.47147142224917626,0.0,0.0,4.0,4.0,1.3765182186234817,1.0811519611860545,2.0,0.0,0.0,0.0,0.0,0.0,0.0,0.0,0.0,0.0,0.0,0.0,0.0,0.0,4.0,4.0,1.7570850202429147,0.6189250766280385,2.0,16.5933333333,63.59,46.99666666670001,22.374182571798375,4.39999861067893,25.786875,0.0,2.202,2.202,1.2168825910931171,1.023290989853956,2.202,0.0,0.0,0.0,0.0,0.0,0.0,2.0,229.0,227.0,133.21052631578945,82.66780311101638,70.0
-1.6020599913279625,1,3.0,17.0,14.0,10.79611650485437,6.017390894523517,16.0,1.0,94.0,93.0,53.50242718446602,40.523718069563586,88.0,6.941,35.453,28.512000000000004,22.066526184466017,11.674556618107268,32.065,171.6,1687.0,1515.4,498.21143203883497,167.35373044113487,388.36,1.0,17.0,16.0,10.024271844660195,6.965336035441605,16.0,2.0,3.0,1.0,2.6140776699029122,0.47397257045904423,3.0,102.0,128.0,26.0,114.37864077669902,10.513573381091522,105.0,0.98,3.16,2.18,1.8989805825242718,0.7093102554434915,2.58,1.0,2.0,1.0,1.6140776699029127,0.4739725704590442,2.0,0.0,5.0,5.0,2.2694174757281553,1.7895654632858893,4.0,0.0,0.0,0.0,0.0,0.0,0.0,0.0,0.0,0.0,0.0,0.0,0.0,1.0,7.0,6.0,3.8834951456310676,2.225610330851164,6.0,0.0,1.0,1.0,0.3859223300970874,0.47397257045904423,0.0,0.0,4.0,4.0,1.4150485436893203,1.1022716561410124,2.0,0.0,0.0,0.0,0.0,0.0,0.0,0.0,0.0,0.0,0.0,0.0,0.0,1.0,4.0,3.0,1.8009708737864076,0.6376661325289849,2.0,16.5933333333,25.786875,9.1935416667,21.659499609901697,4.081970517800094,25.786875,0.0,2.493,2.493,1.2215339805825243,1.0059776133471579,2.202,0.0,0.0,0.0,0.0,0.0,0.0,2.0,229.0,227.0,138.37864077669903,82.4214346309737,70.0
-3.242603971206976,1,3.0,56.0,53.0,11.85483870967742,6.855359001040583,16.0,1.0,88.0,87.0,52.91935483870969,40.90400624349636,88.0,6.941,137.327,130.386,24.736553387096773,13.777202622268472,32.065,317.3,1211.4,894.1000000000001,446.0380645161291,76.58168574401667,388.36,1.0,16.0,15.0,9.919354838709678,7.033038501560874,16.0,2.0,6.0,4.0,2.6774193548387104,0.5244536940686784,3.0,105.0,215.0,110.0,115.55645161290325,11.595993756503645,105.0,0.89,2.58,1.69,1.8925806451612905,0.7226847034339231,2.58,1.0,2.0,1.0,1.6129032258064517,0.4745057232049948,2.0,0.0,4.0,4.0,2.2580645161290325,1.8054110301768993,4.0,0.0,10.0,10.0,0.40322580645161293,0.7739334027055152,0.0,0.0,0.0,0.0,0.0,0.0,0.0,1.0,14.0,13.0,4.274193548387097,2.5715400624349636,6.0,0.0,1.0,1.0,0.38709677419354843,0.4745057232049948,0.0,0.0,4.0,4.0,1.370967741935484,1.0835067637877211,2.0,0.0,0.0,0.0,0.0,0.0,0.0,0.0,0.0,0.0,0.0,0.0,0.0,0.0,4.0,4.0,1.7580645161290325,0.6152445369406868,2.0,16.5933333333,63.59,46.99666666670001,22.16137000766452,4.310738070475754,25.786875,0.0,2.202,2.202,1.211975806451613,1.0247047346514049,2.202,0.0,0.0,0.0,0.0,0.0,0.0,2.0,229.0,227.0,133.5967741935484,82.77055150884497,70.0
-2.920818753952376,1,3.0,16.0,13.0,10.804878048780488,6.091612135633551,16.0,1.0,88.0,87.0,53.439024390243894,40.92801903628792,88.0,6.941,32.065,25.124,22.127434390243902,11.852826841165971,32.065,317.3,453.69,136.39,405.1887804878049,37.854610350981545,388.36,1.0,16.0,15.0,10.024390243902438,7.043426531826294,16.0,2.0,3.0,1.0,2.6097560975609757,0.47590719809637116,3.0,105.0,128.0,23.0,114.21951219512195,10.755502676977988,105.0,0.98,2.58,1.6,1.9080487804878048,0.724330755502677,2.58,1.0,2.0,1.0,1.6097560975609755,0.47590719809637116,2.0,0.0,4.0,4.0,2.317073170731707,1.8084473527662104,4.0,0.0,0.0,0.0,0.0,0.0,0.0,0.0,0.0,0.0,0.0,0.0,0.0,1.0,6.0,5.0,3.9268292682926824,2.2843545508625818,6.0,0.0,1.0,1.0,0.39024390243902435,0.47590719809637116,0.0,0.0,3.0,3.0,1.3414634146341462,1.0469958358120166,2.0,0.0,0.0,0.0,0.0,0.0,0.0,0.0,0.0,0.0,0.0,0.0,0.0,1.0,3.0,2.0,1.7317073170731707,0.5710886377156453,2.0,16.5933333333,25.786875,9.1935416667,21.806878629482927,4.069108523850089,25.786875,0.0,2.202,2.202,1.2723170731707316,0.9930279595478881,2.202,0.0,0.0,0.0,0.0,0.0,0.0,2.0,229.0,227.0,123.7560975609756,82.14158239143366,70.0
-2.343901797987168,1,3.0,50.0,47.0,11.849878934624696,6.985618723214652,16.0,1.0,88.0,87.0,52.9636803874092,41.01733609272493,88.0,6.941,118.71,111.76899999999999,24.77879465859564,14.080196268044016,32.065,317.3,505.08,187.77999999999997,411.4518401937045,39.234799641200894,388.36,1.0,16.0,15.0,9.927360774818402,7.046778722980142,16.0,2.0,5.0,3.0,2.668280871670702,0.5275049979773581,3.0,105.0,139.0,34.0,115.32687651331719,11.493800162983893,105.0,0.98,2.58,1.6,1.8940677966101696,0.7215159847334509,2.58,1.0,2.0,1.0,1.605326876513317,0.47781249816789684,2.0,0.0,4.0,4.0,2.2687651331719128,1.8077610820254557,4.0,0.0,10.0,10.0,0.31476997578692495,0.6097239240424697,0.0,0.0,0.0,0.0,0.0,0.0,0.0,1.0,14.0,13.0,4.188861985472155,2.5171162403484804,6.0,0.0,1.0,1.0,0.39467312348668276,0.47781249816789684,0.0,0.0,4.0,4.0,1.3631961259079903,1.0760337458741036,2.0,0.0,0.0,0.0,0.0,0.0,0.0,0.0,0.0,0.0,0.0,0.0,0.0,1.0,4.0,3.0,1.757869249394673,0.5982212477062069,2.0,16.5933333333,33.285,16.691666666699998,22.106276374940194,4.351620899696616,25.786875,0.0,2.202,2.202,1.2119249394673124,1.0329239193522854,2.202,0.0,0.0,0.0,0.0,0.0,0.0,2.0,229.0,227.0,128.8958837772397,79.77881092109351,70.0
-2.4436974992327127,1,3.0,50.0,47.0,11.818181818181818,6.947658402203857,16.0,1.0,88.0,87.0,53.03030303030303,40.99357208448118,88.0,6.941,118.71,111.76899999999999,24.694069272727273,13.987266699724518,32.065,317.3,505.08,187.77999999999997,411.1730303030304,39.189550045913684,388.36,1.0,16.0,15.0,9.93939393939394,7.04315886134068,16.0,2.0,5.0,3.0,2.6666666666666665,0.5252525252525253,3.0,105.0,139.0,34.0,115.27272727272727,11.46556473829201,105.0,0.98,2.58,1.6,1.8954545454545455,0.721267217630854,2.58,1.0,2.0,1.0,1.606060606060606,0.47750229568411395,2.0,0.0,4.0,4.0,2.272727272727273,1.8071625344352618,4.0,0.0,10.0,10.0,0.30303030303030304,0.5876951331496787,0.0,0.0,0.0,0.0,0.0,0.0,0.0,1.0,14.0,13.0,4.181818181818182,2.506887052341598,6.0,0.0,1.0,1.0,0.3939393939393939,0.4775022956841139,0.0,0.0,4.0,4.0,1.3636363636363635,1.0743801652892564,2.0,0.0,0.0,0.0,0.0,0.0,0.0,0.0,0.0,0.0,0.0,0.0,0.0,1.0,4.0,3.0,1.7575757575757576,0.5968778696051423,2.0,16.5933333333,33.285,16.691666666699998,22.099971139954548,4.33856312039449,25.786875,0.0,2.202,2.202,1.2153636363636364,1.0312176308539946,2.202,0.0,0.0,0.0,0.0,0.0,0.0,2.0,229.0,227.0,128.6060606060606,79.84940312213038,70.0
-2.28207781700778,2,3.0,50.0,47.0,11.881499395405076,7.023579933004743,16.0,1.0,88.0,87.0,52.897218863361545,41.04084780730163,88.0,6.941,118.71,111.76899999999999,24.86331514631197,14.173148858147558,32.065,317.3,505.08,187.77999999999997,411.72997581620314,39.27781997838955,388.36,1.0,16.0,15.0,9.915356711003627,7.050354642075419,16.0,2.0,5.0,3.0,2.6698911729141477,0.5297567437555651,3.0,105.0,139.0,34.0,115.38089480048366,11.521555600069595,105.0,0.98,2.58,1.6,1.8926844014510276,0.7217600949806194,2.58,1.0,2.0,1.0,1.6045949214026602,0.47811980483354266,2.0,0.0,4.0,4.0,2.2648125755743647,1.808328057444559,4.0,0.0,10.0,10.0,0.32648125755743657,0.631644512807616,0.0,0.0,0.0,0.0,0.0,0.0,0.0,1.0,14.0,13.0,4.195888754534462,2.5273412883501067,6.0,0.0,1.0,1.0,0.39540507859733975,0.47811980483354266,0.0,0.0,4.0,4.0,1.3627569528415961,1.077682040094805,2.0,0.0,0.0,0.0,0.0,0.0,0.0,0.0,0.0,0.0,0.0,0.0,0.0,1.0,4.0,3.0,1.758162031438936,0.5995622352612625,2.0,16.5933333333,33.285,16.691666666699998,22.112566361473636,4.364665538604064,25.786875,0.0,2.202,2.202,1.2084945586457072,1.0345999365431207,2.202,0.0,0.0,0.0,0.0,0.0,0.0,2.0,229.0,227.0,129.18500604594922,79.70618587601929,70.0
-3.251037138743839,1,3.0,56.0,53.0,11.606425702811245,6.774535894582346,16.0,1.0,88.0,87.0,52.678714859437754,41.02966081192239,88.0,6.941,137.327,130.386,24.141446746987953,13.539307479556783,32.065,317.3,1211.4,894.1000000000001,443.8747791164659,73.8415186851825,388.36,1.0,16.0,15.0,9.879518072289157,7.0527894711375625,16.0,2.0,6.0,4.0,2.6586345381526106,0.5184432509153079,3.0,105.0,215.0,110.0,115.2570281124498,11.212722375445558,105.0,0.89,2.58,1.69,1.8892771084337352,0.7237625199593556,2.58,1.0,2.0,1.0,1.606425702811245,0.4773471395622651,2.0,0.0,4.0,4.0,2.248995983935743,1.8083579297108112,4.0,0.0,10.0,10.0,0.40160642570281124,0.7709553071724649,0.0,0.0,0.0,0.0,0.0,0.0,0.0,1.0,14.0,13.0,4.2570281124498,2.581893840421929,6.0,0.0,1.0,1.0,0.3935742971887551,0.47734713956226527,0.0,0.0,4.0,4.0,1.3654618473895583,1.0857889388880824,2.0,0.0,0.0,0.0,0.0,0.0,0.0,0.0,0.0,0.0,0.0,0.0,0.0,0.0,4.0,4.0,1.7590361445783131,0.6116030386606668,2.0,16.5933333333,63.59,46.99666666670001,21.950266781395182,4.216702633841989,25.786875,0.0,2.202,2.202,1.2071084337349398,1.026062805438622,2.202,0.0,0.0,0.0,0.0,0.0,0.0,2.0,229.0,227.0,133.97991967871488,82.86898598409704,70.0
-2.360513510731414,1,3.0,50.0,47.0,11.907664453832227,7.06377253611077,16.0,1.0,88.0,87.0,52.79963789981895,41.077081593459326,88.0,6.941,118.71,111.76899999999999,24.936764470730232,14.270630364839786,32.065,317.3,505.08,187.77999999999997,412.0325950512975,39.323560323988964,388.36,1.0,16.0,15.0,9.898008449004225,7.0561153301095665,16.0,2.0,5.0,3.0,2.6710923355461675,0.5321758170836841,3.0,105.0,139.0,34.0,115.44236572118287,11.55050481689393,105.0,0.98,2.58,1.6,1.8907543753771878,0.7222276700335695,2.58,1.0,2.0,1.0,1.603500301750151,0.4785753750752554,2.0,0.0,4.0,4.0,2.2595051297525646,1.8093266837822315,4.0,0.0,10.0,10.0,0.3379601689800845,0.6530769227967596,0.0,0.0,0.0,0.0,0.0,0.0,0.0,1.0,14.0,13.0,4.2009656004828,2.538363789399155,6.0,0.0,1.0,1.0,0.39649969824984915,0.4785753750752554,0.0,0.0,4.0,4.0,1.3614966807483404,1.0796660461697762,2.0,0.0,0.0,0.0,0.0,0.0,0.0,0.0,0.0,0.0,0.0,0.0,0.0,1.0,4.0,3.0,1.7579963789981894,0.6010906710945209,2.0,16.5933333333,33.285,16.691666666699998,22.1155065091653,4.379079995828003,25.786875,0.0,2.202,2.202,1.204345202172601,1.036449160107501,2.202,0.0,0.0,0.0,0.0,0.0,0.0,2.0,229.0,227.0,129.53349426674714,79.65192346144755,70.0
-2.4377071355435254,1,3.0,50.0,47.0,11.975903614457831,7.137465524749601,16.0,1.0,88.0,87.0,52.6987951807229,41.10988532443025,88.0,6.941,118.71,111.76899999999999,25.115654626506025,14.452135004209609,32.065,317.3,505.08,187.77999999999997,412.5603614457832,39.393662360284516,388.36,1.0,16.0,15.0,9.879518072289157,7.06082159965162,16.0,2.0,5.0,3.0,2.674698795180723,0.5365074756858761,3.0,105.0,139.0,34.0,115.5421686746988,11.601974161707071,105.0,0.98,2.58,1.6,1.8885542168674698,0.7224647989548556,2.58,1.0,2.0,1.0,1.6024096385542173,0.4790245318623893,2.0,0.0,4.0,4.0,2.253012048192771,1.8098417767455366,4.0,0.0,10.0,10.0,0.3614457831325301,0.6967629554362028,0.0,0.0,0.0,0.0,0.0,0.0,0.0,1.0,14.0,13.0,4.216867469879518,2.557991000145159,6.0,0.0,1.0,1.0,0.3975903614457832,0.4790245318623893,0.0,0.0,4.0,4.0,1.3614457831325302,1.082595442009,2.0,0.0,0.0,0.0,0.0,0.0,0.0,0.0,0.0,0.0,0.0,0.0,0.0,1.0,4.0,3.0,1.7590361445783131,0.6035709101466107,2.0,16.5933333333,33.285,16.691666666699998,22.13134538150964,4.403720423877544,25.786875,0.0,2.202,2.202,1.198253012048193,1.0394483959936132,2.202,0.0,0.0,0.0,0.0,0.0,0.0,2.0,229.0,227.0,130.04819277108433,79.47626651183046,70.0
-9.0,1,3.0,59.0,56.0,17.458333333333332,15.020833333333334,8.0,1.0,87.0,86.0,67.75,25.666666666666668,87.0,6.941,140.90765,133.96665,38.94733541666667,35.93163645833334,15.9994,54.8,2896.0,2841.2,651.7991666666667,829.0170833333333,54.8,1.0,16.0,15.0,12.0,5.333333333333333,16.0,2.0,6.0,4.0,2.8333333333333335,1.25,2.0,66.0,204.0,138.0,97.29166666666667,41.72222222222222,66.0,0.98,3.44,2.46,2.82875,0.8150000000000001,3.44,1.0,2.0,1.0,1.75,0.375,2.0,0.0,4.0,4.0,2.6666666666666665,1.777777777777778,4.0,0.0,5.0,5.0,0.875,1.3854166666666667,0.0,0.0,3.0,3.0,0.16666666666666666,0.3055555555555556,0.0,1.0,6.0,5.0,5.458333333333333,0.902777777777778,6.0,0.0,1.0,1.0,0.25,0.375,0.0,0.0,2.0,2.0,1.3333333333333333,0.888888888888889,2.0,0.0,9.0,9.0,1.2083333333333333,1.9131944444444446,0.0,0.0,13.0,13.0,1.0,1.8333333333333333,0.0,1.0,22.0,21.0,3.7916666666666665,2.8541666666666665,2.0,9.105,37.24,28.135,13.105902777775,5.334537037033333,9.105,0.0,0.0,0.0,0.0,0.0,0.0,0.0,0.0,0.0,0.0,0.0,0.0,12.0,229.0,217.0,81.41666666666667,92.55555555555554,12.0
-9.744727494896694,1,3.0,62.0,59.0,17.583333333333332,15.208333333333334,8.0,1.0,87.0,86.0,68.0,25.333333333333332,87.0,6.941,150.36,143.419,39.34118333333334,36.52240833333334,15.9994,54.8,2896.0,2841.2,657.6741666666667,837.8295833333333,54.8,1.0,16.0,15.0,12.0,5.333333333333333,16.0,2.0,6.0,4.0,2.8333333333333335,1.25,2.0,66.0,204.0,138.0,97.08333333333333,41.44444444444444,66.0,0.98,3.44,2.46,2.830416666666667,0.8127777777777777,3.44,1.0,2.0,1.0,1.75,0.375,2.0,0.0,4.0,4.0,2.6666666666666665,1.777777777777778,4.0,0.0,5.0,5.0,0.875,1.3854166666666667,0.0,0.0,6.0,6.0,0.2916666666666667,0.5347222222222222,0.0,1.0,8.0,7.0,5.583333333333333,0.8958333333333336,6.0,0.0,1.0,1.0,0.25,0.375,0.0,0.0,2.0,2.0,1.3333333333333333,0.888888888888889,2.0,0.0,9.0,9.0,1.2083333333333333,1.9131944444444446,0.0,0.0,13.0,13.0,0.875,1.6041666666666667,0.0,1.0,22.0,21.0,3.6666666666666665,2.6666666666666665,2.0,9.105,37.24,28.135,13.004027777774999,5.198703703699999,9.105,0.0,0.0,0.0,0.0,0.0,0.0,0.0,0.0,0.0,0.0,0.0,0.0,12.0,229.0,217.0,80.25,91.0,12.0
-7.886056647693163,1,3.0,58.0,55.0,17.416666666666668,14.958333333333334,8.0,1.0,87.0,86.0,67.66666666666667,25.777777777777775,87.0,6.941,140.116,133.175,38.91435,35.88215833333333,15.9994,54.8,2896.0,2841.2,646.2575,820.7045833333335,54.8,1.0,16.0,15.0,12.0,5.333333333333333,16.0,2.0,6.0,4.0,2.8333333333333335,1.25,2.0,66.0,204.0,138.0,97.33333333333333,41.77777777777778,66.0,0.98,3.44,2.46,2.828333333333333,0.8155555555555556,3.44,1.0,2.0,1.0,1.75,0.375,2.0,0.0,4.0,4.0,2.6666666666666665,1.777777777777778,4.0,0.0,5.0,5.0,0.9166666666666666,1.375,0.0,0.0,1.0,1.0,0.08333333333333333,0.1527777777777778,0.0,1.0,6.0,5.0,5.416666666666667,0.972222222222222,6.0,0.0,1.0,1.0,0.25,0.375,0.0,0.0,2.0,2.0,1.3333333333333333,0.888888888888889,2.0,0.0,9.0,9.0,1.5833333333333333,2.375,0.0,0.0,13.0,13.0,1.0833333333333333,1.986111111111111,0.0,1.0,22.0,21.0,4.25,3.5416666666666665,2.0,9.105,37.24,28.135,13.171111111108333,5.421481481477777,9.105,0.0,0.0,0.0,0.0,0.0,0.0,0.0,0.0,0.0,0.0,0.0,0.0,12.0,229.0,217.0,81.41666666666667,92.55555555555554,12.0
-15.0,1,3.0,57.0,54.0,18.0,15.454545454545455,8.0,1.0,87.0,86.0,65.18181818181819,27.768595041322314,87.0,6.941,138.90547,131.96447,40.33227545454545,37.04025520661157,15.9994,54.8,2750.0,2695.2,684.5718181818182,843.5062809917356,54.8,1.0,16.0,15.0,11.454545454545455,5.785123966942148,16.0,2.0,6.0,4.0,2.909090909090909,1.322314049586777,2.0,66.0,207.0,141.0,102.27272727272727,46.16528925619835,66.0,0.98,3.44,2.46,2.669090909090909,0.9811570247933884,3.44,1.0,2.0,1.0,1.7272727272727273,0.396694214876033,2.0,0.0,4.0,4.0,2.5454545454545454,1.8512396694214877,4.0,0.0,4.0,4.0,0.8181818181818182,1.190082644628099,0.0,0.0,0.0,0.0,0.0,0.0,0.0,1.0,6.0,5.0,5.090909090909091,1.1570247933884297,6.0,0.0,1.0,1.0,0.2727272727272727,0.396694214876033,0.0,0.0,2.0,2.0,1.2727272727272727,0.9256198347107438,2.0,0.0,9.0,9.0,1.9090909090909092,2.776859504132231,0.0,0.0,0.0,0.0,0.0,0.0,0.0,1.0,9.0,8.0,3.4545454545454546,2.2975206611570247,2.0,9.105,36.8975,27.7925,13.962348484845455,6.182079889803305,9.105,0.0,0.0,0.0,0.0,0.0,0.0,0.0,0.0,0.0,0.0,0.0,0.0,12.0,229.0,217.0,87.72727272727273,96.38016528925618,12.0
-15.0,1,3.0,57.0,54.0,16.285714285714285,13.26530612244898,8.0,1.0,87.0,86.0,57.857142857142854,33.30612244897959,87.0,6.941,138.90547,131.96447,36.815867142857144,32.325924489795916,15.9994,54.8,1941.0,1886.2,543.8414285714285,584.6620408163265,54.8,1.0,16.0,15.0,10.285714285714286,6.530612244897959,16.0,2.0,6.0,4.0,2.857142857142857,1.2244897959183674,2.0,66.0,207.0,141.0,108.42857142857143,48.48979591836735,66.0,0.98,3.44,2.46,2.4828571428571427,1.0938775510204082,3.44,1.0,2.0,1.0,1.8571428571428572,0.24489795918367344,2.0,0.0,4.0,4.0,2.2857142857142856,1.959183673469388,4.0,0.0,2.0,2.0,0.42857142857142855,0.6122448979591837,0.0,0.0,0.0,0.0,0.0,0.0,0.0,1.0,6.0,5.0,4.571428571428571,1.6326530612244898,6.0,0.0,1.0,1.0,0.14285714285714285,0.24489795918367346,0.0,0.0,2.0,2.0,1.1428571428571428,0.979591836734694,2.0,0.0,9.0,9.0,2.4285714285714284,3.4693877551020407,0.0,0.0,0.0,0.0,0.0,0.0,0.0,1.0,9.0,8.0,3.7142857142857144,2.7346938775510203,2.0,9.105,36.8975,27.7925,15.228690476185715,6.998503401355102,9.105,0.0,0.0,0.0,0.0,0.0,0.0,0.0,2.25333333333e-05,2.25333333333e-05,3.2190476190428574e-06,5.5183673469306125e-06,0.0,12.0,229.0,217.0,95.0,94.85714285714286,12.0
-15.0,1,3.0,60.0,57.0,16.714285714285715,13.877551020408163,8.0,1.0,87.0,86.0,58.714285714285715,32.326530612244895,87.0,6.941,144.242,137.301,37.57822857142857,33.41501224489796,15.9994,54.8,1941.0,1886.2,558.27,605.2742857142857,54.8,1.0,16.0,15.0,10.285714285714286,6.530612244897959,16.0,2.0,6.0,4.0,2.857142857142857,1.2244897959183674,2.0,66.0,201.0,135.0,107.57142857142857,47.51020408163265,66.0,0.98,3.44,2.46,2.488571428571429,1.0873469387755101,3.44,1.0,2.0,1.0,1.8571428571428572,0.24489795918367344,2.0,0.0,4.0,4.0,2.2857142857142856,1.959183673469388,4.0,0.0,2.0,2.0,0.2857142857142857,0.4897959183673469,0.0,0.0,4.0,4.0,0.5714285714285714,0.9795918367346939,0.0,1.0,6.0,5.0,5.0,1.4285714285714286,6.0,0.0,1.0,1.0,0.14285714285714285,0.24489795918367346,0.0,0.0,2.0,2.0,1.1428571428571428,0.979591836734694,2.0,0.0,8.0,8.0,1.1428571428571428,1.9591836734693877,0.0,0.0,10.0,10.0,1.4285714285714286,2.4489795918367347,0.0,1.0,10.0,9.0,3.857142857142857,2.9387755102040813,2.0,9.105,34.81,25.705000000000002,14.930476190471428,6.65768707482449,9.105,0.0,0.0,0.0,0.0,0.0,0.0,0.0,2.25333333333e-05,2.25333333333e-05,3.2190476190428574e-06,5.5183673469306125e-06,0.0,12.0,229.0,217.0,95.0,94.85714285714286,12.0
-4.413412695328245,1,1.0,17.0,16.0,6.530612244897958,4.913785922532278,3.0,1.0,94.0,93.0,54.367346938775505,43.56518117451062,1.0,1.00794,35.453,34.445060000000005,13.579887004081632,10.037765841566014,6.941,14.01,453.69,439.68,233.9304081632653,179.39558517284468,453.69,1.0,17.0,16.0,7.346938775510203,7.512703040399834,1.0,1.0,3.0,2.0,2.020408163265306,0.39983340274885454,2.0,31.0,128.0,97.0,92.04081632653059,33.41940857975843,128.0,0.98,3.98,3.0,2.1620408163265306,0.9649312786339025,0.98,1.0,2.0,1.0,1.4081632653061225,0.4831320283215326,1.0,0.0,5.0,5.0,1.857142857142857,2.198250728862974,0.0,0.0,0.0,0.0,0.0,0.0,0.0,0.0,0.0,0.0,0.0,0.0,0.0,1.0,7.0,6.0,3.265306122448979,2.681382757184506,1.0,0.0,1.0,1.0,0.5918367346938775,0.4831320283215326,1.0,0.0,2.0,2.0,0.5918367346938775,0.7005414410662224,0.0,0.0,0.0,0.0,0.0,0.0,0.0,0.0,0.0,0.0,0.0,0.0,0.0,1.0,2.0,1.0,1.183673469387755,0.29987505206164095,1.0,6.615,24.4975,17.8825,14.857738095224489,5.3514091350720525,16.5933333333,0.0,7.853,7.853,1.9913673469387754,2.358000832986256,0.0,0.0,0.0,0.0,0.0,0.0,0.0,12.0,229.0,217.0,144.6734693877551,86.9579341940858,229.0
-5.920818753952375,1,1.0,35.0,34.0,10.0,10.0,3.0,1.0,95.0,94.0,55.2,43.36,1.0,1.00794,79.904,78.89605999999999,22.158668,23.098132799999995,6.941,14.01,453.69,439.68,248.398,171.19440000000003,453.69,1.0,17.0,16.0,7.2,7.44,1.0,1.0,4.0,3.0,2.2,0.7200000000000001,2.0,31.0,128.0,97.0,94.6,36.88,128.0,0.98,3.44,2.46,2.112,0.9056000000000001,0.98,1.0,2.0,1.0,1.4,0.48,1.0,0.0,5.0,5.0,1.8,2.16,0.0,0.0,10.0,10.0,2.0,3.2,0.0,0.0,0.0,0.0,0.0,0.0,0.0,1.0,17.0,16.0,5.2,5.04,1.0,0.0,1.0,1.0,0.6,0.48,1.0,0.0,2.0,2.0,0.6,0.72,0.0,0.0,0.0,0.0,0.0,0.0,0.0,0.0,0.0,0.0,0.0,0.0,0.0,1.0,2.0,1.0,1.2,0.31999999999999995,1.0,6.615,29.48,22.865000000000002,15.677333333319998,6.253866666656,16.5933333333,0.0,7.853,7.853,1.862,2.3964,0.0,0.0,0.0,0.0,0.0,0.0,0.0,12.0,229.0,217.0,145.6,86.08,229.0
-6.091514981121351,1,3.0,23.0,20.0,10.25,4.375,8.0,1.0,93.0,92.0,71.375,23.9375,87.0,6.941,50.9415,44.000499999999995,21.481533149999997,9.738048925000001,15.9994,53.5,2183.0,2129.5,403.33625,457.504375,54.8,1.0,17.0,16.0,12.75,4.875,16.0,2.0,4.0,2.0,2.375,0.5625,2.0,57.0,153.0,96.0,88.625,30.53125,66.0,0.98,3.98,3.0,2.8175,0.913125,3.44,1.0,2.0,1.0,1.875,0.21875,2.0,0.0,5.0,5.0,3.0,1.5,4.0,0.0,3.0,3.0,0.375,0.65625,0.0,0.0,0.0,0.0,0.0,0.0,0.0,1.0,7.0,6.0,5.25,1.1875,6.0,0.0,1.0,1.0,0.125,0.21875,0.0,0.0,3.0,3.0,1.5,0.875,2.0,0.0,7.0,7.0,0.875,1.53125,0.0,0.0,0.0,0.0,0.0,0.0,0.0,1.0,7.0,6.0,2.5,1.25,2.0,9.105,22.5702380952,13.4652380952,12.2876339285625,3.8276674107031243,9.105,0.0,1.97,1.97,0.44937499999999997,0.6740625,0.0,0.0,0.0,0.0,0.0,0.0,0.0,2.0,229.0,227.0,65.375,81.8125,12.0
-7.267606240177032,1,3.0,30.0,27.0,16.0,4.0,16.0,1.0,88.0,87.0,72.14285714285714,21.22448979591837,88.0,6.941,65.38,58.43899999999999,33.07925171428571,9.228785224489794,32.065,317.3,692.68,375.37999999999994,431.01571428571424,81.23959183673466,388.36,1.0,16.0,15.0,13.142857142857142,3.795918367346939,16.0,2.0,4.0,2.0,3.0,0.2857142857142857,3.0,105.0,128.0,23.0,111.0,8.0,105.0,0.98,2.58,1.6,2.162857142857143,0.48448979591836744,2.58,1.0,2.0,1.0,1.8571428571428572,0.24489795918367344,2.0,0.0,4.0,4.0,2.7142857142857144,1.5510204081632655,4.0,0.0,10.0,10.0,1.4285714285714286,2.4489795918367347,0.0,0.0,0.0,0.0,0.0,0.0,0.0,1.0,12.0,11.0,6.0,1.7142857142857142,6.0,0.0,1.0,1.0,0.14285714285714285,0.24489795918367346,0.0,0.0,3.0,3.0,1.5714285714285714,0.8979591836734694,2.0,0.0,0.0,0.0,0.0,0.0,0.0,0.0,0.0,0.0,0.0,0.0,0.0,0.0,3.0,3.0,1.7142857142857142,0.6938775510204083,2.0,13.96,25.786875,11.826874999999998,22.3244387755,4.027298347914285,25.786875,0.0,2.202,2.202,1.4904285714285714,0.8516734693877551,2.202,0.0,0.0,0.0,0.0,0.0,0.0,2.0,229.0,227.0,100.71428571428571,63.306122448979586,70.0
-5.3979400086720375,1,3.0,16.0,13.0,12.526455026455027,4.548211602885323,16.0,1.0,88.0,87.0,65.45238095238095,30.350592088687332,88.0,6.941,32.065,25.124,25.498619400352734,8.87981813001378,32.065,317.3,923.0,605.7,422.797380952381,73.6541530192324,388.36,1.0,16.0,15.0,11.464726631393297,6.046241084453902,16.0,2.0,3.0,1.0,2.7645502645502646,0.36002631505277005,3.0,105.0,141.0,36.0,112.89506172839506,10.433949528599735,105.0,0.98,2.58,1.6,2.059462081128748,0.5968788978783099,2.58,1.0,2.0,1.0,1.7645502645502644,0.3600263150527701,2.0,0.0,4.0,4.0,2.6455026455026456,1.5583736924124931,4.0,0.0,0.0,0.0,0.0,0.0,0.0,0.0,0.0,0.0,0.0,0.0,0.0,1.0,6.0,5.0,4.41005291005291,1.8905779046872526,6.0,0.0,1.0,1.0,0.23544973544973544,0.3600263150527701,0.0,0.0,3.0,3.0,1.5873015873015872,0.9350242154474958,2.0,0.0,0.0,0.0,0.0,0.0,0.0,0.0,0.0,0.0,0.0,0.0,0.0,0.0,3.0,3.0,1.822751322751323,0.6028200031727368,2.0,16.5933333333,25.786875,9.1935416667,22.883794196676455,3.0727764917403952,25.786875,0.0,2.202,2.202,1.4516754850088183,0.8551315908164822,2.202,0.0,0.0,0.0,0.0,0.0,0.0,2.0,229.0,227.0,102.76984126984127,70.22199826432632,70.0
-2.4282911681913126,1,3.0,50.0,47.0,12.064187162567483,7.253524699979021,16.0,1.0,88.0,87.0,52.47090581883622,41.18907520235605,88.0,6.941,118.71,111.76899999999999,25.355123640071984,14.73571741803001,32.065,317.3,505.08,187.77999999999997,413.4089442111577,39.49340599066747,388.36,1.0,16.0,15.0,9.83863227354529,7.073026666412369,16.0,2.0,5.0,3.0,2.6790641871625676,0.5434142925464097,3.0,105.0,139.0,34.0,115.7096580683863,11.679448873272735,105.0,0.98,2.58,1.6,1.8839112177564485,0.7233458695183579,2.58,1.0,2.0,1.0,1.599880023995201,0.4800479616134361,2.0,0.0,4.0,4.0,2.2399520095980803,1.8114994877449224,4.0,0.0,10.0,10.0,0.3959208158368326,0.7604909731910845,0.0,0.0,0.0,0.0,0.0,0.0,0.0,1.0,14.0,13.0,4.2357528494301135,2.5893787049428747,6.0,0.0,1.0,1.0,0.40011997600479904,0.48004796161343605,0.0,0.0,4.0,4.0,1.359328134373125,1.0877886810160464,2.0,0.0,0.0,0.0,0.0,0.0,0.0,0.0,0.0,0.0,0.0,0.0,0.0,1.0,4.0,3.0,1.759448110377924,0.6077407194026102,2.0,16.5933333333,33.285,16.691666666699998,22.1466558116784,4.443990513591356,25.786875,0.0,2.202,2.202,1.1873725254949008,1.0442040326187911,2.202,0.0,0.0,0.0,0.0,0.0,0.0,2.0,229.0,227.0,130.96400719856027,79.24700986617313,70.0
-2.318758762624413,1,3.0,50.0,47.0,11.827130852340936,7.064530494070378,16.0,1.0,88.0,87.0,52.45578231292516,41.18109828965599,88.0,6.941,118.71,111.76899999999999,24.748192236894756,14.25145437126431,32.065,317.3,1211.4,894.1000000000001,422.76649859943973,49.92484837072081,388.36,1.0,16.0,15.0,9.838335334133653,7.0734976663734725,16.0,2.0,5.0,3.0,2.6658663465386154,0.532906239726783,3.0,105.0,139.0,34.0,115.45978391356542,11.3995177903094,105.0,0.98,2.58,1.6,1.8846298519407763,0.7239934789441986,2.58,1.0,2.0,1.0,1.5998399359743898,0.4800639743692595,2.0,0.0,4.0,4.0,2.2400960384153663,1.8118171638403258,4.0,0.0,10.0,10.0,0.3961584633853541,0.7609286211483391,0.0,0.0,0.0,0.0,0.0,0.0,0.0,1.0,14.0,13.0,4.23609443777511,2.5899115148260177,6.0,0.0,1.0,1.0,0.4001600640256102,0.4800639743692595,0.0,0.0,4.0,4.0,1.3589435774309724,1.0875898979039393,2.0,0.0,0.0,0.0,0.0,0.0,0.0,0.0,0.0,0.0,0.0,0.0,0.0,1.0,4.0,3.0,1.7591036414565826,0.6075259235346799,2.0,16.5933333333,33.285,16.691666666699998,22.011847119783912,4.336545647446109,25.786875,0.0,2.202,2.202,1.1924925970388154,1.0387437888320594,2.202,0.0,0.0,0.0,0.0,0.0,0.0,2.0,229.0,227.0,132.10524209683874,80.47005917212823,70.0
-2.1290111862394245,1,3.0,50.0,47.0,11.781199999999998,7.024960000000001,16.0,1.0,88.0,87.0,52.4634,41.17072,88.0,6.941,118.71,111.76899999999999,24.62913896,14.150511168000003,32.065,317.3,1211.4,894.1000000000001,425.20091199999996,52.63142143999998,388.36,1.0,16.0,15.0,9.84,7.072,16.0,2.0,5.0,3.0,2.6634,0.53072,3.0,105.0,139.0,34.0,115.40459999999999,11.333152,105.0,0.98,2.58,1.6,1.88483,0.7238640000000001,2.58,1.0,2.0,1.0,1.6,0.48,2.0,0.0,4.0,4.0,2.24,1.8112000000000001,4.0,0.0,10.0,10.0,0.4,0.7680000000000001,0.0,0.0,0.0,0.0,0.0,0.0,0.0,1.0,14.0,13.0,4.24,2.5920000000000005,6.0,0.0,1.0,1.0,0.4,0.48,0.0,0.0,4.0,4.0,1.36,1.088,2.0,0.0,0.0,0.0,0.0,0.0,0.0,0.0,0.0,0.0,0.0,0.0,0.0,1.0,4.0,3.0,1.76,0.608,2.0,16.5933333333,33.285,16.691666666699998,21.981404380936002,4.3104568381087995,25.786875,0.0,2.202,2.202,1.1933178,1.037404064,2.202,0.0,0.0,0.0,0.0,0.0,0.0,2.0,229.0,227.0,132.39440000000002,80.761728,70.0
-2.193820026016113,1,3.0,50.0,47.0,11.589435774309724,6.874298338783292,16.0,1.0,88.0,87.0,52.442577030812316,41.170529836584485,88.0,6.941,118.71,111.76899999999999,24.13982488995598,13.76456573826009,32.065,317.3,1211.4,894.1000000000001,432.0936534613846,60.375442053572115,388.36,1.0,16.0,15.0,9.838335334133653,7.0734976663734725,16.0,2.0,5.0,3.0,2.6526610644257698,0.5223377866552784,3.0,105.0,139.0,34.0,115.20888355342137,11.118396938607376,105.0,0.98,2.58,1.6,1.8852901160464184,0.724521901597774,2.58,1.0,2.0,1.0,1.5998399359743898,0.4800639743692595,2.0,0.0,4.0,4.0,2.2400960384153663,1.8118171638403258,4.0,0.0,10.0,10.0,0.3961584633853541,0.7609286211483391,0.0,0.0,0.0,0.0,0.0,0.0,0.0,1.0,14.0,13.0,4.23609443777511,2.5899115148260177,6.0,0.0,1.0,1.0,0.4001600640256102,0.4800639743692595,0.0,0.0,4.0,4.0,1.3589435774309724,1.0875898979039393,2.0,0.0,0.0,0.0,0.0,0.0,0.0,0.0,0.0,0.0,0.0,0.0,0.0,1.0,4.0,3.0,1.7591036414565826,0.6075259235346799,2.0,16.5933333333,33.285,16.691666666699998,21.87609681966386,4.2279019498710415,25.786875,0.0,2.202,2.202,1.1975502200880352,1.0330769842951186,2.202,0.0,0.0,0.0,0.0,0.0,0.0,2.0,229.0,227.0,133.21448579431774,81.71290925333719,70.0
-1.85078088734462,1,3.0,50.0,47.0,11.522,6.8176,16.0,1.0,88.0,87.0,52.449,41.1592,88.0,6.941,118.71,111.76899999999999,23.965730960000002,13.619784767999999,32.065,317.3,1211.4,894.1000000000001,435.37191999999993,64.02295039999998,388.36,1.0,16.0,15.0,9.84,7.072,16.0,2.0,5.0,3.0,2.6489999999999996,0.5192000000000001,3.0,105.0,139.0,34.0,115.131,11.026720000000001,105.0,0.98,2.58,1.6,1.88555,0.7244400000000002,2.58,1.0,2.0,1.0,1.6,0.48,2.0,0.0,4.0,4.0,2.24,1.8112000000000001,4.0,0.0,10.0,10.0,0.4,0.7680000000000001,0.0,0.0,0.0,0.0,0.0,0.0,0.0,1.0,14.0,13.0,4.24,2.5920000000000005,6.0,0.0,1.0,1.0,0.4,0.48,0.0,0.0,4.0,4.0,1.36,1.088,2.0,0.0,0.0,0.0,0.0,0.0,0.0,0.0,0.0,0.0,0.0,0.0,0.0,1.0,4.0,3.0,1.76,0.608,2.0,16.5933333333,33.285,16.691666666699998,21.833372380935998,4.1920312381088,25.786875,0.0,2.202,2.202,1.1988329999999998,1.03122704,2.202,0.0,0.0,0.0,0.0,0.0,0.0,2.0,229.0,227.0,133.60399999999998,82.11648000000001,70.0
-2.065501548756432,1,3.0,32.0,29.0,11.324000000000002,6.6591999999999985,16.0,1.0,88.0,87.0,52.438,41.1504,88.0,6.941,72.64,65.699,23.46199196,13.216793567999998,32.065,317.3,1687.0,1369.7,442.68,72.208,388.36,1.0,16.0,15.0,9.84,7.072,16.0,2.0,4.0,2.0,2.638,0.5104,3.0,105.0,128.0,23.0,114.94200000000001,10.830808000000001,105.0,0.98,2.58,1.6,1.88578,0.724624,2.58,1.0,2.0,1.0,1.6,0.48,2.0,0.0,4.0,4.0,2.24,1.8112000000000001,4.0,0.0,10.0,10.0,0.38,0.73112,0.0,0.0,0.0,0.0,0.0,0.0,0.0,1.0,14.0,13.0,4.22,2.5768800000000005,6.0,0.0,1.0,1.0,0.4,0.48,0.0,0.0,4.0,4.0,1.36,1.088,2.0,0.0,0.0,0.0,0.0,0.0,0.0,0.0,0.0,0.0,0.0,0.0,0.0,1.0,4.0,3.0,1.76,0.608,2.0,16.5933333333,25.786875,9.1935416667,21.735722380936,4.119094127632544,25.786875,0.0,2.202,2.202,1.20306,1.0264928,2.202,0.0,0.0,0.0,0.0,0.0,0.0,2.0,229.0,227.0,134.364,82.96768,70.0
-2.744727494896694,1,1.0,16.0,15.0,5.6,5.1,1.0,1.0,92.0,91.0,66.0,32.5,92.0,1.00794,32.065,31.057059999999996,11.181214100000002,10.33276915,1.00794,14.01,2348.0,2333.99,447.36350000000004,383.29055000000005,14.01,1.0,16.0,15.0,5.9,6.37,1.0,1.0,3.0,2.0,1.85,0.6799999999999999,1.0,31.0,128.0,97.0,79.15,38.519999999999996,31.0,0.98,2.58,1.6,1.9545000000000001,0.48725000000000007,2.2,1.0,2.0,1.0,1.35,0.45500000000000007,1.0,0.0,4.0,4.0,1.05,1.375,0.0,0.0,0.0,0.0,0.0,0.0,0.0,0.0,0.0,0.0,0.0,0.0,0.0,1.0,6.0,5.0,2.4,1.8199999999999998,1.0,0.0,1.0,1.0,0.65,0.45499999999999996,1.0,0.0,5.0,5.0,1.05,1.3649999999999998,0.0,0.0,0.0,0.0,0.0,0.0,0.0,0.0,0.0,0.0,0.0,0.0,0.0,1.0,5.0,4.0,1.7,0.9099999999999999,1.0,6.615,25.786875,19.171875,13.797470238084998,7.070970238084999,6.615,0.0,7.853,7.853,3.81525,3.230199999999999,7.853,0.0,0.0,0.0,0.0,0.0,0.0,2.0,229.0,227.0,165.55,54.575,194.0
-2.638272163982407,1,3.0,16.0,13.0,10.64,6.112,16.0,1.0,88.0,87.0,52.4,41.12,88.0,6.941,32.065,25.124,21.768920959999996,11.862336768,32.065,317.3,1687.0,1369.7,460.7528,98.09977599999998,388.36,1.0,16.0,15.0,9.84,7.072,16.0,2.0,3.0,1.0,2.6,0.48,3.0,105.0,128.0,23.0,114.6,10.72,105.0,0.98,2.58,1.6,1.8816000000000002,0.72128,2.58,1.0,2.0,1.0,1.6,0.48,2.0,0.0,4.0,4.0,2.24,1.8112000000000001,4.0,0.0,0.0,0.0,0.0,0.0,0.0,0.0,0.0,0.0,0.0,0.0,0.0,1.0,6.0,5.0,3.84,2.272,6.0,0.0,1.0,1.0,0.4,0.48,0.0,0.0,4.0,4.0,1.36,1.088,2.0,0.0,0.0,0.0,0.0,0.0,0.0,0.0,0.0,0.0,0.0,0.0,0.0,1.0,4.0,3.0,1.76,0.608,2.0,16.5933333333,25.786875,9.1935416667,21.638252380936002,4.13179542858368,25.786875,0.0,2.202,2.202,1.21788,1.0098944,2.202,0.0,0.0,0.0,0.0,0.0,0.0,2.0,229.0,227.0,134.44,83.05279999999999,70.0
-2.4001169279263124,3,3.0,50.0,47.0,12.08,7.263999999999999,16.0,1.0,88.0,87.0,52.48,41.184,88.0,6.941,118.71,111.76899999999999,25.39390096,14.762320767999997,32.065,317.3,505.08,187.77999999999997,413.476,39.49951999999999,388.36,1.0,16.0,15.0,9.84,7.072,16.0,2.0,5.0,3.0,2.68,0.544,3.0,105.0,139.0,34.0,115.72,11.686399999999999,105.0,0.98,2.58,1.6,1.8840000000000001,0.7232000000000001,2.58,1.0,2.0,1.0,1.6,0.48,2.0,0.0,4.0,4.0,2.24,1.8112000000000001,4.0,0.0,10.0,10.0,0.4,0.7680000000000001,0.0,0.0,0.0,0.0,0.0,0.0,0.0,1.0,14.0,13.0,4.24,2.5920000000000005,6.0,0.0,1.0,1.0,0.4,0.48,0.0,0.0,4.0,4.0,1.36,1.088,2.0,0.0,0.0,0.0,0.0,0.0,0.0,0.0,0.0,0.0,0.0,0.0,0.0,1.0,4.0,3.0,1.76,0.608,2.0,16.5933333333,33.285,16.691666666699998,22.152052380936,4.4469752381088,25.786875,0.0,2.202,2.202,1.18696,1.0445248,2.202,0.0,0.0,0.0,0.0,0.0,0.0,2.0,229.0,227.0,131.0,79.2,70.0
-1.913640169325252,1,3.0,32.0,29.0,11.377245508982035,6.721861665889778,16.0,1.0,88.0,87.0,52.32934131736526,41.18641758399369,88.0,6.941,72.64,65.699,23.601113209580834,13.367995030442112,32.065,317.3,1211.4,894.1000000000001,443.5373053892215,72.51819642152819,388.36,1.0,16.0,15.0,9.820359281437126,7.0774140342070355,16.0,2.0,4.0,2.0,2.6407185628742518,0.5141095055398186,3.0,105.0,128.0,23.0,115.0119760479042,10.839685897665746,105.0,0.98,2.58,1.6,1.8838323353293411,0.7252307361325254,2.58,1.0,2.0,1.0,1.5988023952095807,0.4804761734016996,2.0,0.0,4.0,4.0,2.2335329341317367,1.8117537380329163,4.0,0.0,10.0,10.0,0.41916167664670656,0.8031840510595576,0.0,0.0,0.0,0.0,0.0,0.0,0.0,1.0,14.0,13.0,4.251497005988024,2.608985621571229,6.0,0.0,1.0,1.0,0.40119760479041916,0.4804761734016996,0.0,0.0,4.0,4.0,1.3592814371257484,1.090680913621858,2.0,0.0,0.0,0.0,0.0,0.0,0.0,0.0,0.0,0.0,0.0,0.0,0.0,1.0,4.0,3.0,1.7604790419161678,0.6102047402201585,2.0,16.5933333333,25.786875,9.1935416667,21.731445680052094,4.122796733322041,25.786875,0.0,2.202,2.202,1.1974011976047905,1.0290621391946644,2.202,0.0,0.0,0.0,0.0,0.0,0.0,2.0,229.0,227.0,134.99401197604791,82.97536663200545,70.0
-1.8794260687941504,1,3.0,32.0,29.0,11.428571428571429,6.8231292517006805,16.0,1.0,88.0,87.0,52.00000000000001,41.285714285714285,88.0,6.941,72.64,65.699,23.74995919047619,13.607252678004533,32.065,317.3,1211.4,894.1000000000001,448.9197619047619,76.47878684807257,388.36,1.0,16.0,15.0,9.761904761904763,7.09297052154195,16.0,2.0,4.0,2.0,2.642857142857143,0.5204081632653061,3.0,105.0,128.0,23.0,115.16666666666666,10.849206349206348,105.0,0.98,2.58,1.6,1.8773809523809526,0.7264512471655329,2.58,1.0,2.0,1.0,1.5952380952380953,0.481859410430839,2.0,0.0,4.0,4.0,2.2142857142857144,1.8129251700680271,4.0,0.0,10.0,10.0,0.4761904761904762,0.9070294784580499,0.0,0.0,0.0,0.0,0.0,0.0,0.0,1.0,14.0,13.0,4.285714285714286,2.6598639455782314,6.0,0.0,1.0,1.0,0.40476190476190477,0.481859410430839,0.0,0.0,4.0,4.0,1.3571428571428572,1.0986394557823131,2.0,0.0,0.0,0.0,0.0,0.0,0.0,0.0,0.0,0.0,0.0,0.0,0.0,1.0,4.0,3.0,1.7619047619047619,0.6167800453514739,2.0,16.5933333333,25.786875,9.1935416667,21.70344954646905,4.136760743993991,25.786875,0.0,2.202,2.202,1.1828809523809523,1.033749433106576,2.202,0.0,0.0,0.0,0.0,0.0,0.0,2.0,229.0,227.0,136.88095238095238,82.96485260770976,70.0
-2.375717904164332,1,3.0,16.0,13.0,10.571428571428571,6.129251700680272,16.0,1.0,88.0,87.0,51.952380952380956,41.24716553287982,88.0,6.941,32.065,25.124,21.62831633333333,11.889732269841268,32.065,317.3,1687.0,1369.7,471.567380952381,115.75548752834467,388.36,1.0,16.0,15.0,9.761904761904763,7.09297052154195,16.0,2.0,3.0,1.0,2.5952380952380953,0.481859410430839,3.0,105.0,128.0,23.0,114.73809523809523,10.73582766439909,105.0,0.98,2.58,1.6,1.872142857142857,0.7222108843537416,2.58,1.0,2.0,1.0,1.5952380952380953,0.481859410430839,2.0,0.0,4.0,4.0,2.2142857142857144,1.8129251700680271,4.0,0.0,0.0,0.0,0.0,0.0,0.0,0.0,0.0,0.0,0.0,0.0,0.0,1.0,6.0,5.0,3.8095238095238098,2.2743764172335603,6.0,0.0,1.0,1.0,0.40476190476190477,0.481859410430839,0.0,0.0,4.0,4.0,1.3571428571428572,1.0986394557823131,2.0,0.0,0.0,0.0,0.0,0.0,0.0,0.0,0.0,0.0,0.0,0.0,0.0,1.0,4.0,3.0,1.7619047619047619,0.6167800453514739,2.0,16.5933333333,25.786875,9.1935416667,21.58130668932619,4.146579068147505,25.786875,0.0,2.202,2.202,1.201452380952381,1.0134092970521542,2.202,0.0,0.0,0.0,0.0,0.0,0.0,2.0,229.0,227.0,136.97619047619048,83.06916099773241,70.0
-2.106793246940152,1,3.0,50.0,47.0,10.914285714285713,6.406802721088436,16.0,1.0,88.0,87.0,51.971428571428575,41.26258503401361,88.0,6.941,118.71,111.76899999999999,22.491406809523813,12.588424560090703,32.065,317.3,1687.0,1369.7,460.3109999999999,94.31476190476184,388.36,1.0,16.0,15.0,9.761904761904763,7.09297052154195,16.0,2.0,5.0,3.0,2.6142857142857143,0.49727891156462584,3.0,105.0,139.0,34.0,115.0047619047619,10.977006802721089,105.0,0.98,2.58,1.6,1.8727142857142858,0.7226734693877551,2.58,1.0,2.0,1.0,1.5952380952380953,0.481859410430839,2.0,0.0,4.0,4.0,2.2142857142857144,1.8129251700680271,4.0,0.0,10.0,10.0,0.09523809523809523,0.18866213151927438,0.0,0.0,0.0,0.0,0.0,0.0,0.0,1.0,14.0,13.0,3.904761904761905,2.3514739229024944,6.0,0.0,1.0,1.0,0.40476190476190477,0.481859410430839,0.0,0.0,4.0,4.0,1.3571428571428572,1.098639455782313,2.0,0.0,0.0,0.0,0.0,0.0,0.0,0.0,0.0,0.0,0.0,0.0,0.0,1.0,4.0,3.0,1.7619047619047619,0.6167800453514739,2.0,16.5933333333,33.285,16.691666666699998,21.703640022659524,4.233192274065102,25.786875,0.0,2.202,2.202,1.1940904761904763,1.021472335600907,2.202,0.0,0.0,0.0,0.0,0.0,0.0,2.0,229.0,227.0,136.15714285714284,82.17210884353742,70.0
-2.2479515521805613,1,3.0,16.0,13.0,10.5459940652819,6.135318616876085,16.0,1.0,88.0,87.0,51.78635014836796,41.29216599600243,88.0,6.941,32.065,25.124,21.57616328189911,11.899212876084144,32.065,317.3,1687.0,1369.7,475.5787240356082,122.2205441625795,388.36,1.0,16.0,15.0,9.732937685459941,7.100370699750812,16.0,2.0,3.0,1.0,2.593471810089021,0.4825260414373641,3.0,105.0,128.0,23.0,114.78931750741842,10.74102968239573,105.0,0.98,2.58,1.6,1.8686350148367952,0.7225103681462373,2.58,1.0,2.0,1.0,1.5934718100890208,0.4825260414373641,2.0,0.0,4.0,4.0,2.2047477744807122,1.8132412894363779,4.0,0.0,0.0,0.0,0.0,0.0,0.0,0.0,0.0,0.0,0.0,0.0,0.0,1.0,6.0,5.0,3.798219584569733,2.275110285377172,6.0,0.0,1.0,1.0,0.4065281899109793,0.48252604143736416,0.0,0.0,4.0,4.0,1.3560830860534125,1.102572004684377,2.0,0.0,0.0,0.0,0.0,0.0,0.0,0.0,0.0,0.0,0.0,0.0,0.0,1.0,4.0,3.0,1.7626112759643917,0.6200459632470129,2.0,16.5933333333,25.786875,9.1935416667,21.560184400153414,4.1513455843413976,25.786875,0.0,2.202,2.202,1.195359050445104,1.014506194472083,2.202,0.0,0.0,0.0,0.0,0.0,0.0,2.0,229.0,227.0,137.91691394658753,83.04329526543334,70.0
-1.8416375079047504,1,3.0,32.0,29.0,11.479289940828401,6.923917229788874,16.0,1.0,88.0,87.0,51.67455621301775,41.37922341654704,88.0,6.941,72.64,65.699,23.89704368047337,13.845763478729737,32.065,317.3,1211.4,894.1000000000001,454.23852071005916,80.64441791253806,388.36,1.0,16.0,15.0,9.70414201183432,7.107524246349917,16.0,2.0,4.0,2.0,2.644970414201183,0.5266622317145758,3.0,105.0,128.0,23.0,115.31952662721892,10.852981338188435,105.0,0.98,2.58,1.6,1.8710059171597633,0.7275669619411085,2.58,1.0,2.0,1.0,1.5917159763313609,0.4831763593711704,2.0,0.0,4.0,4.0,2.195266272189349,1.8133818843878011,4.0,0.0,10.0,10.0,0.5325443786982248,1.008368054339834,0.0,0.0,0.0,0.0,0.0,0.0,0.0,1.0,14.0,13.0,4.319526627218934,2.710619376072266,6.0,0.0,1.0,1.0,0.40828402366863903,0.4831763593711704,0.0,0.0,4.0,4.0,1.3550295857988166,1.1064738629599804,2.0,0.0,0.0,0.0,0.0,0.0,0.0,0.0,0.0,0.0,0.0,0.0,0.0,1.0,4.0,3.0,1.7633136094674557,0.6232975035888099,2.0,16.5933333333,25.786875,9.1935416667,21.67578472807633,4.150167411119134,25.786875,0.0,2.202,2.202,1.168532544378698,1.0378525261720526,2.202,0.0,0.0,0.0,0.0,0.0,0.0,2.0,229.0,227.0,138.74556213017752,82.88575329995447,70.0
-2.179535789566584,2,3.0,16.0,13.0,10.520710059171597,6.141171527607576,16.0,1.0,88.0,87.0,51.62130177514792,41.33573754420363,88.0,6.941,32.065,25.124,21.524318828402365,11.90827217940548,32.065,317.3,1687.0,1369.7,479.5663313609467,128.60240257694056,388.36,1.0,16.0,15.0,9.70414201183432,7.107524246349917,16.0,2.0,3.0,1.0,2.591715976331361,0.4831763593711704,3.0,105.0,128.0,23.0,114.84023668639053,10.74584223241483,105.0,0.98,2.58,1.6,1.8651479289940824,0.7227835159833339,2.58,1.0,2.0,1.0,1.5917159763313609,0.4831763593711704,2.0,0.0,4.0,4.0,2.195266272189349,1.8133818843878011,4.0,0.0,0.0,0.0,0.0,0.0,0.0,0.0,0.0,0.0,0.0,0.0,0.0,1.0,6.0,5.0,3.78698224852071,2.275760652638213,6.0,0.0,1.0,1.0,0.40828402366863903,0.4831763593711704,0.0,0.0,4.0,4.0,1.3550295857988166,1.1064738629599804,2.0,0.0,0.0,0.0,0.0,0.0,0.0,0.0,0.0,0.0,0.0,0.0,0.0,1.0,4.0,3.0,1.7633136094674557,0.6232975035888099,2.0,16.5933333333,25.786875,9.1935416667,21.539187094940235,4.15569933026791,25.786875,0.0,2.202,2.202,1.189301775147929,1.0154856622667272,2.202,0.0,0.0,0.0,0.0,0.0,0.0,2.0,229.0,227.0,138.85207100591717,83.00045516613564,70.0
-1.958607314841775,1,3.0,50.0,47.0,10.90414201183432,6.4542698084800945,16.0,1.0,88.0,87.0,51.64260355029585,41.353131893141,88.0,6.941,118.71,111.76899999999999,22.48955018934911,12.696449267042468,32.065,317.3,1687.0,1369.7,466.9778343195266,104.76619516123384,388.36,1.0,16.0,15.0,9.70414201183432,7.107524246349917,16.0,2.0,5.0,3.0,2.6130177514792896,0.5005707083085327,3.0,105.0,139.0,34.0,115.13846153846154,11.010614474283113,105.0,0.98,2.58,1.6,1.8657869822485205,0.7233053464514547,2.58,1.0,2.0,1.0,1.5917159763313609,0.4831763593711704,2.0,0.0,4.0,4.0,2.195266272189349,1.8133818843878013,4.0,0.0,10.0,10.0,0.10650887573964497,0.21074892335702533,0.0,0.0,0.0,0.0,0.0,0.0,0.0,1.0,14.0,13.0,3.893491124260355,2.3627323973250234,6.0,0.0,1.0,1.0,0.40828402366863903,0.4831763593711704,0.0,0.0,4.0,4.0,1.3550295857988166,1.1064738629599804,2.0,0.0,0.0,0.0,0.0,0.0,0.0,0.0,0.0,0.0,0.0,0.0,0.0,1.0,4.0,3.0,1.7633136094674557,0.6232975035888099,2.0,16.5933333333,33.285,16.691666666699998,21.67599774582781,4.255657138868392,25.786875,0.0,2.202,2.202,1.1810686390532543,1.0243521165225307,2.202,0.0,0.0,0.0,0.0,0.0,0.0,2.0,229.0,227.0,137.93609467455622,82.01401911697768,70.0
-2.2781893847874533,1,3.0,16.0,13.0,10.495575221238939,6.146813898243141,16.0,1.0,88.0,87.0,51.45722713864306,41.37790308124712,88.0,6.941,32.065,25.124,21.472780241887907,11.916917130515744,32.065,317.3,1687.0,1369.7,483.53041297935107,134.902195595235,388.36,1.0,16.0,15.0,9.67551622418879,7.114435133700542,16.0,2.0,3.0,1.0,2.589970501474926,0.4838106177287006,3.0,105.0,128.0,23.0,114.89085545722715,10.75027192593173,105.0,0.98,2.58,1.6,1.8616814159292034,0.7230307776646565,2.58,1.0,2.0,1.0,1.5899705014749261,0.4838106177287006,2.0,0.0,4.0,4.0,2.185840707964602,1.8133500404625784,4.0,0.0,0.0,0.0,0.0,0.0,0.0,0.0,0.0,0.0,0.0,0.0,0.0,1.0,6.0,5.0,3.775811209439528,2.2763289564135363,6.0,0.0,1.0,1.0,0.41002949852507375,0.4838106177287006,0.0,0.0,4.0,4.0,1.3539823008849556,1.1103453676873678,2.0,0.0,0.0,0.0,0.0,0.0,0.0,0.0,0.0,0.0,0.0,0.0,0.0,1.0,4.0,3.0,1.7640117994100295,0.6265347499586673,2.0,16.5933333333,25.786875,9.1935416667,21.518313667633922,4.159647351961415,25.786875,0.0,2.202,2.202,1.1832802359882004,1.0163497185022754,2.202,0.0,0.0,0.0,0.0,0.0,0.0,2.0,229.0,227.0,139.7817109144543,82.94094203844381,70.0
-1.958607314841775,1,3.0,32.0,29.0,11.529411764705882,7.024221453287198,16.0,1.0,88.0,87.0,51.35294117647059,41.46712802768167,88.0,6.941,72.64,65.699,24.042397764705882,14.083504041522492,32.065,317.3,1211.4,894.1000000000001,459.49470588235295,88.45944636678203,388.36,1.0,16.0,15.0,9.647058823529411,7.1211072664359865,16.0,2.0,4.0,2.0,2.6470588235294117,0.532871972318339,3.0,105.0,128.0,23.0,115.47058823529412,10.85121107266436,105.0,0.98,2.58,1.6,1.864705882352941,0.7285813148788927,2.58,1.0,2.0,1.0,1.588235294117647,0.48442906574394473,2.0,0.0,4.0,4.0,2.176470588235294,1.8131487889273357,4.0,0.0,10.0,10.0,0.5882352941176471,1.107266435986159,0.0,0.0,0.0,0.0,0.0,0.0,0.0,1.0,14.0,13.0,4.352941176470588,2.761245674740484,6.0,0.0,1.0,1.0,0.4117647058823529,0.4844290657439447,0.0,0.0,4.0,4.0,1.3529411764705883,1.1141868512110726,2.0,0.0,0.0,0.0,0.0,0.0,0.0,0.0,0.0,0.0,0.0,0.0,0.0,1.0,4.0,3.0,1.7647058823529411,0.6297577854671281,2.0,16.5933333333,25.786875,9.1935416667,21.648445378135296,4.163033448687889,25.786875,0.0,2.202,2.202,1.1543529411764706,1.0413910034602076,2.202,0.0,0.0,0.0,0.0,0.0,0.0,2.0,229.0,227.0,140.58823529411765,82.74048442906573,70.0
-2.0560111249262283,1,3.0,50.0,47.0,10.894117647058824,6.501038062283736,16.0,1.0,88.0,87.0,51.317647058823525,41.43806228373702,88.0,6.941,118.71,111.76899999999999,22.487715411764704,12.803177397923875,32.065,317.3,1687.0,1369.7,473.5662352941176,114.94703114186842,388.36,1.0,16.0,15.0,9.647058823529411,7.1211072664359865,16.0,2.0,5.0,3.0,2.6117647058823525,0.5038062283737025,3.0,105.0,139.0,34.0,115.27058823529413,11.041384083044985,105.0,0.98,2.58,1.6,1.858941176470588,0.7238339100346022,2.58,1.0,2.0,1.0,1.588235294117647,0.48442906574394473,2.0,0.0,4.0,4.0,2.176470588235294,1.8131487889273357,4.0,0.0,10.0,10.0,0.11764705882352941,0.23252595155709344,0.0,0.0,0.0,0.0,0.0,0.0,0.0,1.0,14.0,13.0,3.8823529411764706,2.3737024221453287,6.0,0.0,1.0,1.0,0.4117647058823529,0.4844290657439447,0.0,0.0,4.0,4.0,1.3529411764705883,1.1141868512110726,2.0,0.0,0.0,0.0,0.0,0.0,0.0,0.0,0.0,0.0,0.0,0.0,0.0,1.0,4.0,3.0,1.7647058823529411,0.629757785467128,2.0,16.5933333333,33.285,16.691666666699998,21.648680672252937,4.276985401232111,25.786875,0.0,2.202,2.202,1.1682,1.026729411764706,2.202,0.0,0.0,0.0,0.0,0.0,0.0,2.0,229.0,227.0,139.69411764705885,81.79377162629757,70.0
-7.882728704344236,1,3.0,16.0,13.0,10.0,6.0,3.0,1.0,88.0,87.0,48.57142857142857,40.775510204081634,1.0,6.941,32.065,25.124,20.571362657142856,11.683167991836736,6.941,388.36,933.47,545.11,494.2314285714286,125.49673469387754,388.36,1.0,16.0,15.0,9.142857142857142,6.979591836734694,1.0,2.0,3.0,1.0,2.5714285714285716,0.4897959183673469,2.0,105.0,128.0,23.0,117.14285714285714,10.408163265306124,105.0,0.98,2.58,1.6,1.7557142857142856,0.7065306122448979,0.98,1.0,2.0,1.0,1.5714285714285714,0.489795918367347,1.0,0.0,4.0,4.0,1.8571428571428572,1.836734693877551,0.0,0.0,0.0,0.0,0.0,0.0,0.0,0.0,0.0,0.0,0.0,0.0,0.0,1.0,6.0,5.0,3.4285714285714284,2.2040816326530615,1.0,0.0,1.0,1.0,0.42857142857142855,0.4897959183673469,0.0,0.0,5.0,5.0,1.5714285714285714,1.346938775510204,0.0,0.0,0.0,0.0,0.0,0.0,0.0,0.0,0.0,0.0,0.0,0.0,0.0,1.0,5.0,4.0,2.0,0.8571428571428571,1.0,16.48,25.786875,9.306874999999998,20.517232142842857,4.516836734706122,16.5933333333,0.0,2.202,2.202,0.9437142857142857,1.0785306122448979,0.0,0.0,0.0,0.0,0.0,0.0,0.0,70.0,229.0,159.0,160.28571428571428,77.38775510204083,70.0
-9.619788758288394,1,3.0,83.0,80.0,16.571428571428573,18.979591836734695,3.0,1.0,87.0,86.0,50.0,42.0,1.0,6.941,208.9804,202.0394,39.685942857142855,48.36984489795918,6.941,54.8,544.4,489.59999999999997,295.69571428571425,206.48204081632653,54.8,1.0,16.0,15.0,9.428571428571429,7.224489795918367,1.0,2.0,6.0,4.0,2.5714285714285716,0.979591836734694,2.0,66.0,148.0,82.0,104.28571428571429,32.816326530612244,66.0,0.98,3.44,2.46,2.182857142857143,1.0775510204081633,0.98,1.0,2.0,1.0,1.5714285714285714,0.489795918367347,1.0,0.0,4.0,4.0,2.142857142857143,1.836734693877551,0.0,0.0,10.0,10.0,1.4285714285714286,2.4489795918367347,0.0,0.0,14.0,14.0,2.0,3.4285714285714284,0.0,1.0,29.0,28.0,7.142857142857143,6.244897959183675,1.0,0.0,1.0,1.0,0.42857142857142855,0.4897959183673469,0.0,0.0,3.0,3.0,1.2857142857142858,1.1020408163265307,0.0,0.0,0.0,0.0,0.0,0.0,0.0,0.0,0.0,0.0,0.0,0.0,0.0,1.0,3.0,2.0,1.7142857142857142,0.6122448979591837,1.0,9.105,32.95,23.845000000000002,15.7207142857,5.670612244885715,9.105,0.0,0.0,0.0,0.0,0.0,0.0,0.0,0.0,0.0,0.0,0.0,0.0,12.0,229.0,217.0,105.0,106.28571428571429,12.0
-6.070581074285707,1,3.0,32.0,29.0,9.2,6.079999999999999,8.0,1.0,87.0,86.0,51.53333333333333,40.42666666666666,87.0,6.941,72.64,65.699,19.928119999999996,14.056501333333332,15.9994,54.8,1211.4,1156.6000000000001,368.5693333333334,292.85137777777777,54.8,1.0,16.0,15.0,9.733333333333333,6.986666666666666,16.0,2.0,4.0,2.0,2.2666666666666666,0.4622222222222222,2.0,66.0,128.0,62.0,98.0,29.866666666666667,66.0,0.98,3.44,2.46,2.265333333333333,1.0963555555555555,3.44,1.0,2.0,1.0,1.6,0.4799999999999999,2.0,0.0,4.0,4.0,2.1333333333333333,1.7422222222222221,4.0,0.0,10.0,10.0,1.3333333333333333,2.311111111111111,0.0,0.0,0.0,0.0,0.0,0.0,0.0,1.0,14.0,13.0,5.066666666666666,3.253333333333333,6.0,0.0,1.0,1.0,0.4,0.4799999999999999,0.0,0.0,4.0,4.0,1.4666666666666666,1.1733333333333333,2.0,0.0,0.0,0.0,0.0,0.0,0.0,0.0,0.0,0.0,0.0,0.0,0.0,1.0,4.0,3.0,1.8666666666666667,0.6933333333333334,2.0,9.105,23.005,13.899999999999999,13.953666666653332,4.5254222222097775,9.105,0.0,0.383,0.383,0.05106666666666667,0.08851555555555556,0.0,0.0,0.0,0.0,0.0,0.0,0.0,12.0,229.0,217.0,127.2,107.52,12.0
-8.0,1,3.0,35.0,32.0,13.0,13.2,3.0,1.0,95.0,94.0,37.3,43.56,1.0,6.941,79.904,72.963,29.536469999999998,30.220518,6.941,63.05,453.69,390.64,358.259,114.51719999999997,453.69,1.0,17.0,16.0,7.2,7.44,1.0,2.0,4.0,2.0,2.6,0.8400000000000001,2.0,71.0,128.0,57.0,119.9,9.779999999999996,128.0,0.98,3.04,2.06,1.7799999999999998,0.96,0.98,1.0,2.0,1.0,1.4,0.48,1.0,0.0,5.0,5.0,1.8,2.16,0.0,0.0,10.0,10.0,3.0,4.2,0.0,0.0,0.0,0.0,0.0,0.0,0.0,1.0,17.0,16.0,6.2,6.480000000000001,1.0,0.0,1.0,1.0,0.6,0.4800000000000001,1.0,0.0,3.0,3.0,0.6,0.72,0.0,0.0,0.0,0.0,0.0,0.0,0.0,0.0,0.0,0.0,0.0,0.0,0.0,1.0,3.0,2.0,1.2,0.36,1.0,14.76875,29.48,14.71125,20.27687499998,5.521875000012001,16.5933333333,0.0,6.437,6.437,1.0808,1.2969600000000001,0.0,0.0,0.0,0.0,0.0,0.0,0.0,64.0,229.0,165.0,176.0,67.2,229.0
-15.0,1,3.0,60.0,57.0,19.45,18.675,8.0,1.0,90.0,89.0,64.2,32.52,87.0,6.941,144.242,137.301,45.03709,46.27405499999999,15.9994,54.8,1294.0,1239.2,367.29949999999997,374.9994,54.8,1.0,16.0,15.0,11.8,5.880000000000001,16.0,2.0,6.0,4.0,2.9,1.35,2.0,66.0,201.0,135.0,102.75,44.1,66.0,0.98,3.44,2.46,2.592,1.0175999999999998,3.44,1.0,2.0,1.0,1.85,0.25499999999999995,2.0,0.0,4.0,4.0,2.8,1.6799999999999997,4.0,0.0,10.0,10.0,1.0,1.8,0.0,0.0,4.0,4.0,0.6,1.02,0.0,1.0,16.0,15.0,6.25,1.95,6.0,0.0,1.0,1.0,0.15,0.255,0.0,0.0,2.0,2.0,1.4,0.8399999999999999,2.0,0.0,0.0,0.0,0.0,0.0,0.0,0.0,10.0,10.0,1.5,2.55,0.0,1.0,10.0,9.0,3.05,2.085,2.0,9.105,34.81,25.705000000000002,16.649833333325,9.0707499999975,9.105,0.0,0.464,0.464,0.046400000000000004,0.08352000000000001,0.0,0.0,0.0,0.0,0.0,0.0,0.0,12.0,229.0,217.0,85.85,88.62,12.0
-9.0,1,3.0,17.0,14.0,6.923076923076923,3.6213017751479293,3.0,1.0,94.0,93.0,47.53846153846154,42.9585798816568,1.0,6.941,35.453,28.512000000000004,14.46690476923077,6.946989017751481,6.941,54.8,453.69,398.89,268.08,178.90461538461537,453.69,1.0,17.0,16.0,9.076923076923077,7.455621301775148,1.0,2.0,3.0,1.0,2.1538461538461537,0.26035502958579876,2.0,66.0,128.0,62.0,100.53846153846153,26.56804733727811,128.0,0.98,3.44,2.46,2.186923076923077,1.1140828402366862,0.98,1.0,2.0,1.0,1.5384615384615385,0.4970414201183432,1.0,0.0,5.0,5.0,2.1538461538461537,1.9881656804733727,0.0,0.0,0.0,0.0,0.0,0.0,0.0,0.0,0.0,0.0,0.0,0.0,0.0,1.0,7.0,6.0,3.6923076923076925,2.485207100591716,1.0,0.0,1.0,1.0,0.46153846153846156,0.4970414201183432,1.0,0.0,3.0,3.0,1.0769230769230769,1.0059171597633136,0.0,0.0,0.0,0.0,0.0,0.0,0.0,0.0,0.0,0.0,0.0,0.0,0.0,1.0,3.0,2.0,1.5384615384615385,0.5798816568047337,1.0,9.105,24.4975,15.392499999999998,14.78097985346154,4.366138348816567,16.5933333333,0.0,2.493,2.493,0.3167692307692308,0.5360710059171597,0.0,0.0,0.0,0.0,0.0,0.0,0.0,2.0,229.0,227.0,115.38461538461539,104.87573964497042,229.0
-2.4424927980943423,1,3.0,35.0,32.0,12.76923076923077,9.01775147928994,3.0,1.0,95.0,94.0,48.07692307692308,43.455621301775146,1.0,6.941,79.904,72.963,27.672597076923076,19.136858840236684,6.941,265.8,494.0,228.2,411.74461538461543,51.37349112426035,453.69,1.0,17.0,16.0,9.076923076923077,7.455621301775148,1.0,2.0,4.0,2.0,2.6923076923076925,0.6390532544378698,2.0,105.0,128.0,23.0,118.07692307692308,9.751479289940828,128.0,0.98,2.96,1.98,1.8384615384615386,0.7924260355029588,0.98,1.0,2.0,1.0,1.5384615384615385,0.4970414201183432,1.0,0.0,5.0,5.0,2.1538461538461537,1.9881656804733727,0.0,0.0,10.0,10.0,1.5384615384615385,2.603550295857988,0.0,0.0,0.0,0.0,0.0,0.0,0.0,1.0,17.0,16.0,5.230769230769231,3.9408284023668645,1.0,0.0,1.0,1.0,0.46153846153846156,0.4970414201183432,1.0,0.0,3.0,3.0,1.0769230769230769,1.0059171597633136,0.0,0.0,0.0,0.0,0.0,0.0,0.0,0.0,0.0,0.0,0.0,0.0,0.0,1.0,3.0,2.0,1.5384615384615385,0.5798816568047337,1.0,16.5933333333,29.48,12.886666666700002,21.590595238076922,4.612857142871007,16.5933333333,0.0,2.202,2.202,0.9760769230769231,0.9282366863905325,0.0,0.0,0.0,0.0,0.0,0.0,0.0,2.0,229.0,227.0,133.3846153846154,88.26035502958581,229.0
-2.417936637088291,1,3.0,35.0,32.0,12.63076923076923,8.889940828402366,3.0,1.0,95.0,94.0,48.06923076923077,43.44852071005917,1.0,6.941,79.904,72.963,27.311866307692306,18.803876591715976,6.941,265.8,494.0,228.2,410.9320000000001,50.97064615384614,453.69,1.0,17.0,16.0,9.076923076923077,7.455621301775148,1.0,2.0,4.0,2.0,2.6846153846153844,0.6319526627218935,2.0,105.0,128.0,23.0,117.96153846153847,9.862130177514793,128.0,0.98,2.96,1.98,1.8386923076923076,0.792639053254438,0.98,1.0,2.0,1.0,1.5384615384615385,0.4970414201183432,1.0,0.0,5.0,5.0,2.1538461538461537,1.9881656804733727,0.0,0.0,10.0,10.0,1.4615384615384615,2.49585798816568,0.0,0.0,0.0,0.0,0.0,0.0,0.0,1.0,17.0,16.0,5.153846153846154,3.857988165680474,1.0,0.0,1.0,1.0,0.46153846153846156,0.4970414201183432,1.0,0.0,3.0,3.0,1.0769230769230769,1.0059171597633136,0.0,0.0,0.0,0.0,0.0,0.0,0.0,0.0,0.0,0.0,0.0,0.0,0.0,1.0,3.0,2.0,1.5384615384615385,0.5798816568047337,1.0,16.5933333333,29.48,12.886666666700002,21.58957119961538,4.611911876598817,16.5933333333,0.0,2.202,2.202,0.9868692307692307,0.9369688757396448,0.0,0.0,0.0,0.0,0.0,0.0,0.0,2.0,229.0,227.0,133.8153846153846,87.86272189349111,229.0
-2.4584207560534197,1,3.0,35.0,32.0,12.492307692307692,8.762130177514793,3.0,1.0,95.0,94.0,48.06153846153847,43.44142011834319,1.0,6.941,79.904,72.963,26.951135538461536,18.470894343195265,6.941,265.8,494.0,228.2,410.1193846153846,50.54279763313609,453.69,1.0,17.0,16.0,9.076923076923077,7.455621301775148,1.0,2.0,4.0,2.0,2.6769230769230767,0.6248520710059171,2.0,105.0,128.0,23.0,117.84615384615384,9.969230769230771,128.0,0.98,2.96,1.98,1.8389230769230769,0.7928520710059174,0.98,1.0,2.0,1.0,1.5384615384615385,0.4970414201183431,1.0,0.0,5.0,5.0,2.1538461538461537,1.9881656804733727,0.0,0.0,10.0,10.0,1.3846153846153846,2.3857988165680473,0.0,0.0,0.0,0.0,0.0,0.0,0.0,1.0,17.0,16.0,5.076923076923077,3.775147928994083,1.0,0.0,1.0,1.0,0.46153846153846156,0.4970414201183432,1.0,0.0,3.0,3.0,1.0769230769230769,1.0059171597633136,0.0,0.0,0.0,0.0,0.0,0.0,0.0,0.0,0.0,0.0,0.0,0.0,0.0,1.0,3.0,2.0,1.5384615384615385,0.5798816568047337,1.0,16.5933333333,29.48,12.886666666700002,21.588547161153848,4.610966610326627,16.5933333333,0.0,2.202,2.202,0.9976615384615386,0.9453689940828401,0.0,0.0,0.0,0.0,0.0,0.0,0.0,2.0,229.0,227.0,134.24615384615385,87.46508875739644,229.0
-2.5214335044061564,1,3.0,35.0,32.0,12.353846153846153,8.63431952662722,3.0,1.0,95.0,94.0,48.05384615384615,43.43431952662721,1.0,6.941,79.904,72.963,26.590404769230766,18.137912094674554,6.941,265.8,494.0,228.2,409.30676923076925,50.08994556213016,453.69,1.0,17.0,16.0,9.076923076923077,7.455621301775148,1.0,2.0,4.0,2.0,2.6692307692307695,0.6177514792899408,2.0,105.0,128.0,23.0,117.73076923076923,10.072781065088757,128.0,0.98,2.96,1.98,1.8391538461538464,0.7930650887573965,0.98,1.0,2.0,1.0,1.5384615384615385,0.4970414201183431,1.0,0.0,5.0,5.0,2.1538461538461537,1.9881656804733727,0.0,0.0,10.0,10.0,1.3076923076923077,2.2733727810650888,0.0,0.0,0.0,0.0,0.0,0.0,0.0,1.0,17.0,16.0,5.0,3.6923076923076925,1.0,0.0,1.0,1.0,0.46153846153846156,0.4970414201183432,1.0,0.0,3.0,3.0,1.0769230769230769,1.0059171597633136,0.0,0.0,0.0,0.0,0.0,0.0,0.0,0.0,0.0,0.0,0.0,0.0,0.0,1.0,3.0,2.0,1.5384615384615385,0.5798816568047337,1.0,16.5933333333,29.48,12.886666666700002,21.587523122692307,4.610021344054438,16.5933333333,0.0,2.202,2.202,1.0084538461538461,0.9534370414201183,0.0,0.0,0.0,0.0,0.0,0.0,0.0,2.0,229.0,227.0,134.67692307692306,87.06745562130178,229.0
-2.555955204081924,1,3.0,35.0,32.0,12.215384615384616,8.506508875739646,3.0,1.0,95.0,94.0,48.04615384615385,43.427218934911245,1.0,6.941,79.904,72.963,26.229674000000003,17.804929846153847,6.941,265.8,494.0,228.2,408.49415384615384,49.61208994082839,453.69,1.0,17.0,16.0,9.076923076923077,7.455621301775149,1.0,2.0,4.0,2.0,2.661538461538462,0.6106508875739645,2.0,105.0,128.0,23.0,117.61538461538461,10.17278106508876,128.0,0.98,2.96,1.98,1.8393846153846158,0.7932781065088759,0.98,1.0,2.0,1.0,1.5384615384615385,0.4970414201183432,1.0,0.0,5.0,5.0,2.1538461538461537,1.9881656804733732,0.0,0.0,10.0,10.0,1.2307692307692308,2.158579881656805,0.0,0.0,0.0,0.0,0.0,0.0,0.0,1.0,17.0,16.0,4.923076923076923,3.6213017751479293,1.0,0.0,1.0,1.0,0.46153846153846156,0.4970414201183433,1.0,0.0,3.0,3.0,1.0769230769230769,1.0059171597633136,0.0,0.0,0.0,0.0,0.0,0.0,0.0,0.0,0.0,0.0,0.0,0.0,0.0,1.0,3.0,2.0,1.5384615384615385,0.5798816568047337,1.0,16.5933333333,29.48,12.886666666700002,21.58649908423077,4.609076077782249,16.5933333333,0.0,2.202,2.202,1.019246153846154,0.9611730177514792,0.0,0.0,0.0,0.0,0.0,0.0,0.0,2.0,229.0,227.0,135.1076923076923,86.6698224852071,229.0
-2.571865205971211,1,3.0,35.0,32.0,12.076923076923077,8.378698224852071,3.0,1.0,95.0,94.0,48.03846153846154,43.42011834319526,1.0,6.941,79.904,72.963,25.868943230769233,17.471947597633136,6.941,265.8,494.0,228.2,407.6815384615385,49.109230769230756,453.69,1.0,17.0,16.0,9.076923076923077,7.455621301775149,1.0,2.0,4.0,2.0,2.6538461538461537,0.6035502958579883,2.0,105.0,128.0,23.0,117.5,10.26923076923077,128.0,0.98,2.96,1.98,1.8396153846153847,0.7934911242603551,0.98,1.0,2.0,1.0,1.5384615384615385,0.4970414201183432,1.0,0.0,5.0,5.0,2.1538461538461537,1.9881656804733732,0.0,0.0,10.0,10.0,1.1538461538461537,2.0414201183431953,0.0,0.0,0.0,0.0,0.0,0.0,0.0,1.0,17.0,16.0,4.846153846153846,3.5502958579881656,1.0,0.0,1.0,1.0,0.46153846153846156,0.4970414201183433,1.0,0.0,3.0,3.0,1.0769230769230769,1.0059171597633136,0.0,0.0,0.0,0.0,0.0,0.0,0.0,0.0,0.0,0.0,0.0,0.0,0.0,1.0,3.0,2.0,1.5384615384615385,0.5798816568047337,1.0,16.5933333333,29.48,12.886666666700002,21.585475045769233,4.608130811510059,16.5933333333,0.0,2.202,2.202,1.0300384615384615,0.9685769230769231,0.0,0.0,0.0,0.0,0.0,0.0,0.0,2.0,229.0,227.0,135.53846153846155,86.27218934911242,229.0
-2.438898616350944,1,3.0,35.0,32.0,11.938461538461537,8.250887573964496,3.0,1.0,95.0,94.0,48.03076923076923,43.41301775147929,1.0,6.941,79.904,72.963,25.508212461538463,17.138965349112425,6.941,265.8,494.0,228.2,406.8689230769231,48.581368047337264,453.69,1.0,17.0,16.0,9.076923076923077,7.455621301775148,1.0,2.0,4.0,2.0,2.646153846153846,0.5964497041420118,2.0,105.0,128.0,23.0,117.38461538461539,10.362130177514794,128.0,0.98,2.96,1.98,1.8398461538461537,0.7937041420118341,0.98,1.0,2.0,1.0,1.5384615384615385,0.4970414201183432,1.0,0.0,5.0,5.0,2.1538461538461537,1.9881656804733732,0.0,0.0,10.0,10.0,1.0769230769230769,1.9218934911242604,0.0,0.0,0.0,0.0,0.0,0.0,0.0,1.0,17.0,16.0,4.769230769230768,3.4792899408284024,1.0,0.0,1.0,1.0,0.46153846153846156,0.4970414201183433,1.0,0.0,3.0,3.0,1.0769230769230769,1.0059171597633136,0.0,0.0,0.0,0.0,0.0,0.0,0.0,0.0,0.0,0.0,0.0,0.0,0.0,1.0,3.0,2.0,1.5384615384615385,0.5798816568047337,1.0,16.5933333333,29.48,12.886666666700002,21.584451007307692,4.607185545237869,16.5933333333,0.0,2.202,2.202,1.0408307692307692,0.9756487573964496,0.0,0.0,0.0,0.0,0.0,0.0,0.0,2.0,229.0,227.0,135.96923076923076,85.87455621301775,229.0
-2.441291429466834,1,3.0,35.0,32.0,11.8,8.123076923076923,3.0,1.0,95.0,94.0,48.02307692307693,43.40591715976331,1.0,6.941,79.904,72.963,25.147481692307693,16.805983100591714,6.941,265.8,494.0,228.2,406.0563076923077,48.02850177514793,453.69,1.0,17.0,16.0,9.076923076923077,7.455621301775149,1.0,2.0,4.0,2.0,2.6384615384615384,0.5893491124260355,2.0,105.0,128.0,23.0,117.26923076923077,10.451479289940828,128.0,0.98,2.96,1.98,1.8400769230769234,0.7939171597633136,0.98,1.0,2.0,1.0,1.5384615384615385,0.4970414201183433,1.0,0.0,5.0,5.0,2.1538461538461537,1.9881656804733732,0.0,0.0,10.0,10.0,1.0,1.7999999999999998,0.0,0.0,0.0,0.0,0.0,0.0,0.0,1.0,17.0,16.0,4.6923076923076925,3.408284023668639,1.0,0.0,1.0,1.0,0.46153846153846156,0.4970414201183433,1.0,0.0,3.0,3.0,1.0769230769230769,1.0059171597633136,0.0,0.0,0.0,0.0,0.0,0.0,0.0,0.0,0.0,0.0,0.0,0.0,0.0,1.0,3.0,2.0,1.5384615384615385,0.5798816568047338,1.0,16.5933333333,29.48,12.886666666700002,21.583426968846155,4.6062402789656804,16.5933333333,0.0,2.202,2.202,1.051623076923077,0.9823885207100592,0.0,0.0,0.0,0.0,0.0,0.0,0.0,2.0,229.0,227.0,136.4,85.47692307692309,229.0
-2.406713932979543,1,3.0,35.0,32.0,11.661538461538461,7.995266272189348,3.0,1.0,95.0,94.0,48.01538461538461,43.39881656804733,1.0,6.941,79.904,72.963,24.786750923076923,16.473000852071003,6.941,265.8,494.0,228.2,405.24369230769236,47.45063195266271,453.69,1.0,17.0,16.0,9.076923076923077,7.455621301775148,1.0,2.0,4.0,2.0,2.630769230769231,0.5822485207100591,2.0,105.0,128.0,23.0,117.15384615384616,10.537278106508873,128.0,0.98,2.96,1.98,1.8403076923076926,0.794130177514793,0.98,1.0,2.0,1.0,1.5384615384615385,0.4970414201183432,1.0,0.0,5.0,5.0,2.1538461538461537,1.9881656804733727,0.0,0.0,10.0,10.0,0.9230769230769231,1.6757396449704143,0.0,0.0,0.0,0.0,0.0,0.0,0.0,1.0,17.0,16.0,4.615384615384615,3.3372781065088755,1.0,0.0,1.0,1.0,0.46153846153846156,0.4970414201183432,1.0,0.0,3.0,3.0,1.0769230769230769,1.0059171597633136,0.0,0.0,0.0,0.0,0.0,0.0,0.0,0.0,0.0,0.0,0.0,0.0,0.0,1.0,3.0,2.0,1.5384615384615385,0.5798816568047337,1.0,16.5933333333,29.48,12.886666666700002,21.58240293038461,4.605295012693491,16.5933333333,0.0,2.202,2.202,1.0624153846153848,0.9887962130177516,0.0,0.0,0.0,0.0,0.0,0.0,0.0,2.0,229.0,227.0,136.83076923076922,85.07928994082839,229.0
-2.494850021680094,1,3.0,35.0,32.0,11.523076923076925,7.867455621301774,3.0,1.0,95.0,94.0,48.00769230769231,43.39171597633136,1.0,6.941,79.904,72.963,24.426020153846157,16.140018603550295,6.941,265.8,494.0,228.2,404.43107692307694,46.847758579881656,453.69,1.0,17.0,16.0,9.076923076923077,7.455621301775149,1.0,2.0,4.0,2.0,2.623076923076923,0.5751479289940828,2.0,105.0,128.0,23.0,117.03846153846153,10.619526627218935,128.0,0.98,2.96,1.98,1.8405384615384617,0.7943431952662722,0.98,1.0,2.0,1.0,1.5384615384615385,0.4970414201183432,1.0,0.0,5.0,5.0,2.1538461538461537,1.9881656804733727,0.0,0.0,10.0,10.0,0.8461538461538461,1.549112426035503,0.0,0.0,0.0,0.0,0.0,0.0,0.0,1.0,17.0,16.0,4.538461538461539,3.2662721893491122,1.0,0.0,1.0,1.0,0.46153846153846156,0.4970414201183432,1.0,0.0,3.0,3.0,1.0769230769230769,1.0059171597633136,0.0,0.0,0.0,0.0,0.0,0.0,0.0,0.0,0.0,0.0,0.0,0.0,0.0,1.0,3.0,2.0,1.5384615384615385,0.5798816568047337,1.0,16.5933333333,29.48,12.886666666700002,21.58137889192308,4.604349746421302,16.5933333333,0.0,2.202,2.202,1.0732076923076925,0.9948718343195265,0.0,0.0,0.0,0.0,0.0,0.0,0.0,2.0,229.0,227.0,137.26153846153846,84.68165680473372,229.0
-5.3260580013659125,1,3.0,53.0,50.0,12.423076923076923,8.698224852071005,3.0,1.0,96.0,95.0,48.05769230769231,43.437869822485204,1.0,6.941,126.90447,119.96347,26.77685496153846,18.31001996449704,6.941,265.8,453.69,187.89,410.60211538461533,39.773431952662705,453.69,1.0,17.0,16.0,9.076923076923077,7.455621301775148,1.0,2.0,5.0,3.0,2.673076923076923,0.621301775147929,2.0,105.0,139.0,34.0,118.01923076923077,11.710059171597633,128.0,0.98,2.96,1.98,1.8234615384615382,0.7785798816568049,0.98,1.0,2.0,1.0,1.5384615384615385,0.4970414201183431,1.0,0.0,5.0,5.0,2.1538461538461537,1.9881656804733725,0.0,0.0,10.0,10.0,0.7692307692307693,1.4201183431952664,0.0,0.0,0.0,0.0,0.0,0.0,0.0,1.0,17.0,16.0,4.461538461538462,3.1952662721893494,1.0,0.0,1.0,1.0,0.46153846153846156,0.4970414201183431,1.0,0.0,3.0,3.0,1.0769230769230769,1.0059171597633136,0.0,0.0,0.0,0.0,0.0,0.0,0.0,0.0,0.0,0.0,0.0,0.0,0.0,1.0,3.0,2.0,1.5384615384615385,0.5798816568047338,1.0,16.5933333333,43.015,26.421666666700002,22.36122023807692,5.324203296717159,16.5933333333,0.0,2.202,2.202,1.0612115384615384,0.9795798816568045,0.0,0.0,0.0,0.0,0.0,0.0,0.0,2.0,229.0,227.0,137.69230769230768,84.28402366863905,229.0
-4.581698708680254,1,3.0,53.0,50.0,12.076923076923077,8.378698224852071,3.0,1.0,96.0,95.0,48.03846153846154,43.42011834319528,1.0,6.941,126.90447,119.96347,25.872999769230766,17.475692094674557,6.941,265.8,453.69,187.89,408.2742307692307,41.92224852071005,453.69,1.0,17.0,16.0,9.076923076923077,7.455621301775149,1.0,2.0,5.0,3.0,2.6538461538461537,0.6035502958579883,2.0,105.0,139.0,34.0,117.65384615384616,11.372781065088756,128.0,0.98,2.96,1.98,1.8292307692307692,0.7839053254437871,0.98,1.0,2.0,1.0,1.5384615384615385,0.4970414201183432,1.0,0.0,5.0,5.0,2.1538461538461537,1.9881656804733727,0.0,0.0,10.0,10.0,0.7692307692307693,1.4201183431952662,0.0,0.0,0.0,0.0,0.0,0.0,0.0,1.0,17.0,16.0,4.461538461538462,3.1952662721893486,1.0,0.0,1.0,1.0,0.46153846153846156,0.4970414201183432,1.0,0.0,3.0,3.0,1.0769230769230769,1.0059171597633136,0.0,0.0,0.0,0.0,0.0,0.0,0.0,0.0,0.0,0.0,0.0,0.0,0.0,1.0,3.0,2.0,1.5384615384615385,0.5798816568047337,1.0,16.5933333333,43.015,26.421666666700002,22.10093177653846,5.0839370245278115,16.5933333333,0.0,2.202,2.202,1.0688076923076923,0.9871153846153844,0.0,0.0,0.0,0.0,0.0,0.0,0.0,2.0,229.0,227.0,137.69230769230768,84.28402366863905,229.0
-3.9507819773298185,1,3.0,53.0,50.0,11.73076923076923,8.059171597633137,3.0,1.0,96.0,95.0,48.01923076923077,43.40236686390532,1.0,6.941,126.90447,119.96347,24.969144576923075,16.641364224852072,6.941,265.8,453.69,187.89,405.94634615384615,44.071065088757386,453.69,1.0,17.0,16.0,9.076923076923077,7.455621301775148,1.0,2.0,5.0,3.0,2.6346153846153846,0.5857988165680473,2.0,105.0,139.0,34.0,117.28846153846153,11.035502958579881,128.0,0.98,2.96,1.98,1.8349999999999997,0.7892307692307694,0.98,1.0,2.0,1.0,1.5384615384615385,0.4970414201183431,1.0,0.0,5.0,5.0,2.1538461538461537,1.9881656804733725,0.0,0.0,10.0,10.0,0.7692307692307693,1.4201183431952662,0.0,0.0,0.0,0.0,0.0,0.0,0.0,1.0,17.0,16.0,4.461538461538462,3.1952662721893494,1.0,0.0,1.0,1.0,0.46153846153846156,0.4970414201183431,1.0,0.0,3.0,3.0,1.0769230769230769,1.0059171597633136,0.0,0.0,0.0,0.0,0.0,0.0,0.0,0.0,0.0,0.0,0.0,0.0,0.0,1.0,3.0,2.0,1.5384615384615385,0.5798816568047338,1.0,16.5933333333,43.015,26.421666666700002,21.840643315,4.843670752338461,16.5933333333,0.0,2.202,2.202,1.076403846153846,0.9941575443786982,0.0,0.0,0.0,0.0,0.0,0.0,0.0,2.0,229.0,227.0,137.69230769230768,84.28402366863905,229.0
-2.7304870557820835,1,3.0,35.0,32.0,11.038461538461538,7.4201183431952655,3.0,1.0,95.0,94.0,47.98076923076923,43.366863905325445,1.0,6.941,79.904,72.963,23.21046246153846,15.017965349112426,6.941,171.6,453.69,282.09000000000003,401.80692307692306,47.89207100591715,453.69,1.0,17.0,16.0,9.076923076923077,7.455621301775148,1.0,2.0,4.0,2.0,2.5961538461538463,0.5502958579881656,2.0,102.0,128.0,26.0,116.57692307692308,10.939349112426035,128.0,0.98,3.16,2.18,1.8446153846153843,0.7981065088757398,0.98,1.0,2.0,1.0,1.5384615384615385,0.4970414201183431,1.0,0.0,5.0,5.0,2.1538461538461537,1.9881656804733725,0.0,0.0,10.0,10.0,0.5769230769230769,1.0872781065088757,0.0,0.0,0.0,0.0,0.0,0.0,0.0,1.0,17.0,16.0,4.269230769230769,3.0177514792899407,1.0,0.0,1.0,1.0,0.46153846153846156,0.4970414201183431,1.0,0.0,3.0,3.0,1.0769230769230769,1.0059171597633136,0.0,0.0,0.0,0.0,0.0,0.0,0.0,0.0,0.0,0.0,0.0,0.0,0.0,1.0,3.0,2.0,1.5384615384615385,0.5798816568047338,1.0,16.5933333333,29.48,12.886666666700002,21.48453754576923,4.514957734586982,16.5933333333,0.0,2.493,2.493,1.103923076923077,1.0190059171597634,0.0,0.0,0.0,0.0,0.0,0.0,0.0,2.0,229.0,227.0,137.69230769230768,84.28402366863905,229.0
-2.4775557664936803,1,3.0,35.0,32.0,10.692307692307692,7.100591715976332,3.0,1.0,95.0,94.0,47.96153846153846,43.3491124260355,1.0,6.941,79.904,72.963,22.355635538461538,14.228894343195266,6.941,171.6,453.69,282.09000000000003,399.9953846153846,49.56426035502958,453.69,1.0,17.0,16.0,9.076923076923077,7.455621301775149,1.0,2.0,4.0,2.0,2.576923076923077,0.5325443786982249,2.0,102.0,128.0,26.0,116.23076923076923,11.153846153846153,128.0,0.98,3.16,2.18,1.8484615384615384,0.8016568047337279,0.98,1.0,2.0,1.0,1.5384615384615385,0.4970414201183432,1.0,0.0,5.0,5.0,2.1538461538461537,1.9881656804733727,0.0,0.0,10.0,10.0,0.38461538461538464,0.7396449704142013,0.0,0.0,0.0,0.0,0.0,0.0,0.0,1.0,17.0,16.0,4.076923076923077,2.8402366863905324,1.0,0.0,1.0,1.0,0.46153846153846156,0.4970414201183432,1.0,0.0,3.0,3.0,1.0769230769230769,1.0059171597633136,0.0,0.0,0.0,0.0,0.0,0.0,0.0,0.0,0.0,0.0,0.0,0.0,0.0,1.0,3.0,2.0,1.5384615384615385,0.5798816568047337,1.0,16.5933333333,29.48,12.886666666700002,21.38872023807692,4.426510989024852,16.5933333333,0.0,2.493,2.493,1.1238461538461537,1.037396449704142,0.0,0.0,0.0,0.0,0.0,0.0,0.0,2.0,229.0,227.0,137.69230769230768,84.28402366863905,229.0
-2.6458915608525992,1,3.0,35.0,32.0,10.346153846153847,6.781065088757396,3.0,1.0,95.0,94.0,47.94230769230769,43.33136094674557,1.0,6.941,79.904,72.963,21.500808615384617,13.439823337278106,6.941,171.6,453.69,282.09000000000003,398.1838461538461,51.236449704142004,453.69,1.0,17.0,16.0,9.076923076923077,7.455621301775148,1.0,2.0,4.0,2.0,2.5576923076923075,0.514792899408284,2.0,102.0,128.0,26.0,115.88461538461539,11.341715976331361,128.0,0.98,3.16,2.18,1.8523076923076922,0.8052071005917162,0.98,1.0,2.0,1.0,1.5384615384615385,0.4970414201183431,1.0,0.0,5.0,5.0,2.1538461538461537,1.9881656804733725,0.0,0.0,10.0,10.0,0.19230769230769232,0.37721893491124264,0.0,0.0,0.0,0.0,0.0,0.0,0.0,1.0,17.0,16.0,3.8846153846153846,2.662721893491124,1.0,0.0,1.0,1.0,0.46153846153846156,0.4970414201183431,1.0,0.0,3.0,3.0,1.0769230769230769,1.0059171597633136,0.0,0.0,0.0,0.0,0.0,0.0,0.0,0.0,0.0,0.0,0.0,0.0,0.0,1.0,3.0,2.0,1.5384615384615385,0.5798816568047338,1.0,16.5933333333,29.48,12.886666666700002,21.292902930384614,4.338064243462722,16.5933333333,0.0,2.493,2.493,1.1437692307692306,1.0557869822485206,0.0,0.0,0.0,0.0,0.0,0.0,0.0,2.0,229.0,227.0,137.69230769230768,84.28402366863905,229.0
-10.0,1,3.0,17.0,14.0,7.538461538461538,4.189349112426036,3.0,1.0,94.0,93.0,47.69230769230769,43.100591715976336,1.0,6.941,35.453,28.512000000000004,15.741161538461538,8.123226035502958,6.941,54.8,1687.0,1632.2,382.4261538461538,266.4856804733728,453.69,1.0,17.0,16.0,9.076923076923077,7.455621301775149,1.0,2.0,3.0,1.0,2.230769230769231,0.3550295857988166,2.0,66.0,128.0,62.0,103.61538461538461,23.644970414201186,128.0,0.98,3.44,2.46,2.143076923076923,1.1110059171597633,0.98,1.0,2.0,1.0,1.5384615384615385,0.4970414201183432,1.0,0.0,5.0,5.0,2.1538461538461537,2.0118343195266273,0.0,0.0,0.0,0.0,0.0,0.0,0.0,0.0,0.0,0.0,0.0,0.0,0.0,1.0,7.0,6.0,3.6923076923076925,2.485207100591716,1.0,0.0,1.0,1.0,0.46153846153846156,0.4970414201183432,1.0,0.0,4.0,4.0,1.0769230769230769,1.0177514792899407,0.0,0.0,0.0,0.0,0.0,0.0,0.0,0.0,0.0,0.0,0.0,0.0,0.0,1.0,4.0,3.0,1.5384615384615385,0.6627218934911243,1.0,9.105,24.4975,15.392499999999998,15.80115384613846,4.12071005916213,16.5933333333,0.0,2.493,2.493,0.44299999999999995,0.6815384615384615,0.0,0.0,0.0,0.0,0.0,0.0,0.0,12.0,229.0,217.0,136.69230769230768,99.10059171597634,229.0
-9.2839966563652,1,3.0,40.0,37.0,10.266666666666667,7.92888888888889,8.0,1.0,87.0,86.0,46.86666666666667,37.45777777777778,87.0,6.941,91.224,84.283,22.405986666666664,18.351470222222222,15.9994,54.8,2128.0,2073.2,490.78266666666667,436.59128888888887,54.8,1.0,16.0,15.0,8.4,7.093333333333334,16.0,2.0,5.0,3.0,2.4,0.6933333333333332,2.0,66.0,175.0,109.0,105.33333333333333,36.711111111111116,66.0,0.98,3.44,2.46,2.1746666666666665,1.1809777777777777,3.44,1.0,2.0,1.0,1.6,0.4799999999999999,2.0,0.0,4.0,4.0,1.8666666666666667,1.991111111111111,4.0,0.0,2.0,2.0,0.26666666666666666,0.46222222222222226,0.0,0.0,0.0,0.0,0.0,0.0,0.0,1.0,6.0,5.0,3.7333333333333334,2.1866666666666665,6.0,0.0,1.0,1.0,0.4,0.4799999999999999,0.0,0.0,2.0,2.0,0.9333333333333333,0.9955555555555555,2.0,0.0,8.0,8.0,1.0666666666666667,1.848888888888889,0.0,0.0,0.0,0.0,0.0,0.0,0.0,1.0,8.0,7.0,2.4,1.4933333333333332,2.0,9.105,23.195,14.09,13.978999999986668,4.549066666654221,9.105,0.0,0.0,0.0,0.0,0.0,0.0,0.0,0.0,0.0,0.0,0.0,0.0,12.0,229.0,217.0,123.06666666666666,103.66222222222223,12.0
-3.056505484093897,1,3.0,35.0,32.0,11.366602687140116,7.740311890981833,3.0,1.0,95.0,94.0,47.90019193857965,43.38942901035585,1.0,6.941,79.904,72.963,24.02687757773512,15.806896338710807,6.941,265.8,1687.0,1421.2,406.3435508637236,48.718428756156946,453.69,1.0,17.0,16.0,9.059500959692897,7.456198584591126,1.0,2.0,4.0,2.0,2.6142034548944335,0.5682266127814148,2.0,105.0,128.0,23.0,116.95201535508639,10.68899687224848,128.0,0.98,2.96,1.98,1.8385604606525914,0.7942920192601707,0.98,1.0,2.0,1.0,1.5374280230326294,0.4971982861837379,1.0,0.0,5.0,5.0,2.147792706333973,1.9875847790127503,0.0,0.0,10.0,10.0,0.7677543186180422,1.4176192984847535,0.0,0.0,0.0,0.0,0.0,0.0,0.0,1.0,17.0,16.0,4.452975047984645,3.196237856477098,1.0,0.0,1.0,1.0,0.46257197696737046,0.49719828618373796,1.0,0.0,4.0,4.0,1.0767754318618041,1.0079612144075507,0.0,0.0,0.0,0.0,0.0,0.0,0.0,0.0,0.0,0.0,0.0,0.0,0.0,1.0,4.0,3.0,1.5393474088291743,0.5817912548214897,1.0,16.5933333333,29.48,12.886666666700002,21.566694086445487,4.605399752762029,16.5933333333,0.0,2.202,2.202,1.0802840690978888,1.0005978684133936,0.0,0.0,0.0,0.0,0.0,0.0,0.0,2.0,229.0,227.0,138.29942418426106,84.25159058506269,229.0
-3.359518563029578,1,3.0,35.0,32.0,11.348659003831417,7.740902218111889,3.0,1.0,95.0,94.0,47.8007662835249,43.39381394870892,1.0,6.941,79.904,72.963,23.988612942528732,15.80659897353239,6.941,265.8,1687.0,1421.2,409.05819923371644,51.175399950088796,453.69,1.0,17.0,16.0,9.042145593869732,7.456702044890709,1.0,2.0,4.0,2.0,2.6130268199233715,0.5684003464423599,2.0,105.0,128.0,23.0,116.98084291187737,10.679702294446649,128.0,0.98,2.96,1.98,1.8363601532567049,0.7940197589583241,0.98,1.0,2.0,1.0,1.5363984674329498,0.49735030313706496,1.0,0.0,5.0,5.0,2.1417624521072796,1.9869350126979932,0.0,0.0,10.0,10.0,0.7662835249042145,1.4151289617005036,0.0,0.0,0.0,0.0,0.0,0.0,0.0,1.0,17.0,16.0,4.444444444444445,3.1971051511281394,1.0,0.0,1.0,1.0,0.4636015325670498,0.49735030313706485,1.0,0.0,4.0,4.0,1.0766283524904214,1.0099969172501873,0.0,0.0,0.0,0.0,0.0,0.0,0.0,0.0,0.0,0.0,0.0,0.0,0.0,1.0,4.0,3.0,1.540229885057471,0.5836966574184171,1.0,16.5933333333,29.48,12.886666666700002,21.553085659532947,4.607226951216244,16.5933333333,0.0,2.202,2.202,1.0765823754789272,1.0005367801412193,0.0,0.0,0.0,0.0,0.0,0.0,0.0,2.0,229.0,227.0,138.90421455938696,84.21215190616695,229.0
-3.0589857562944305,1,3.0,35.0,32.0,11.330783938814532,7.741416815036065,3.0,1.0,95.0,94.0,47.701720841300194,43.39777500740323,1.0,6.941,79.904,72.963,23.950494634799234,15.806146065989346,6.941,265.8,1687.0,1421.2,411.76246653919696,53.59121694591798,453.69,1.0,17.0,16.0,9.024856596558317,7.457132516113465,1.0,2.0,4.0,2.0,2.611854684512428,0.5685685978452011,2.0,105.0,128.0,23.0,117.00956022944553,10.670342084385933,128.0,0.98,2.96,1.98,1.8341682600382412,0.7937395303605834,0.98,1.0,2.0,1.0,1.5353728489483751,0.49749752311455087,1.0,0.0,5.0,5.0,2.135755258126195,1.9862171835527493,0.0,0.0,10.0,10.0,0.7648183556405355,1.4126472878561322,0.0,0.0,0.0,0.0,0.0,0.0,0.0,1.0,17.0,16.0,4.435946462715106,3.197869330125873,1.0,0.0,1.0,1.0,0.4646271510516253,0.4974975231145509,1.0,0.0,4.0,4.0,1.0764818355640535,1.0120243191763945,0.0,0.0,0.0,0.0,0.0,0.0,0.0,0.0,0.0,0.0,0.0,0.0,0.0,1.0,4.0,3.0,1.541108986615679,0.5855978707924937,1.0,16.5933333333,29.48,12.886666666700002,21.53952927249388,4.608887958094053,16.5933333333,0.0,2.202,2.202,1.0728948374760996,1.0004326195759865,0.0,0.0,0.0,0.0,0.0,0.0,0.0,2.0,229.0,227.0,139.50669216061186,84.16578863667108,229.0
-5.052566278112949,1,3.0,53.0,50.0,12.82442748091603,9.149466814288212,3.0,1.0,96.0,95.0,47.68702290076337,43.47951751063458,1.0,6.941,126.90447,119.96347,27.840454641221374,19.46361424602296,6.941,317.3,1211.4,894.1000000000001,420.0663358778626,43.39507138278654,453.69,1.0,17.0,16.0,9.007633587786259,7.457490822213158,1.0,2.0,5.0,3.0,2.6946564885496183,0.6469319969698735,2.0,105.0,139.0,34.0,118.55725190839695,11.937066604510226,128.0,0.98,2.66,1.6800000000000002,1.8099236641221375,0.7729060078084027,0.98,1.0,2.0,1.0,1.5343511450381682,0.49763999766913347,1.0,0.0,5.0,5.0,2.1297709923664123,1.9854320843773672,0.0,0.0,10.0,10.0,0.8396946564885497,1.5383718897500145,0.0,0.0,0.0,0.0,0.0,0.0,0.0,1.0,17.0,16.0,4.5038167938931295,3.263096556144747,1.0,0.0,1.0,1.0,0.46564885496183206,0.49763999766913347,1.0,0.0,4.0,4.0,1.0763358778625953,1.014043470660218,0.0,0.0,0.0,0.0,0.0,0.0,0.0,0.0,0.0,0.0,0.0,0.0,0.0,1.0,4.0,3.0,1.5419847328244278,0.5874949012295321,1.0,16.5933333333,43.015,26.421666666700002,22.578810886932057,5.5754394793457145,16.5933333333,0.0,2.202,2.202,1.036091603053435,0.9748806013635569,0.0,0.0,0.0,0.0,0.0,0.0,0.0,2.0,229.0,227.0,140.0916030534351,84.09649787308433,229.0
-3.097453220686009,1,3.0,35.0,32.0,11.326996197718632,7.7254261302028375,3.0,1.0,95.0,94.0,47.737642585551335,43.36115890066358,1.0,6.941,79.904,72.963,23.93937063878327,15.770351467160143,6.941,265.8,1687.0,1421.2,414.08699619771863,56.10184388960372,453.69,1.0,17.0,16.0,9.030418250950571,7.450273966661365,1.0,2.0,4.0,2.0,2.6121673003802286,0.5679422862843181,2.0,105.0,128.0,23.0,117.00000000000001,10.661596958174906,128.0,0.98,2.96,1.98,1.833346007604563,0.7916974367129784,0.98,1.0,2.0,1.0,1.5361216730038023,0.4973904494788127,1.0,0.0,5.0,5.0,2.1330798479087454,1.981003050499501,0.0,0.0,10.0,10.0,0.7604562737642586,1.405253798667033,0.0,0.0,0.0,0.0,0.0,0.0,0.0,1.0,17.0,16.0,4.429657794676807,3.1884225592389654,1.0,0.0,1.0,1.0,0.46387832699619774,0.49739044947881283,1.0,0.0,4.0,4.0,1.0836501901140685,1.0180861368532148,0.0,0.0,0.0,0.0,0.0,0.0,0.0,0.0,0.0,0.0,0.0,0.0,0.0,1.0,4.0,3.0,1.5475285171102664,0.5912475241799072,1.0,16.5933333333,29.48,12.886666666700002,21.529995020803803,4.596598600129821,16.5933333333,0.0,2.202,2.202,1.0713346007604565,0.9984752128843847,0.0,0.0,0.0,0.0,0.0,0.0,0.0,2.0,229.0,227.0,139.58174904942967,84.28793245529067,229.0
-3.0447934624580584,1,3.0,35.0,32.0,11.295238095238096,7.742222222222223,3.0,1.0,95.0,94.0,47.50476190476191,43.404444444444444,1.0,6.941,79.904,72.963,23.874693657142856,15.804780746666667,6.941,265.8,1687.0,1421.2,417.1400952380952,58.301052154195006,453.69,1.0,17.0,16.0,8.99047619047619,7.457777777777778,1.0,2.0,4.0,2.0,2.6095238095238096,0.5688888888888889,2.0,105.0,128.0,23.0,117.06666666666666,10.651428571428573,128.0,0.98,2.96,1.98,1.8298095238095238,0.7931555555555556,0.98,1.0,2.0,1.0,1.5333333333333334,0.49777777777777776,1.0,0.0,5.0,5.0,2.123809523809524,1.9845804988662132,0.0,0.0,10.0,10.0,0.7619047619047619,1.4077097505668934,0.0,0.0,0.0,0.0,0.0,0.0,0.0,1.0,17.0,16.0,4.419047619047619,3.199092970521542,1.0,0.0,1.0,1.0,0.4666666666666667,0.49777777777777776,1.0,0.0,4.0,4.0,1.0761904761904761,1.0160544217687075,0.0,0.0,0.0,0.0,0.0,0.0,0.0,0.0,0.0,0.0,0.0,0.0,0.0,1.0,4.0,3.0,1.542857142857143,0.5893877551020408,1.0,16.5933333333,29.48,12.886666666700002,21.512571428553333,4.611718820875556,16.5933333333,0.0,2.202,2.202,1.0655619047619047,1.000097052154195,0.0,0.0,0.0,0.0,0.0,0.0,0.0,2.0,229.0,227.0,140.7047619047619,84.05260770975056,229.0
-4.405607449624573,1,3.0,53.0,50.0,12.85171102661597,9.214908412728246,3.0,1.0,96.0,95.0,47.49429657794676,43.48896181815554,1.0,6.941,126.90447,119.96347,27.9194157946768,19.622396522777542,6.941,317.3,1211.4,894.1000000000001,423.5938022813689,46.12358108401161,453.69,1.0,17.0,16.0,8.97338403041825,7.457994188147871,1.0,2.0,5.0,3.0,2.6958174904942966,0.650840694530787,2.0,105.0,139.0,34.0,118.6425855513308,11.879714901184055,128.0,0.98,2.66,1.6800000000000002,1.8060836501901143,0.7726866081626164,0.98,1.0,2.0,1.0,1.5323193916349809,0.49791091384868946,1.0,0.0,5.0,5.0,2.11787072243346,1.9836632017233153,0.0,0.0,10.0,10.0,0.8745247148288973,1.5960907342884818,0.0,0.0,0.0,0.0,0.0,0.0,0.0,1.0,17.0,16.0,4.524714828897339,3.296881550983822,1.0,0.0,1.0,1.0,0.467680608365019,0.49791091384868946,1.0,0.0,4.0,4.0,1.0760456273764258,1.0180572221659991,0.0,0.0,0.0,0.0,0.0,0.0,0.0,0.0,0.0,0.0,0.0,0.0,0.0,1.0,4.0,3.0,1.5437262357414445,0.5912764388671226,1.0,16.5933333333,43.015,26.421666666700002,22.557705504236882,5.5788424108383,16.5933333333,0.0,2.202,2.202,1.0274296577946767,0.9757196721074469,0.0,0.0,0.0,0.0,0.0,0.0,0.0,2.0,229.0,227.0,141.27756653992395,83.96217958912229,229.0
-3.0310503190186573,1,3.0,35.0,32.0,11.259962049335863,7.742734824235135,3.0,1.0,95.0,94.0,47.30929791271347,43.409474703757986,1.0,6.941,79.904,72.963,23.799468018975332,15.802814423859227,6.941,265.8,1687.0,1421.2,422.47690702087283,62.85121676166334,453.69,1.0,17.0,16.0,8.956356736242883,7.458140849533178,1.0,2.0,4.0,2.0,2.607210626185958,0.5691879494039153,2.0,105.0,128.0,23.0,117.12333965844401,10.632263825527762,128.0,0.98,2.96,1.98,1.825483870967742,0.7925408581746954,0.98,1.0,2.0,1.0,1.5313092979127132,0.4980394557284258,1.0,0.0,5.0,5.0,2.111954459203036,1.982680958776361,0.0,0.0,10.0,10.0,0.7590132827324477,1.4028063327920381,0.0,0.0,0.0,0.0,0.0,0.0,0.0,1.0,17.0,16.0,4.402277039848197,3.19991790558422,1.0,0.0,1.0,1.0,0.46869070208728647,0.49803945572842595,1.0,0.0,4.0,4.0,1.0759013282732448,1.0200519211173482,0.0,0.0,0.0,0.0,0.0,0.0,0.0,0.0,0.0,0.0,0.0,0.0,0.0,1.0,4.0,3.0,1.5445920303605312,0.5931609590644117,1.0,16.5933333333,29.48,12.886666666700002,21.48581819822903,4.6139069792222935,16.5933333333,0.0,2.202,2.202,1.0582846299810247,0.9995950512910067,0.0,0.0,0.0,0.0,0.0,0.0,0.0,2.0,229.0,227.0,141.89373814041744,83.91267746616305,229.0
-4.496209316942819,1,3.0,53.0,50.0,12.878787878787879,9.280073461891645,3.0,1.0,96.0,95.0,47.303030303030305,43.49678604224059,1.0,6.941,126.90447,119.96347,27.99777875757576,19.78061034802571,6.941,317.3,1211.4,894.1000000000001,427.09454545454554,48.75044077134986,453.69,1.0,17.0,16.0,8.93939393939394,7.458218549127642,1.0,2.0,5.0,3.0,2.6969696969696972,0.6547291092745638,2.0,105.0,139.0,34.0,118.72727272727273,11.820936639118456,128.0,0.98,2.66,1.6800000000000002,1.8022727272727272,0.7724380165289256,0.98,1.0,2.0,1.0,1.5303030303030305,0.49816345270890733,1.0,0.0,5.0,5.0,2.1060606060606064,1.9816345270890727,0.0,0.0,10.0,10.0,0.9090909090909092,1.6528925619834711,0.0,0.0,0.0,0.0,0.0,0.0,0.0,1.0,17.0,16.0,4.545454545454546,3.330578512396694,1.0,0.0,1.0,1.0,0.4696969696969697,0.4981634527089072,1.0,0.0,4.0,4.0,1.0757575757575757,1.022038567493113,0.0,0.0,0.0,0.0,0.0,0.0,0.0,0.0,0.0,0.0,0.0,0.0,0.0,1.0,4.0,3.0,1.5454545454545456,0.5950413223140497,1.0,16.5933333333,43.015,26.421666666700002,22.536760010804542,5.583219000080028,16.5933333333,0.0,2.202,2.202,1.0188333333333333,0.9763535353535353,0.0,0.0,0.0,0.0,0.0,0.0,0.0,2.0,229.0,227.0,142.45454545454544,83.80165289256199,229.0
-2.7721132953863266,1,3.0,35.0,32.0,11.242424242424244,7.742883379247017,3.0,1.0,95.0,94.0,47.21212121212122,43.411386593204774,1.0,6.941,79.904,72.963,23.762068909090907,15.801610187327825,6.941,265.8,1687.0,1421.2,425.13015151515157,65.06742883379248,453.69,1.0,17.0,16.0,8.93939393939394,7.458218549127642,1.0,2.0,4.0,2.0,2.606060606060606,0.5693296602387512,2.0,105.0,128.0,23.0,117.15151515151517,10.62258953168044,128.0,0.98,2.96,1.98,1.8233333333333335,0.7922222222222224,0.98,1.0,2.0,1.0,1.5303030303030305,0.49816345270890733,1.0,0.0,5.0,5.0,2.1060606060606064,1.9816345270890727,0.0,0.0,10.0,10.0,0.7575757575757576,1.4003673094582185,0.0,0.0,0.0,0.0,0.0,0.0,0.0,1.0,17.0,16.0,4.3939393939393945,3.2001836547291096,1.0,0.0,1.0,1.0,0.4696969696969697,0.4981634527089072,1.0,0.0,4.0,4.0,1.0757575757575757,1.022038567493113,0.0,0.0,0.0,0.0,0.0,0.0,0.0,0.0,0.0,0.0,0.0,0.0,0.0,1.0,4.0,3.0,1.5454545454545456,0.5950413223140497,1.0,16.5933333333,29.48,12.886666666700002,21.47251758656212,4.614764528414785,16.5933333333,0.0,2.202,2.202,1.0546666666666669,0.9992828282828283,0.0,0.0,0.0,0.0,0.0,0.0,0.0,2.0,229.0,227.0,142.4848484848485,83.83287419651056,229.0
-2.96657624451305,1,3.0,35.0,32.0,11.224952741020793,7.7429611815280825,3.0,1.0,95.0,94.0,47.115311909262765,43.412902326678356,1.0,6.941,79.904,72.963,23.724811194706994,15.800260822238341,6.941,265.8,1687.0,1421.2,427.77336483931947,67.24492200928383,453.69,1.0,17.0,16.0,8.92249527410208,7.458228065222752,1.0,2.0,4.0,2.0,2.6049149338374296,0.5694662326106611,2.0,105.0,128.0,23.0,117.17958412098298,10.612855157035602,128.0,0.98,2.96,1.98,1.8211909262759927,0.7918961839044313,0.98,1.0,2.0,1.0,1.5293005671077506,0.49828295353432844,1.0,0.0,5.0,5.0,2.100189035916824,1.9805246550719875,0.0,0.0,10.0,10.0,0.7561436672967864,1.3979366854749662,0.0,0.0,0.0,0.0,0.0,0.0,0.0,1.0,17.0,16.0,4.385633270321361,3.200353057629154,1.0,0.0,1.0,1.0,0.4706994328922495,0.4982829535343284,1.0,0.0,4.0,4.0,1.0756143667296787,1.0240172097726923,0.0,0.0,0.0,0.0,0.0,0.0,0.0,0.0,0.0,0.0,0.0,0.0,0.0,1.0,4.0,3.0,1.5463137996219285,0.5969175353146966,1.0,16.5933333333,29.48,12.886666666700002,21.459267260761628,4.6154667420975395,16.5933333333,0.0,2.202,2.202,1.0510623818525522,0.9989304140565536,0.0,0.0,0.0,0.0,0.0,0.0,0.0,2.0,229.0,227.0,143.07372400756142,83.7466132553843,229.0
-3.823908740944319,1,3.0,53.0,50.0,12.90566037735849,9.34496262014952,3.0,1.0,96.0,95.0,47.113207547169814,43.503025987896045,1.0,6.941,126.90447,119.96347,28.075550301886793,19.938255001779993,6.941,317.3,1211.4,894.1000000000001,430.5688679245283,51.27771448914203,453.69,1.0,17.0,16.0,8.90566037735849,7.458170167319332,1.0,2.0,5.0,3.0,2.69811320754717,0.6585973656105375,2.0,105.0,139.0,34.0,118.81132075471699,11.760768956924172,128.0,0.98,2.66,1.6800000000000002,1.798490566037736,0.7721609113563547,0.98,1.0,2.0,1.0,1.528301886792453,0.49839800640797444,1.0,0.0,5.0,5.0,2.0943396226415096,1.9793520825916697,0.0,0.0,10.0,10.0,0.9433962264150944,1.7087931648273407,0.0,0.0,0.0,0.0,0.0,0.0,0.0,1.0,17.0,16.0,4.566037735849057,3.3641865432538274,1.0,0.0,1.0,1.0,0.4716981132075472,0.4983980064079744,1.0,0.0,4.0,4.0,1.0754716981132075,1.025987896048416,0.0,0.0,0.0,0.0,0.0,0.0,0.0,0.0,0.0,0.0,0.0,0.0,0.0,1.0,4.0,3.0,1.5471698113207548,0.5987896048415807,1.0,16.5933333333,43.015,26.421666666700002,22.515972596567924,5.587395531384835,16.5933333333,0.0,2.202,2.202,1.010301886792453,0.9767867568529726,0.0,0.0,0.0,0.0,0.0,0.0,0.0,2.0,229.0,227.0,143.62264150943398,83.61552153791385,229.0
-2.85078088734462,1,3.0,35.0,32.0,11.20754716981132,7.742969028123888,3.0,1.0,95.0,94.0,47.0188679245283,43.414026343894626,1.0,6.941,79.904,72.963,23.687694075471697,15.798767995728015,6.941,265.8,1687.0,1421.2,430.4066037735849,69.38408686365253,453.69,1.0,17.0,16.0,8.90566037735849,7.458170167319332,1.0,2.0,4.0,2.0,2.6037735849056602,0.5695977216091136,2.0,105.0,128.0,23.0,117.20754716981132,10.603061587753649,128.0,0.98,2.96,1.98,1.819056603773585,0.791562833748665,0.98,1.0,2.0,1.0,1.528301886792453,0.49839800640797444,1.0,0.0,5.0,5.0,2.0943396226415096,1.9793520825916697,0.0,0.0,10.0,10.0,0.7547169811320755,1.3955144179423284,0.0,0.0,0.0,0.0,0.0,0.0,0.0,1.0,17.0,16.0,4.377358490566038,3.2004271982912065,1.0,0.0,1.0,1.0,0.4716981132075472,0.4983980064079744,1.0,0.0,4.0,4.0,1.0754716981132075,1.025987896048416,0.0,0.0,0.0,0.0,0.0,0.0,0.0,0.0,0.0,0.0,0.0,0.0,0.0,1.0,4.0,3.0,1.5471698113207548,0.5987896048415807,1.0,16.5933333333,29.48,12.886666666700002,21.44606693619057,4.616015358809611,16.5933333333,0.0,2.202,2.202,1.0474716981132077,0.9985382698469206,0.0,0.0,0.0,0.0,0.0,0.0,0.0,2.0,229.0,227.0,143.66037735849056,83.65396938412246,229.0
-3.1870866433571443,1,3.0,53.0,50.0,12.932330827067668,9.409576573011476,3.0,1.0,96.0,95.0,46.92481203007519,43.50771666007123,1.0,6.941,126.90447,119.96347,28.15273709774436,20.095329882073607,6.941,317.3,1211.4,894.1000000000001,434.01706766917295,53.707421561422336,453.69,1.0,17.0,16.0,8.87218045112782,7.457855164226356,1.0,2.0,5.0,3.0,2.6992481203007515,0.6624455876533438,2.0,105.0,139.0,34.0,118.89473684210526,11.699248120300753,128.0,0.98,2.66,1.6800000000000002,1.7947368421052632,0.7718559556786704,0.98,1.0,2.0,1.0,1.5263157894736838,0.49861495844875336,1.0,0.0,5.0,5.0,2.082706766917293,1.9768217536322004,0.0,0.0,10.0,10.0,0.9774436090225563,1.7638080162813046,0.0,0.0,0.0,0.0,0.0,0.0,0.0,1.0,17.0,16.0,4.586466165413533,3.3977047882865055,1.0,0.0,1.0,1.0,0.47368421052631576,0.4986149584487535,1.0,0.0,4.0,4.0,1.0751879699248121,1.0299055910452823,0.0,0.0,0.0,0.0,0.0,0.0,0.0,0.0,0.0,0.0,0.0,0.0,0.0,1.0,4.0,3.0,1.5488721804511276,0.6025213409463507,1.0,16.5933333333,43.015,26.421666666700002,22.495341478678945,5.591376137727424,16.5933333333,0.0,2.202,2.202,1.0018345864661653,0.9770238001017582,0.0,0.0,0.0,0.0,0.0,0.0,0.0,2.0,229.0,227.0,144.78195488721803,83.40437560065577,229.0
-2.7825160557860937,1,3.0,35.0,32.0,11.172932330827066,7.742777997625644,3.0,1.0,95.0,94.0,46.827067669172926,43.41511673921646,1.0,6.941,79.904,72.963,23.613878451127817,15.795358532647406,6.941,265.8,1687.0,1421.2,435.64338345864655,73.54897280795974,453.69,1.0,17.0,16.0,8.87218045112782,7.457855164226356,1.0,2.0,4.0,2.0,2.601503759398496,0.5698456667985754,2.0,105.0,128.0,23.0,117.26315789473684,10.583300356153542,128.0,0.98,2.96,1.98,1.814812030075188,0.7908745548080728,0.98,1.0,2.0,1.0,1.5263157894736838,0.49861495844875336,1.0,0.0,5.0,5.0,2.082706766917293,1.9768217536322004,0.0,0.0,10.0,10.0,0.7518796992481203,1.3906947820679516,0.0,0.0,0.0,0.0,0.0,0.0,0.0,1.0,17.0,16.0,4.360902255639098,3.200293968002713,1.0,0.0,1.0,1.0,0.47368421052631576,0.4986149584487535,1.0,0.0,4.0,4.0,1.0751879699248121,1.0299055910452823,0.0,0.0,0.0,0.0,0.0,0.0,0.0,0.0,0.0,0.0,0.0,0.0,0.0,1.0,4.0,3.0,1.5488721804511276,0.6025213409463507,1.0,16.5933333333,29.48,12.886666666700002,21.419815162889474,4.616658657936921,16.5933333333,0.0,2.202,2.202,1.0403308270676692,0.9976366103227993,0.0,0.0,0.0,0.0,0.0,0.0,0.0,2.0,229.0,227.0,144.82706766917292,83.44982757645995,229.0
-2.630784142589857,1,3.0,35.0,32.0,11.138576779026216,7.742316486414454,3.0,1.0,95.0,94.0,46.636704119850194,43.414692308771336,1.0,6.941,79.904,72.963,23.540615752808986,15.791394761099186,6.941,265.8,1687.0,1421.2,440.84093632958803,77.56512757928994,453.69,1.0,17.0,16.0,8.838951310861423,7.457279524190268,1.0,2.0,4.0,2.0,2.599250936329588,0.5700739244483722,2.0,105.0,128.0,23.0,117.31835205992509,10.563312713041283,128.0,0.98,2.96,1.98,1.8105992509363298,0.7901580889057217,0.98,1.0,2.0,1.0,1.5243445692883897,0.4988146838923255,1.0,0.0,5.0,5.0,2.0711610486891385,1.9740492923171877,0.0,0.0,10.0,10.0,0.7490636704119851,1.385908064357755,0.0,0.0,0.0,0.0,0.0,0.0,0.0,1.0,17.0,16.0,4.344569288389513,3.1997923943385373,1.0,0.0,1.0,1.0,0.4756554307116105,0.4988146838923255,1.0,0.0,4.0,4.0,1.0749063670411985,1.033792029625889,0.0,0.0,0.0,0.0,0.0,0.0,0.0,0.0,0.0,0.0,0.0,0.0,0.0,1.0,4.0,3.0,1.5505617977528092,0.60623658628961,1.0,16.5933333333,29.48,12.886666666700002,21.39376003208502,4.6167079473430155,16.5933333333,0.0,2.202,2.202,1.033243445692884,0.9965814361261907,0.0,0.0,0.0,0.0,0.0,0.0,0.0,2.0,229.0,227.0,145.98501872659176,83.22102989240976,229.0
-2.8239087409443187,1,3.0,53.0,50.0,12.985074626865671,9.537981733125418,3.0,1.0,96.0,95.0,46.55223880597014,43.51258632212075,1.0,6.941,126.90447,119.96347,28.30538262686567,20.40776847939408,6.941,317.3,1211.4,894.1000000000001,440.8362686567164,58.28199599019827,453.69,1.0,17.0,16.0,8.805970149253731,7.456449097794609,1.0,2.0,5.0,3.0,2.701492537313433,0.6700824237023836,2.0,105.0,139.0,34.0,119.05970149253731,11.57228781465805,128.0,0.98,2.66,1.6800000000000002,1.787313432835821,0.7711650701715305,0.98,1.0,2.0,1.0,1.5223880597014925,0.49899754956560477,1.0,0.0,5.0,5.0,2.0597014925373136,1.9710403207841387,0.0,0.0,10.0,10.0,1.044776119402985,1.871240810871018,0.0,0.0,0.0,0.0,0.0,0.0,0.0,1.0,17.0,16.0,4.626865671641791,3.464468701269771,1.0,0.0,1.0,1.0,0.47761194029850745,0.49899754956560477,1.0,0.0,4.0,4.0,1.0746268656716418,1.0376475829806193,0.0,0.0,0.0,0.0,0.0,0.0,0.0,0.0,0.0,0.0,0.0,0.0,0.0,1.0,4.0,3.0,1.552238805970149,0.6099353976386723,1.0,16.5933333333,43.015,26.421666666700002,22.454541133599996,5.598765659988061,16.5933333333,0.0,2.202,2.202,0.9850895522388059,0.9769267097349075,0.0,0.0,0.0,0.0,0.0,0.0,0.0,2.0,229.0,227.0,147.07462686567166,82.90933392737804,229.0
-2.7304870557820835,1,3.0,53.0,50.0,13.037037037037036,9.665294924554182,3.0,1.0,96.0,95.0,46.18518518518518,43.5116598079561,1.0,6.941,126.90447,119.96347,28.455766740740742,20.717923528120714,6.941,317.3,1211.4,894.1000000000001,447.55444444444447,62.48946502057612,453.69,1.0,17.0,16.0,8.74074074074074,7.454046639231826,1.0,2.0,5.0,3.0,2.7037037037037037,0.6776406035665294,2.0,105.0,139.0,34.0,119.22222222222223,11.440329218106994,128.0,0.98,2.66,1.6800000000000002,1.7799999999999998,0.7703703703703705,0.98,1.0,2.0,1.0,1.5185185185185186,0.49931412894375854,1.0,0.0,5.0,5.0,2.037037037037037,1.9643347050754458,0.0,0.0,10.0,10.0,1.1111111111111112,1.9753086419753088,0.0,0.0,0.0,0.0,0.0,0.0,0.0,1.0,17.0,16.0,4.666666666666667,3.5308641975308643,1.0,0.0,1.0,1.0,0.48148148148148145,0.4993141289437587,1.0,0.0,4.0,4.0,1.0740740740740742,1.0452674897119343,0.0,0.0,0.0,0.0,0.0,0.0,0.0,0.0,0.0,0.0,0.0,0.0,0.0,1.0,4.0,3.0,1.5555555555555556,0.617283950617284,1.0,16.5933333333,43.015,26.421666666700002,22.414345238077775,5.6054188712674895,16.5933333333,0.0,2.202,2.202,0.9685925925925924,0.9760960219478738,0.0,0.0,0.0,0.0,0.0,0.0,0.0,2.0,229.0,227.0,149.33333333333334,82.32098765432099,229.0
-2.659555885159881,1,3.0,35.0,32.0,11.037037037037036,7.739368998628257,3.0,1.0,95.0,94.0,46.074074074074076,43.40466392318243,1.0,6.941,79.904,72.963,23.32408377777778,15.77630289711934,6.941,265.8,1687.0,1421.2,456.2025925925926,91.17017832647464,453.69,1.0,17.0,16.0,8.74074074074074,7.454046639231826,1.0,2.0,4.0,2.0,2.5925925925925926,0.5706447187928669,2.0,105.0,128.0,23.0,117.48148148148148,10.502057613168724,128.0,0.98,2.96,1.98,1.798148148148148,0.787846364883402,0.98,1.0,2.0,1.0,1.5185185185185186,0.49931412894375854,1.0,0.0,5.0,5.0,2.037037037037037,1.9643347050754458,0.0,0.0,10.0,10.0,0.7407407407407407,1.3717421124828533,0.0,0.0,0.0,0.0,0.0,0.0,0.0,1.0,17.0,16.0,4.296296296296297,3.1961591220850476,1.0,0.0,1.0,1.0,0.48148148148148145,0.4993141289437587,1.0,0.0,4.0,4.0,1.0740740740740742,1.0452674897119343,0.0,0.0,0.0,0.0,0.0,0.0,0.0,0.0,0.0,0.0,0.0,0.0,0.0,1.0,4.0,3.0,1.5555555555555556,0.617283950617284,1.0,16.5933333333,29.48,12.886666666700002,21.316752645485185,4.613422496584636,16.5933333333,0.0,2.202,2.202,1.0122962962962962,0.9925294924554184,0.0,0.0,0.0,0.0,0.0,0.0,0.0,2.0,229.0,227.0,149.40740740740742,82.39231824417008,229.0
-2.283162276700476,1,3.0,53.0,50.0,13.088235294117647,9.79152249134948,3.0,1.0,96.0,95.0,45.82352941176471,43.50519031141868,1.0,6.941,126.90447,119.96347,28.60393932352941,21.025794049307958,6.941,317.3,1211.4,894.1000000000001,454.17382352941183,66.81407439446373,453.69,1.0,17.0,16.0,8.676470588235293,7.450692041522491,1.0,2.0,5.0,3.0,2.705882352941176,0.685121107266436,2.0,105.0,139.0,34.0,119.38235294117646,11.303633217993081,128.0,0.98,2.66,1.6800000000000002,1.7727941176470592,0.7694766435986159,0.98,1.0,2.0,1.0,1.5147058823529413,0.4995674740484429,1.0,0.0,5.0,5.0,2.014705882352941,1.9567474048442905,0.0,0.0,10.0,10.0,1.1764705882352942,2.0761245674740483,0.0,0.0,0.0,0.0,0.0,0.0,0.0,1.0,17.0,16.0,4.705882352941177,3.596885813148788,1.0,0.0,1.0,1.0,0.4852941176470588,0.4995674740484429,1.0,0.0,4.0,4.0,1.0735294117647058,1.0527681660899655,0.0,0.0,0.0,0.0,0.0,0.0,0.0,0.0,0.0,0.0,0.0,0.0,0.0,1.0,4.0,3.0,1.5588235294117647,0.6245674740484429,1.0,16.5933333333,43.015,26.421666666700002,22.37474045866617,5.611365739325995,16.5933333333,0.0,2.202,2.202,0.9523382352941175,0.9745640138408304,0.0,0.0,0.0,0.0,0.0,0.0,0.0,2.0,229.0,227.0,151.55882352941177,81.64359861591696,229.0
-2.25649023527157,1,3.0,53.0,50.0,13.138686131386862,9.916671106611966,3.0,1.0,96.0,95.0,45.46715328467153,43.493420001065594,1.0,6.941,126.90447,119.96347,28.749948802919707,21.331380580957966,6.941,317.3,1211.4,894.1000000000001,460.69656934306573,76.7142191912196,453.69,1.0,17.0,16.0,8.613138686131387,7.446427620011722,1.0,2.0,5.0,3.0,2.7080291970802923,0.6925249080931323,2.0,105.0,139.0,34.0,119.54014598540147,11.162448718631786,128.0,0.98,2.66,1.6800000000000002,1.7656934306569345,0.768488465022111,0.98,1.0,2.0,1.0,1.510948905109489,0.49976024295380683,1.0,0.0,5.0,5.0,1.9927007299270074,1.949064947519847,0.0,0.0,10.0,10.0,1.2408759124087592,2.1737972188182644,0.0,0.0,0.0,0.0,0.0,0.0,0.0,1.0,17.0,16.0,4.744525547445256,3.6625286376471844,1.0,0.0,1.0,1.0,0.48905109489051096,0.49976024295380694,1.0,0.0,4.0,4.0,1.072992700729927,1.0601523789226919,0.0,0.0,0.0,0.0,0.0,0.0,0.0,0.0,0.0,0.0,0.0,0.0,0.0,1.0,4.0,3.0,1.5620437956204378,0.6317864563908573,1.0,16.5933333333,43.015,26.421666666700002,22.335713851216788,5.61663495913029,16.5933333333,0.0,2.202,2.202,0.9363211678832116,0.9723615536256593,0.0,0.0,0.0,0.0,0.0,0.0,0.0,2.0,229.0,227.0,153.75182481751824,80.88124034311899,229.0
-2.58838029403677,1,3.0,53.0,50.0,13.18840579710145,10.040747742070991,3.0,1.0,96.0,95.0,45.11594202898551,43.476580550304554,1.0,6.941,126.90447,119.96347,28.893842202898547,21.63468506952321,6.941,317.3,1211.4,894.1000000000001,467.1247826086957,86.29277882797733,453.69,1.0,17.0,16.0,8.550724637681158,7.441293845830708,1.0,2.0,5.0,3.0,2.7101449275362315,0.6998529720646922,2.0,105.0,139.0,34.0,119.69565217391303,11.017013232514179,128.0,0.98,2.66,1.6800000000000002,1.758695652173913,0.7674102079395085,0.98,1.0,2.0,1.0,1.5072463768115942,0.4998949800462088,1.0,0.0,5.0,5.0,1.971014492753623,1.942449065322411,0.0,0.0,10.0,10.0,1.3043478260869565,2.268431001890359,0.0,0.0,0.0,0.0,0.0,0.0,0.0,1.0,17.0,16.0,4.782608695652174,3.727788279773157,1.0,0.0,1.0,1.0,0.49275362318840576,0.4998949800462088,1.0,0.0,4.0,4.0,1.0724637681159421,1.0674228103339634,0.0,0.0,0.0,0.0,0.0,0.0,0.0,0.0,0.0,0.0,0.0,0.0,0.0,1.0,4.0,3.0,1.565217391304348,0.6389413988657845,1.0,16.5933333333,43.015,26.421666666700002,22.297252846773908,5.621254013278638,16.5933333333,0.0,2.202,2.202,0.9205362318840579,0.9695181684520058,0.0,0.0,0.0,0.0,0.0,0.0,0.0,2.0,229.0,227.0,155.91304347826087,80.03780718336483,229.0
-3.958607314841775,1,3.0,32.0,29.0,14.08695652173913,6.7485822306238195,16.0,1.0,88.0,87.0,60.130434782608695,35.992438563327035,88.0,6.941,72.64,65.699,29.663511391304347,13.831093890359165,32.065,317.3,1211.4,894.1000000000001,512.5065217391304,182.3200378071834,388.36,1.0,16.0,15.0,11.130434782608695,6.166351606805294,16.0,2.0,4.0,2.0,2.8260869565217392,0.502835538752363,3.0,105.0,128.0,23.0,114.04347826086956,10.04914933837429,105.0,0.98,2.58,1.6,2.0017391304347827,0.6219281663516067,2.58,1.0,2.0,1.0,1.6956521739130435,0.4234404536862004,2.0,0.0,4.0,4.0,2.4782608695652173,1.6332703213610584,4.0,0.0,10.0,10.0,1.3043478260869565,2.268431001890359,0.0,0.0,0.0,0.0,0.0,0.0,0.0,1.0,14.0,13.0,5.478260869565218,2.767485822306238,6.0,0.0,1.0,1.0,0.30434782608695654,0.4234404536862004,0.0,0.0,4.0,4.0,1.6956521739130435,1.0321361058601135,2.0,0.0,0.0,0.0,0.0,0.0,0.0,0.0,0.0,0.0,0.0,0.0,0.0,1.0,4.0,3.0,2.0,0.6086956521739131,2.0,16.5933333333,25.786875,9.1935416667,22.48613354036087,3.5869218651674846,25.786875,0.0,2.202,2.202,1.2694782608695652,1.0039810964083176,2.202,0.0,0.0,0.0,0.0,0.0,0.0,2.0,229.0,227.0,135.65217391304347,80.12854442344046,70.0
-9.769551078621726,1,3.0,60.0,57.0,12.120689655172415,8.967895362663496,7.0,1.0,93.0,92.0,57.241379310344826,33.744351961950066,82.0,6.941,144.242,137.301,26.61111045517241,20.840439059215214,14.0067,53.5,1687.0,1633.5,570.1243103448276,548.4486563614744,63.05,1.0,17.0,16.0,10.586206896551724,5.935790725326992,15.0,2.0,6.0,4.0,2.5344827586206895,0.7740784780023781,2.0,57.0,201.0,144.0,102.46551724137932,32.55291319857313,71.0,0.98,3.98,3.0,2.2434482758620686,0.9304637336504162,3.04,1.0,2.0,1.0,1.7586206896551724,0.366230677764566,2.0,0.0,5.0,5.0,2.0172413793103448,1.3281807372175982,3.0,0.0,0.0,0.0,0.0,0.0,0.0,0.0,4.0,4.0,0.3448275862068966,0.6302021403091558,0.0,1.0,7.0,6.0,4.120689655172414,1.552318668252081,5.0,0.0,1.0,1.0,0.2413793103448276,0.366230677764566,0.0,0.0,4.0,4.0,2.0172413793103448,1.3959571938168844,3.0,0.0,0.0,0.0,0.0,0.0,0.0,0.0,10.0,10.0,0.8620689655172413,1.5755053507728891,0.0,1.0,10.0,9.0,3.1206896551724137,1.5196195005945299,3.0,9.105,34.81,25.705000000000002,17.154360632175862,4.290352754661594,14.76875,0.0,6.437,6.437,2.3232068965517243,2.69524375743163,6.437,0.0,0.0,0.0,0.0,0.0,0.0,12.0,229.0,217.0,180.56896551724137,52.107609988109395,194.0
-1.6020599913279625,1,3.0,17.0,14.0,6.8,4.56,3.0,1.0,94.0,93.0,36.8,42.96,1.0,6.941,35.453,28.512000000000004,14.45508,9.016896,6.941,54.8,453.69,398.89,317.49399999999997,163.4352,453.69,1.0,17.0,16.0,7.2,7.44,1.0,2.0,3.0,1.0,2.2,0.3200000000000001,2.0,66.0,128.0,62.0,110.4,21.119999999999997,128.0,0.98,3.44,2.46,1.908,1.1136,0.98,1.0,2.0,1.0,1.4,0.48,1.0,0.0,5.0,5.0,1.8,2.16,0.0,0.0,0.0,0.0,0.0,0.0,0.0,0.0,0.0,0.0,0.0,0.0,0.0,1.0,7.0,6.0,3.2,2.6399999999999997,1.0,0.0,1.0,1.0,0.6,0.4800000000000001,1.0,0.0,2.0,2.0,0.6,0.72,0.0,0.0,0.0,0.0,0.0,0.0,0.0,0.0,0.0,0.0,0.0,0.0,0.0,1.0,2.0,1.0,1.2,0.31999999999999995,1.0,9.105,24.4975,15.392499999999998,16.676499999980003,3.128400000008002,16.5933333333,0.0,2.493,2.493,0.4986,0.79776,0.0,0.0,0.0,0.0,0.0,0.0,0.0,12.0,229.0,217.0,152.6,91.67999999999999,229.0
-3.2390500485891027,1,3.0,7.0,4.0,4.0,1.5,3.0,1.0,82.0,81.0,21.25,30.375,1.0,6.941,14.0067,7.0657000000000005,8.707425,2.6496375000000008,6.941,63.05,453.69,390.64,356.03,146.49,453.69,1.0,15.0,14.0,4.5,5.25,1.0,2.0,2.0,0.0,2.0,0.0,2.0,71.0,128.0,57.0,113.75,21.375,128.0,0.98,3.04,2.06,1.495,0.7725000000000001,0.98,1.0,2.0,1.0,1.25,0.375,1.0,0.0,3.0,3.0,0.75,1.125,0.0,0.0,0.0,0.0,0.0,0.0,0.0,0.0,0.0,0.0,0.0,0.0,0.0,1.0,5.0,4.0,2.0,1.5,1.0,0.0,1.0,1.0,0.75,0.375,1.0,0.0,3.0,3.0,0.75,1.125,0.0,0.0,0.0,0.0,0.0,0.0,0.0,0.0,0.0,0.0,0.0,0.0,0.0,1.0,3.0,2.0,1.5,0.75,1.0,14.76875,16.5933333333,1.824583333299998,16.137187499975,0.6842187499874992,16.5933333333,0.0,6.437,6.437,1.60925,2.413875,0.0,0.0,0.0,0.0,0.0,0.0,0.0,194.0,229.0,35.0,220.25,13.125,229.0
-5.958607314841775,1,3.0,35.0,32.0,10.4,9.84,3.0,1.0,95.0,94.0,37.0,43.2,1.0,6.941,79.904,72.963,23.34528,22.623488,6.941,54.8,453.69,398.89,336.33399999999995,140.8272,453.69,1.0,17.0,16.0,7.2,7.44,1.0,2.0,4.0,2.0,2.4,0.6399999999999999,2.0,66.0,128.0,62.0,114.0,19.2,128.0,0.98,3.44,2.46,1.8679999999999999,1.0655999999999999,0.98,1.0,2.0,1.0,1.4,0.48,1.0,0.0,5.0,5.0,1.8,2.16,0.0,0.0,10.0,10.0,2.0,3.2,0.0,0.0,0.0,0.0,0.0,0.0,0.0,1.0,17.0,16.0,5.2,5.040000000000001,1.0,0.0,1.0,1.0,0.6,0.4800000000000001,1.0,0.0,2.0,2.0,0.6,0.72,0.0,0.0,0.0,0.0,0.0,0.0,0.0,0.0,0.0,0.0,0.0,0.0,0.0,1.0,2.0,1.0,1.2,0.31999999999999995,1.0,9.105,29.48,20.375,17.67299999998,4.722800000008001,16.5933333333,0.0,1.457,1.457,0.2914,0.46624,0.0,0.0,0.0,0.0,0.0,0.0,0.0,12.0,229.0,217.0,152.6,91.67999999999999,229.0
-4.782516055786093,1,3.0,30.0,27.0,14.620689655172415,4.808561236623067,16.0,1.0,88.0,87.0,67.34482758620689,27.45303210463734,88.0,6.941,65.38,58.43899999999999,30.162794758620688,9.609018520808561,32.065,317.3,692.68,375.37999999999994,423.55655172413793,68.1497265160523,388.36,1.0,16.0,15.0,12.344827586206897,4.765755053507728,16.0,2.0,4.0,2.0,2.896551724137931,0.370986920332937,3.0,105.0,128.0,23.0,111.79310344827586,8.818073721759808,105.0,0.98,2.58,1.6,2.0989655172413793,0.555909631391201,2.58,1.0,2.0,1.0,1.793103448275862,0.3281807372175981,2.0,0.0,4.0,4.0,2.6206896551724137,1.6266349583828774,4.0,0.0,10.0,10.0,1.0344827586206897,1.8549346016646848,0.0,0.0,0.0,0.0,0.0,0.0,0.0,1.0,12.0,11.0,5.448275862068965,1.9643281807372177,6.0,0.0,1.0,1.0,0.20689655172413793,0.3281807372175981,0.0,0.0,3.0,3.0,1.5172413793103448,0.9417360285374554,2.0,0.0,0.0,0.0,0.0,0.0,0.0,0.0,0.0,0.0,0.0,0.0,0.0,0.0,3.0,3.0,1.7241379310344827,0.6563614744351962,2.0,13.96,25.786875,11.826874999999998,22.217619047606895,4.035763546804281,25.786875,0.0,2.202,2.202,1.4390344827586206,0.8931938168846612,2.202,0.0,0.0,0.0,0.0,0.0,0.0,2.0,229.0,227.0,106.34482758620689,68.88941736028538,70.0
-7.086186147616283,1,3.0,16.0,13.0,12.002572898799313,5.142267034237648,16.0,1.0,88.0,87.0,61.72984562607204,34.68788781043223,88.0,6.941,32.065,25.124,24.482993481989705,10.029772923513267,32.065,317.3,923.0,605.7,409.9603516295025,54.01763516912871,388.36,1.0,16.0,15.0,11.148370497427102,6.314414411763839,16.0,2.0,3.0,1.0,2.7144082332761577,0.4080582190067934,3.0,105.0,141.0,36.0,112.93053173241852,10.196269958721814,105.0,0.98,2.58,1.6,2.0202144082332762,0.6343541567982488,2.58,1.0,2.0,1.0,1.7144082332761579,0.40805821900679334,2.0,0.0,4.0,4.0,2.5728987993138936,1.6152332084886536,4.0,0.0,0.0,0.0,0.0,0.0,0.0,0.0,0.0,0.0,0.0,0.0,0.0,1.0,6.0,5.0,4.287307032590052,2.007125855794097,6.0,0.0,1.0,1.0,0.2855917667238422,0.4080582190067934,0.0,0.0,3.0,3.0,1.5437392795883362,0.9691399250931921,2.0,0.0,0.0,0.0,0.0,0.0,0.0,0.0,0.0,0.0,0.0,0.0,0.0,0.0,3.0,3.0,1.8293310463121781,0.5772472777877484,2.0,16.5933333333,25.786875,9.1935416667,22.527549415976754,3.389526510345388,25.786875,0.0,2.202,2.202,1.411835334476844,0.8863323026046738,2.202,0.0,0.0,0.0,0.0,0.0,0.0,2.0,229.0,227.0,107.25471698113209,74.44901129486391,70.0
-15.0,1,3.0,40.0,37.0,10.666666666666666,6.2735042735042725,8.0,1.0,87.0,86.0,48.512820512820504,39.47403024326101,87.0,6.941,91.224,84.283,22.520107897435896,13.87826302695595,15.9994,54.8,2128.0,2073.2,605.9797435897436,635.6001314924392,54.8,1.0,16.0,15.0,9.23076923076923,6.942800788954635,16.0,2.0,5.0,3.0,2.5384615384615383,0.8007889546351082,2.0,66.0,175.0,109.0,107.10256410256409,42.156476002629844,66.0,0.98,3.44,2.46,2.3382051282051277,1.1300460223537145,3.44,1.0,2.0,1.0,1.7692307692307692,0.3550295857988166,2.0,0.0,4.0,4.0,2.051282051282051,1.9986850756081525,4.0,0.0,2.0,2.0,0.28205128205128205,0.4194608809993425,0.0,0.0,0.0,0.0,0.0,0.0,0.0,1.0,6.0,5.0,4.102564102564102,1.9460880999342536,6.0,0.0,1.0,1.0,0.23076923076923075,0.3550295857988166,0.0,0.0,2.0,2.0,1.0256410256410255,0.9993425378040762,2.0,0.0,9.0,9.0,2.282051282051282,3.3938198553583163,0.0,0.0,0.0,0.0,0.0,0.0,0.0,1.0,9.0,8.0,3.5384615384615383,2.749506903353057,2.0,9.105,23.195,14.09,14.22435897435128,5.250624589078237,9.105,0.0,0.0,0.0,0.0,0.0,0.0,0.0,6.35e-06,6.35e-06,1.4653846153846154e-06,2.2544378698224847e-06,0.0,12.0,229.0,217.0,108.74358974358972,99.22419460881,12.0
-5.698970004336019,1,3.0,17.0,14.0,6.666666666666667,2.194444444444444,8.0,1.0,94.0,93.0,68.58333333333333,22.527777777777775,87.0,6.941,35.453,28.512000000000004,13.78695,4.017954166666667,15.9994,54.8,2348.0,2293.2,794.9983333333331,905.917638888889,54.8,1.0,17.0,16.0,12.666666666666666,3.888888888888889,16.0,2.0,3.0,1.0,2.0416666666666665,0.07986111111111098,2.0,66.0,128.0,62.0,83.08333333333333,17.083333333333332,66.0,0.98,3.44,2.46,2.61,0.8758333333333334,3.44,1.0,2.0,1.0,1.8333333333333333,0.27777777777777785,2.0,0.0,5.0,5.0,2.5,1.7083333333333333,4.0,0.0,0.0,0.0,0.0,0.0,0.0,0.0,0.0,0.0,0.0,0.0,0.0,1.0,7.0,6.0,4.333333333333333,1.888888888888889,6.0,0.0,1.0,1.0,0.16666666666666666,0.2777777777777778,0.0,0.0,5.0,5.0,2.5,1.4583333333333333,2.0,0.0,0.0,0.0,0.0,0.0,0.0,0.0,0.0,0.0,0.0,0.0,0.0,1.0,5.0,4.0,2.6666666666666665,1.361111111111111,2.0,7.1725,24.4975,17.325,10.430763888883334,3.2264178240652774,9.105,0.0,2.493,2.493,0.548375,0.7311666666666666,0.0,0.0,0.0,0.0,0.0,0.0,0.0,12.0,229.0,217.0,95.25,85.85416666666667,12.0
-8.060480747381382,1,3.0,60.0,57.0,18.61904761904762,18.086167800453516,8.0,1.0,90.0,89.0,60.95238095238095,34.82539682539682,87.0,6.941,144.242,137.301,42.94489523809524,44.51062131519274,15.9994,54.8,1294.0,1239.2,380.0380952380952,371.7006802721088,54.8,1.0,16.0,15.0,11.238095238095237,6.253968253968253,16.0,2.0,6.0,4.0,2.857142857142857,1.306122448979592,2.0,66.0,201.0,135.0,104.0,43.42857142857143,66.0,0.98,3.44,2.46,2.5128571428571425,1.0595918367346937,3.44,1.0,2.0,1.0,1.8095238095238095,0.30839002267573695,2.0,0.0,4.0,4.0,2.619047619047619,1.7460317460317458,4.0,0.0,10.0,10.0,0.9523809523809523,1.7233560090702948,0.0,0.0,4.0,4.0,0.5714285714285714,0.979591836734694,0.0,1.0,16.0,15.0,5.9523809523809526,1.8866213151927438,6.0,0.0,1.0,1.0,0.19047619047619047,0.30839002267573695,0.0,0.0,3.0,3.0,1.380952380952381,0.9206349206349206,2.0,0.0,0.0,0.0,0.0,0.0,0.0,0.0,10.0,10.0,1.4285714285714286,2.4489795918367347,0.0,1.0,10.0,9.0,3.0,2.0,2.0,9.105,34.81,25.705000000000002,16.494603174595238,8.445260770965985,9.105,0.0,0.464,0.464,0.022095238095238095,0.04208616780045351,0.0,0.0,0.0,0.0,0.0,0.0,0.0,12.0,229.0,217.0,93.33333333333333,92.95238095238095,12.0
-6.301029995663981,1,3.0,13.0,10.0,7.6,2.7600000000000002,9.0,1.0,93.0,92.0,63.4,37.440000000000005,93.0,6.941,26.9815386,20.0405386,16.17949578,5.543097467999999,18.9984032,53.5,933.47,879.97,261.554,249.66479999999999,53.5,1.0,17.0,16.0,11.8,6.4799999999999995,17.0,2.0,3.0,1.0,2.1,0.18000000000000008,2.0,57.0,128.0,71.0,84.7,33.24,57.0,0.98,3.98,3.0,2.8430000000000004,1.3644,3.98,1.0,2.0,1.0,1.7,0.42000000000000004,2.0,0.0,5.0,5.0,3.1,2.2800000000000002,5.0,0.0,0.0,0.0,0.0,0.0,0.0,0.0,0.0,0.0,0.0,0.0,0.0,1.0,7.0,6.0,4.8,2.6399999999999997,7.0,0.0,1.0,1.0,0.3,0.41999999999999993,0.0,0.0,5.0,5.0,1.1,0.78,1.0,0.0,0.0,0.0,0.0,0.0,0.0,0.0,0.0,0.0,0.0,0.0,0.0,1.0,5.0,4.0,1.4,0.72,1.0,9.7075,16.5933333333,6.885833333299999,12.450499999989999,3.2915999999879997,9.7075,0.0,1.97,1.97,1.182,0.9456000000000001,1.97,0.0,0.0,0.0,0.0,0.0,0.0,15.0,229.0,214.0,100.2,102.24,15.0
-6.0,1,3.0,17.0,14.0,14.0,4.0,17.0,1.0,94.0,93.0,75.0,25.333333333333332,94.0,6.941,35.453,28.512000000000004,29.289089766666667,8.218546977777779,35.453,171.6,933.47,761.87,345.5933333333333,231.9911111111111,171.6,1.0,17.0,16.0,13.666666666666666,4.444444444444445,17.0,2.0,3.0,1.0,2.8333333333333335,0.2777777777777777,3.0,102.0,128.0,26.0,109.5,10.0,102.0,0.98,3.16,2.18,2.5383333333333336,0.8288888888888889,3.16,1.0,2.0,1.0,1.8333333333333333,0.27777777777777785,2.0,0.0,5.0,5.0,3.5,2.0,5.0,0.0,0.0,0.0,0.0,0.0,0.0,0.0,0.0,0.0,0.0,0.0,0.0,1.0,7.0,6.0,5.333333333333333,2.2222222222222223,7.0,0.0,1.0,1.0,0.16666666666666666,0.27777777777777773,0.0,0.0,5.0,5.0,1.5,1.1666666666666667,1.0,0.0,0.0,0.0,0.0,0.0,0.0,0.0,0.0,0.0,0.0,0.0,0.0,1.0,5.0,4.0,1.6666666666666667,1.1111111111111112,1.0,16.48,24.4975,8.017499999999998,21.84388888888333,3.5381481481555555,24.4975,0.0,2.493,2.493,1.662,1.1079999999999999,2.493,0.0,0.0,0.0,0.0,0.0,0.0,64.0,229.0,165.0,118.33333333333333,72.44444444444444,64.0
-8.060480747381382,1,1.0,13.0,12.0,3.3333333333333335,3.2222222222222228,1.0,1.0,92.0,91.0,73.66666666666667,24.444444444444443,92.0,1.00794,26.9815386,25.9735986,6.3257164333333336,7.090368577777778,1.00794,14.01,933.47,919.46,240.53333333333333,302.0311111111111,14.01,1.0,13.0,12.0,3.0,3.3333333333333335,1.0,1.0,3.0,2.0,1.5,0.6666666666666666,1.0,31.0,128.0,97.0,62.166666666666664,41.55555555555556,31.0,0.98,2.2,1.2200000000000002,1.8983333333333334,0.4022222222222223,2.2,1.0,2.0,1.0,1.1666666666666667,0.27777777777777785,1.0,0.0,1.0,1.0,0.16666666666666666,0.27777777777777773,0.0,0.0,0.0,0.0,0.0,0.0,0.0,0.0,0.0,0.0,0.0,0.0,0.0,1.0,3.0,2.0,1.3333333333333333,0.5555555555555555,1.0,0.0,1.0,1.0,0.8333333333333334,0.27777777777777773,1.0,0.0,5.0,5.0,0.8333333333333334,1.388888888888889,0.0,0.0,0.0,0.0,0.0,0.0,0.0,0.0,0.0,0.0,0.0,0.0,0.0,1.0,5.0,4.0,1.6666666666666667,1.1111111111111112,1.0,6.615,16.5933333333,9.978333333299998,9.922222222216666,4.409629629622222,6.615,0.0,7.853,7.853,5.235333333333333,3.490222222222222,7.853,0.0,0.0,0.0,0.0,0.0,0.0,194.0,229.0,35.0,205.0,14.666666666666666,194.0
-15.0,1,3.0,9.0,6.0,6.705882352941177,1.640138408304498,8.0,1.0,93.0,92.0,77.0,12.470588235294118,87.0,6.941,18.9984032,12.0574032,13.811764894117646,2.9265122657439444,15.9994,53.5,2348.0,2294.5,887.5523529411765,1030.9042214532874,54.8,1.0,17.0,16.0,14.117647058823529,2.332179930795848,16.0,2.0,2.0,0.0,2.0,0.0,2.0,57.0,128.0,71.0,75.47058823529412,12.20069204152249,66.0,0.98,3.98,3.0,2.832941176470588,0.7777162629757787,3.44,1.0,2.0,1.0,1.9411764705882353,0.11072664359861593,2.0,0.0,5.0,5.0,2.764705882352941,1.5709342560553632,4.0,0.0,0.0,0.0,0.0,0.0,0.0,0.0,0.0,0.0,0.0,0.0,0.0,1.0,7.0,6.0,4.705882352941177,1.640138408304498,6.0,0.0,1.0,1.0,0.058823529411764705,0.1107266435986159,0.0,0.0,5.0,5.0,2.8823529411764706,1.494809688581315,2.0,0.0,0.0,0.0,0.0,0.0,0.0,0.0,0.0,0.0,0.0,0.0,0.0,1.0,5.0,4.0,2.9411764705882355,1.453287197231834,2.0,7.1725,16.5933333333,9.4208333333,8.898872549017648,1.2186159169536328,9.105,0.0,1.97,1.97,0.653764705882353,0.7691349480968859,0.0,0.0,0.0,0.0,0.0,0.0,0.0,12.0,229.0,217.0,79.29411764705883,78.81660899653978,12.0
-8.0,1,3.0,8.0,5.0,6.0,2.0,8.0,1.0,87.0,86.0,61.75,30.375,87.0,6.941,15.9994,9.058399999999999,12.4377,3.5617,15.9994,54.8,2348.0,2293.2,727.8225,810.08875,54.8,1.0,16.0,15.0,11.5,5.25,16.0,2.0,2.0,0.0,2.0,0.0,2.0,66.0,128.0,62.0,86.0,21.0,66.0,0.98,3.44,2.46,2.475,0.965,3.44,1.0,2.0,1.0,1.75,0.375,2.0,0.0,4.0,4.0,2.25,1.75,4.0,0.0,0.0,0.0,0.0,0.0,0.0,0.0,0.0,0.0,0.0,0.0,0.0,1.0,6.0,5.0,4.0,2.0,6.0,0.0,1.0,1.0,0.25,0.375,0.0,0.0,5.0,5.0,2.25,1.375,2.0,0.0,0.0,0.0,0.0,0.0,0.0,0.0,0.0,0.0,0.0,0.0,0.0,1.0,5.0,4.0,2.5,1.25,2.0,7.1725,16.5933333333,9.4208333333,10.493958333325,3.0496874999875,9.105,0.0,1.524,1.524,0.381,0.5715,0.0,0.0,0.0,0.0,0.0,0.0,0.0,12.0,229.0,217.0,104.75,92.75,12.0
-3.795880017344075,1,1.0,17.0,16.0,4.285714285714286,3.4693877551020407,1.0,1.0,94.0,93.0,81.35714285714286,13.346938775510202,92.0,1.00794,35.453,34.445060000000005,8.249127142857143,7.428062448979594,1.00794,14.01,3823.0,3808.99,879.3007142857142,1261.5854081632654,14.01,1.0,17.0,16.0,7.0,6.857142857142857,1.0,1.0,3.0,2.0,1.5714285714285714,0.5714285714285714,1.0,31.0,128.0,97.0,58.0,27.0,31.0,0.98,3.44,2.46,2.4050000000000002,0.4085714285714285,2.2,1.0,2.0,1.0,1.4285714285714286,0.4897959183673469,1.0,0.0,5.0,5.0,1.2857142857142858,1.469387755102041,0.0,0.0,0.0,0.0,0.0,0.0,0.0,0.0,0.0,0.0,0.0,0.0,0.0,1.0,7.0,6.0,2.7142857142857144,1.9591836734693877,1.0,0.0,1.0,1.0,0.5714285714285714,0.4897959183673469,1.0,0.0,4.0,4.0,1.2857142857142858,1.5102040816326532,0.0,0.0,0.0,0.0,0.0,0.0,0.0,0.0,0.0,0.0,0.0,0.0,0.0,1.0,4.0,3.0,1.8571428571428572,1.1020408163265305,1.0,5.64,24.4975,18.857499999999998,9.156398809521429,4.055769557819388,6.615,0.0,7.853,7.853,5.527785714285714,2.455102040816326,7.853,0.0,0.0,0.0,0.0,0.0,0.0,12.0,229.0,217.0,174.21428571428572,38.91836734693877,194.0
-5.154901959985743,1,3.0,35.0,32.0,29.0,8.666666666666666,35.0,1.0,95.0,94.0,75.83333333333333,25.555555555555557,95.0,6.941,79.904,72.963,66.04666666666667,19.701888888888885,79.904,265.8,453.69,187.89,303.3,50.129999999999995,265.8,1.0,17.0,16.0,13.666666666666666,4.444444444444445,17.0,2.0,4.0,2.0,3.6666666666666665,0.5555555555555557,4.0,120.0,128.0,8.0,121.66666666666667,2.2222222222222237,120.0,0.98,2.96,1.98,2.438333333333333,0.6955555555555556,2.96,1.0,2.0,1.0,1.8333333333333333,0.27777777777777785,2.0,0.0,5.0,5.0,3.5,2.0,5.0,0.0,10.0,10.0,8.333333333333334,2.7777777777777772,10.0,0.0,0.0,0.0,0.0,0.0,0.0,1.0,17.0,16.0,13.666666666666666,4.444444444444445,17.0,0.0,1.0,1.0,0.16666666666666666,0.27777777777777773,0.0,0.0,5.0,5.0,1.5,1.1666666666666667,1.0,0.0,0.0,0.0,0.0,0.0,0.0,0.0,0.0,0.0,0.0,0.0,0.0,1.0,5.0,4.0,1.6666666666666667,1.1111111111111112,1.0,16.5933333333,29.48,12.886666666700002,25.56180555555,5.224259259266668,29.48,0.0,1.457,1.457,0.9713333333333334,0.6475555555555556,1.457,0.0,0.0,0.0,0.0,0.0,0.0,64.0,229.0,165.0,91.5,45.833333333333336,64.0
-13.619788758288394,1,3.0,31.0,28.0,12.5,9.25,8.0,1.0,87.0,86.0,62.25,30.625,87.0,6.941,69.723,62.782,27.1657,21.27865,15.9994,54.8,453.69,398.89,216.55,161.75,54.8,1.0,16.0,15.0,11.5,5.25,16.0,2.0,4.0,2.0,2.5,0.75,2.0,66.0,128.0,62.0,95.5,29.5,66.0,0.98,3.44,2.46,2.4175,1.0225,3.44,1.0,2.0,1.0,1.75,0.375,2.0,0.0,4.0,4.0,2.25,1.75,4.0,0.0,10.0,10.0,2.5,3.75,0.0,0.0,0.0,0.0,0.0,0.0,0.0,1.0,13.0,12.0,6.5,3.25,6.0,0.0,1.0,1.0,0.25,0.375,0.0,0.0,5.0,5.0,2.25,1.375,2.0,0.0,0.0,0.0,0.0,0.0,0.0,0.0,0.0,0.0,0.0,0.0,0.0,1.0,5.0,4.0,2.5,1.25,2.0,9.105,18.8575,9.752500000000001,13.415208333325,4.310208333325,9.105,0.0,0.0,0.0,0.0,0.0,0.0,0.0,0.0,0.0,0.0,0.0,0.0,12.0,229.0,217.0,79.25,74.875,12.0
-15.0,1,3.0,64.0,61.0,12.38888888888889,6.895061728395062,8.0,1.0,87.0,86.0,78.0,14.222222222222221,87.0,6.941,157.25,150.309,26.67104711111111,16.42109027160494,15.9994,54.8,1586.0,1531.2,220.36055555555558,220.74740740740742,54.8,1.0,16.0,15.0,14.222222222222221,2.71604938271605,16.0,2.0,6.0,4.0,2.4444444444444446,0.6419753086419754,2.0,66.0,196.0,130.0,85.77777777777777,26.370370370370367,66.0,0.98,3.44,2.46,2.901111111111111,0.7185185185185186,3.44,1.0,2.0,1.0,1.9444444444444444,0.1049382716049383,2.0,0.0,4.0,4.0,3.3333333333333335,0.8888888888888888,4.0,0.0,1.0,1.0,0.05555555555555555,0.10493827160493827,0.0,0.0,7.0,7.0,0.3888888888888889,0.7345679012345678,0.0,1.0,10.0,9.0,5.722222222222222,0.845679012345679,6.0,0.0,1.0,1.0,0.05555555555555555,0.10493827160493827,0.0,0.0,3.0,3.0,2.0,0.4444444444444444,2.0,0.0,9.0,9.0,0.5,0.9444444444444444,0.0,0.0,7.0,7.0,0.3888888888888889,0.7345679012345678,0.0,1.0,16.0,15.0,2.9444444444444446,1.4753086419753088,2.0,9.105,32.05,22.944999999999997,13.788015873005556,6.244021164007407,9.105,0.0,1.625,1.625,0.3611111111111111,0.5617283950617283,0.0,0.0,0.0,0.0,0.0,0.0,0.0,2.0,229.0,227.0,31.944444444444443,39.901234567901234,12.0
-17.356547323513812,1,3.0,15.0,12.0,8.285714285714286,2.3061224489795924,8.0,1.0,87.0,86.0,67.0,28.142857142857142,87.0,6.941,30.973762,24.032762,16.97324952,4.859649245714286,15.9994,54.8,2348.0,2293.2,335.6607142857143,326.22959183673476,54.8,1.0,16.0,15.0,12.428571428571429,4.8979591836734695,16.0,2.0,3.0,1.0,2.2142857142857144,0.3367346938775511,2.0,66.0,166.0,100.0,89.14285714285714,27.183673469387752,66.0,0.93,3.44,2.51,2.630714285714286,0.9248979591836735,3.44,1.0,2.0,1.0,1.7857142857142858,0.33673469387755095,2.0,0.0,4.0,4.0,2.7857142857142856,1.4489795918367345,4.0,0.0,0.0,0.0,0.0,0.0,0.0,0.0,0.0,0.0,0.0,0.0,0.0,1.0,6.0,5.0,4.571428571428571,1.7551020408163267,6.0,0.0,1.0,1.0,0.21428571428571427,0.336734693877551,0.0,0.0,5.0,5.0,1.9285714285714286,0.826530612244898,2.0,0.0,0.0,0.0,0.0,0.0,0.0,0.0,0.0,0.0,0.0,0.0,0.0,1.0,5.0,4.0,2.142857142857143,0.6530612244897959,2.0,7.1725,29.2433333333,22.0708333333,13.398784013592858,5.796650874619388,9.105,0.0,1.625,1.625,0.341,0.5358571428571429,0.0,0.0,0.0,0.0,0.0,0.0,0.0,2.0,229.0,227.0,68.07142857142857,82.9591836734694,12.0
-10.10790539730952,1,3.0,16.0,13.0,13.2,4.08,16.0,1.0,88.0,87.0,69.6,27.440000000000005,88.0,6.941,32.065,25.124,26.821952399999997,7.952380960000001,32.065,317.3,453.69,136.39,387.214,27.965600000000006,388.36,1.0,16.0,15.0,12.8,4.72,16.0,2.0,3.0,1.0,2.8,0.3200000000000001,3.0,105.0,128.0,23.0,110.0,7.2,105.0,0.98,2.58,1.6,2.182,0.48080000000000006,2.58,1.0,2.0,1.0,1.8,0.31999999999999995,2.0,0.0,4.0,4.0,3.0,1.2,4.0,0.0,0.0,0.0,0.0,0.0,0.0,0.0,0.0,0.0,0.0,0.0,0.0,1.0,6.0,5.0,4.8,1.52,6.0,0.0,1.0,1.0,0.2,0.32,0.0,0.0,3.0,3.0,1.8,0.72,2.0,0.0,0.0,0.0,0.0,0.0,0.0,0.0,0.0,0.0,0.0,0.0,0.0,1.0,3.0,2.0,2.0,0.4,2.0,16.5933333333,25.786875,9.1935416667,23.3048392857,2.978442857159999,25.786875,0.0,2.202,2.202,1.6461999999999999,0.66696,2.202,0.0,0.0,0.0,0.0,0.0,0.0,2.0,229.0,227.0,88.2,56.32000000000001,70.0
-15.0,1,3.0,21.0,18.0,10.0,5.5,8.0,1.0,87.0,86.0,46.5,40.5,87.0,6.941,44.955912,38.014911999999995,20.973928,11.990991999999999,15.9994,54.8,1814.0,1759.2,594.3225,609.83875,54.8,1.0,16.0,15.0,9.0,7.0,16.0,2.0,4.0,2.0,2.5,0.75,2.0,66.0,170.0,104.0,107.5,41.5,66.0,0.98,3.44,2.46,2.3049999999999997,1.135,3.44,1.0,2.0,1.0,1.75,0.375,2.0,0.0,4.0,4.0,2.0,2.0,4.0,0.0,1.0,1.0,0.25,0.375,0.0,0.0,0.0,0.0,0.0,0.0,0.0,1.0,6.0,5.0,4.0,2.0,6.0,0.0,1.0,1.0,0.25,0.375,0.0,0.0,2.0,2.0,1.0,1.0,2.0,0.0,9.0,9.0,2.25,3.375,0.0,0.0,0.0,0.0,0.0,0.0,0.0,1.0,9.0,8.0,3.5,2.75,2.0,9.105,22.235,13.129999999999999,14.259583333324999,5.154583333324999,9.105,0.0,0.0,0.0,0.0,0.0,0.0,0.0,6.35e-06,6.35e-06,1.5875e-06,2.3812500000000003e-06,0.0,12.0,229.0,217.0,111.75,99.75,12.0
-7.209714835966758,1,3.0,14.0,11.0,8.666666666666666,3.555555555555556,7.0,1.0,82.0,81.0,67.16666666666667,22.055555555555554,82.0,6.941,28.0855,21.1445,17.52201666666667,7.042322222222222,14.0067,63.05,1687.0,1623.95,669.4733333333334,678.3511111111111,63.05,1.0,15.0,14.0,12.333333333333334,3.7777777777777772,15.0,2.0,3.0,1.0,2.3333333333333335,0.4444444444444445,2.0,71.0,128.0,57.0,93.83333333333333,22.833333333333332,71.0,0.98,3.04,2.06,2.316666666666667,0.7233333333333333,3.04,1.0,2.0,1.0,1.8333333333333333,0.27777777777777785,2.0,0.0,3.0,3.0,2.1666666666666665,0.8333333333333334,3.0,0.0,0.0,0.0,0.0,0.0,0.0,0.0,0.0,0.0,0.0,0.0,0.0,1.0,5.0,4.0,4.0,1.0,5.0,0.0,1.0,1.0,0.16666666666666666,0.2777777777777778,0.0,0.0,4.0,4.0,2.8333333333333335,0.9444444444444443,3.0,0.0,0.0,0.0,0.0,0.0,0.0,0.0,0.0,0.0,0.0,0.0,0.0,1.0,4.0,3.0,3.0,0.6666666666666666,3.0,14.76875,20.44,5.671250000000001,16.963263888883336,2.317824074077779,14.76875,0.0,6.437,6.437,3.4761666666666664,2.9608333333333334,6.437,0.0,0.0,0.0,0.0,0.0,0.0,194.0,229.0,35.0,210.83333333333334,16.833333333333332,194.0
-15.0,1,3.0,41.0,38.0,16.07293256026854,12.932170092009962,8.0,1.0,87.0,86.0,62.002746414403425,30.161471064219985,87.0,6.941,92.90638,85.96538,35.27147697894416,30.169720463198207,15.9994,54.8,2750.0,2695.2,681.4826365578273,811.7599188879801,54.8,1.0,16.0,15.0,10.894415624046385,6.160354172267501,16.0,2.0,5.0,3.0,2.8169057064388165,1.1850990931980874,2.0,66.0,195.0,129.0,103.09612450411963,44.75986459850137,66.0,0.95,3.44,2.49,2.5764937442783036,1.041899217309609,3.44,1.0,2.0,1.0,1.7018614586512055,0.41850390302241536,2.0,0.0,4.0,4.0,2.4131827891364055,1.9146399913807306,4.0,0.0,6.0,6.0,0.7464144034177601,1.2195003710401855,0.0,0.0,0.0,0.0,0.0,0.0,0.0,1.0,8.0,7.0,4.861458651205371,1.4665981421078789,6.0,0.0,1.0,1.0,0.29813854134879464,0.4185039030224154,0.0,0.0,2.0,2.0,1.2065913945682027,0.9573199956903653,2.0,0.0,6.0,6.0,1.08452853219408,1.7719150934901142,0.0,0.0,0.0,0.0,0.0,0.0,0.0,0.0,7.0,7.0,2.5892584681110775,1.5730515222052817,2.0,9.105,54.23,45.125,15.759404434946596,8.099746029840215,9.105,0.0,0.0,0.0,0.0,0.0,0.0,0.0,2.1106628,2.1106628,0.014813928715288376,0.029419910918247406,0.0,12.0,229.0,217.0,97.71864510222765,103.4273795343937,12.0
-15.0,1,3.0,41.0,38.0,16.12121212121212,13.024793388429751,8.0,1.0,87.0,86.0,62.121212121212125,30.15610651974288,87.0,6.941,92.90638,85.96538,35.39546303030303,30.408431074380164,15.9994,54.8,2750.0,2695.2,683.659393939394,818.0039669421487,54.8,1.0,16.0,15.0,10.909090909090908,6.1707988980716255,16.0,2.0,5.0,3.0,2.8181818181818183,1.1900826446280992,2.0,66.0,195.0,129.0,103.06060606060606,44.92194674012856,66.0,0.95,3.44,2.49,2.580909090909091,1.0413223140495866,3.44,1.0,2.0,1.0,1.696969696969697,0.42240587695133147,2.0,0.0,4.0,4.0,2.4242424242424243,1.9100091827364556,4.0,0.0,4.0,4.0,0.7272727272727273,1.190082644628099,0.0,0.0,0.0,0.0,0.0,0.0,0.0,1.0,6.0,5.0,4.848484848484849,1.450872359963269,6.0,0.0,1.0,1.0,0.30303030303030304,0.42240587695133147,0.0,0.0,2.0,2.0,1.2121212121212122,0.9550045913682278,2.0,0.0,6.0,6.0,1.0909090909090908,1.7851239669421486,0.0,0.0,0.0,0.0,0.0,0.0,0.0,0.0,7.0,7.0,2.606060606060606,1.5977961432506886,2.0,9.105,54.23,45.125,15.764949494945455,8.072666054479338,9.105,0.0,0.0,0.0,0.0,0.0,0.0,0.0,0.0,0.0,0.0,0.0,0.0,12.0,229.0,217.0,97.12121212121212,103.17722681359045,12.0
-7.744727494896693,1,3.0,39.0,36.0,14.5,12.25,8.0,1.0,87.0,86.0,46.75,40.25,87.0,6.941,88.90585,81.96485,31.9614125,28.47221875,15.9994,54.8,1799.0,1744.2,590.5725,604.21375,54.8,1.0,16.0,15.0,9.0,7.0,16.0,2.0,5.0,3.0,2.75,1.125,2.0,66.0,190.0,124.0,112.5,46.5,66.0,0.98,3.44,2.46,2.27,1.17,3.44,1.0,2.0,1.0,1.75,0.375,2.0,0.0,4.0,4.0,2.0,2.0,4.0,0.0,1.0,1.0,0.25,0.375,0.0,0.0,0.0,0.0,0.0,0.0,0.0,1.0,6.0,5.0,4.0,2.0,6.0,0.0,1.0,1.0,0.25,0.375,0.0,0.0,2.0,2.0,1.0,1.0,2.0,0.0,9.0,9.0,2.25,3.375,0.0,0.0,0.0,0.0,0.0,0.0,0.0,1.0,9.0,8.0,3.5,2.75,2.0,9.105,32.365,23.26,16.792083333325003,7.786458333337502,9.105,0.0,0.0,0.0,0.0,0.0,0.0,0.0,0.0,0.0,0.0,0.0,0.0,12.0,229.0,217.0,111.75,99.75,12.0
-3.886056647693163,1,3.0,30.0,27.0,13.333333333333334,5.51111111111111,16.0,1.0,88.0,87.0,62.86666666666667,32.995555555555555,88.0,6.941,65.38,58.43899999999999,27.440768266666666,10.933209742222221,32.065,317.3,692.68,375.37999999999994,416.5946666666667,56.59555555555554,388.36,1.0,16.0,15.0,11.6,5.653333333333333,16.0,2.0,4.0,2.0,2.8,0.42666666666666675,3.0,105.0,128.0,23.0,112.53333333333333,9.511111111111111,105.0,0.98,2.58,1.6,2.0393333333333334,0.6168888888888889,2.58,1.0,2.0,1.0,1.7333333333333334,0.3911111111111111,2.0,0.0,4.0,4.0,2.533333333333333,1.688888888888889,4.0,0.0,10.0,10.0,0.6666666666666666,1.2444444444444445,0.0,0.0,0.0,0.0,0.0,0.0,0.0,1.0,12.0,11.0,4.933333333333334,2.0977777777777775,6.0,0.0,1.0,1.0,0.26666666666666666,0.39111111111111113,0.0,0.0,3.0,3.0,1.4666666666666666,0.9777777777777779,2.0,0.0,0.0,0.0,0.0,0.0,0.0,0.0,0.0,0.0,0.0,0.0,0.0,0.0,3.0,3.0,1.7333333333333334,0.6222222222222221,2.0,13.96,25.786875,11.826874999999998,22.117920634906667,4.034169312177777,25.786875,0.0,2.202,2.202,1.3910666666666667,0.9273777777777779,2.202,0.0,0.0,0.0,0.0,0.0,0.0,2.0,229.0,227.0,111.6,73.6,70.0
-3.9208187539523753,1,3.0,50.0,47.0,20.666666666666664,13.037037037037035,16.0,1.0,88.0,87.0,66.88888888888889,29.283950617283946,88.0,6.941,118.71,111.76899999999999,45.736333333333334,32.43274074074074,32.065,388.36,505.08,116.71999999999997,428.8155555555555,44.9506172839506,388.36,1.0,16.0,15.0,12.222222222222221,4.987654320987654,16.0,2.0,5.0,3.0,3.222222222222222,0.7901234567901232,3.0,105.0,139.0,34.0,117.66666666666666,14.074074074074073,105.0,0.98,2.58,1.6,2.0866666666666664,0.548148148148148,2.58,1.0,2.0,1.0,1.7777777777777777,0.34567901234567905,2.0,0.0,4.0,4.0,2.6666666666666665,1.4814814814814814,4.0,0.0,10.0,10.0,2.222222222222222,3.4567901234567895,0.0,0.0,0.0,0.0,0.0,0.0,0.0,1.0,14.0,13.0,6.666666666666666,3.2592592592592586,6.0,0.0,1.0,1.0,0.2222222222222222,0.345679012345679,0.0,0.0,4.0,4.0,2.0,0.8888888888888888,2.0,0.0,0.0,0.0,0.0,0.0,0.0,0.0,0.0,0.0,0.0,0.0,0.0,1.0,4.0,3.0,2.222222222222222,0.7901234567901232,2.0,16.5933333333,33.285,16.691666666699998,25.410115740733332,3.9185699588592584,25.786875,0.0,2.202,2.202,1.2233333333333332,1.0874074074074074,2.202,0.0,0.0,0.0,0.0,0.0,0.0,70.0,229.0,159.0,121.1111111111111,56.79012345679011,70.0
-9.30102999566398,1,3.0,13.0,10.0,6.0,3.0,3.0,1.0,87.0,86.0,42.6,41.6,1.0,6.941,26.9815386,20.0405386,12.56841386,5.62741386,6.941,54.8,933.47,878.6700000000001,342.11199999999997,229.8496,453.69,1.0,16.0,15.0,8.2,7.2,1.0,2.0,3.0,1.0,2.1,0.18000000000000008,2.0,66.0,128.0,62.0,102.5,29.2,128.0,0.98,3.44,2.46,2.027,1.1304,0.98,1.0,2.0,1.0,1.5,0.5,1.0,0.0,4.0,4.0,1.7,1.8399999999999999,0.0,0.0,0.0,0.0,0.0,0.0,0.0,0.0,0.0,0.0,0.0,0.0,0.0,1.0,6.0,5.0,3.2,2.2399999999999998,1.0,0.0,1.0,1.0,0.5,0.5,1.0,0.0,5.0,5.0,1.3,1.3,0.0,0.0,0.0,0.0,0.0,0.0,0.0,0.0,0.0,0.0,0.0,0.0,0.0,1.0,5.0,4.0,1.8,0.8,1.0,9.105,16.5933333333,7.488333333299998,13.58666666665,3.585333333319999,16.5933333333,0.0,0.0,0.0,0.0,0.0,0.0,0.0,0.0,0.0,0.0,0.0,0.0,12.0,229.0,217.0,141.8,103.84,229.0
-8.301029995663981,1,3.0,31.0,28.0,7.8,4.8,3.0,1.0,87.0,86.0,42.7,41.7,1.0,6.941,69.723,62.782,16.84256,10.576087999999999,6.941,54.8,453.69,398.89,279.0559999999999,179.4048,453.69,1.0,16.0,15.0,8.2,7.2,1.0,2.0,4.0,2.0,2.2,0.36000000000000015,2.0,66.0,128.0,62.0,102.6,29.28,128.0,0.98,3.44,2.46,2.0469999999999997,1.1144,0.98,1.0,2.0,1.0,1.5,0.5,1.0,0.0,4.0,4.0,1.7,1.8399999999999999,0.0,0.0,10.0,10.0,1.0,1.8,0.0,0.0,0.0,0.0,0.0,0.0,0.0,1.0,13.0,12.0,4.2,3.2,1.0,0.0,1.0,1.0,0.5,0.5,1.0,0.0,5.0,5.0,1.3,1.3,0.0,0.0,0.0,0.0,0.0,0.0,0.0,0.0,0.0,0.0,0.0,0.0,0.0,1.0,5.0,4.0,1.8,0.8,1.0,9.105,18.8575,9.752500000000001,13.82441666665,3.7755333333199994,16.5933333333,0.0,0.0,0.0,0.0,0.0,0.0,0.0,0.0,0.0,0.0,0.0,0.0,12.0,229.0,217.0,125.7,103.3,229.0
-4.689411859112482,2,3.0,83.0,80.0,20.363636363636363,21.380165289256198,8.0,1.0,87.0,86.0,57.27272727272727,37.65289256198347,87.0,6.941,208.9804,202.0394,48.24431863636364,53.950510619834716,15.9994,54.8,1193.0,1138.2,345.175,316.77272727272725,54.8,1.0,16.0,15.0,10.727272727272727,6.52892561983471,16.0,2.0,6.0,4.0,2.909090909090909,1.4049586776859504,2.0,66.0,207.0,141.0,106.77272727272727,44.4793388429752,66.0,0.98,3.44,2.46,2.432727272727273,1.0988429752066116,3.44,1.0,2.0,1.0,1.7727272727272727,0.3512396694214876,2.0,0.0,4.0,4.0,2.4545454545454546,1.7851239669421488,4.0,0.0,10.0,10.0,1.0454545454545454,1.6280991735537191,0.0,0.0,14.0,14.0,1.2727272727272727,2.3140495867768593,0.0,1.0,29.0,28.0,6.545454545454546,4.082644628099174,6.0,0.0,1.0,1.0,0.22727272727272727,0.3512396694214876,0.0,0.0,3.0,3.0,1.3636363636363635,0.9917355371900828,2.0,0.0,9.0,9.0,1.2272727272727273,2.1198347107438016,0.0,0.0,0.0,0.0,0.0,0.0,0.0,1.0,9.0,8.0,2.8181818181818183,1.7190082644628104,2.0,9.105,36.8975,27.7925,16.76450757575,8.433632920113636,9.105,0.0,0.0,0.0,0.0,0.0,0.0,0.0,0.0,0.0,0.0,0.0,0.0,12.0,229.0,217.0,86.13636363636364,94.35537190082646,12.0
-5.014124642691606,1,3.0,57.0,54.0,16.522727272727273,15.44421487603306,8.0,1.0,87.0,86.0,53.32954545454545,36.731404958677686,87.0,6.941,138.90547,131.96447,37.646674431818184,37.57233321280992,15.9994,54.8,2750.0,2695.2,534.8772727272727,560.6239669421487,54.8,1.0,16.0,15.0,9.795454545454545,6.768595041322315,16.0,2.0,6.0,4.0,2.8181818181818183,1.2644628099173554,2.0,66.0,207.0,141.0,108.52272727272727,46.388429752066116,66.0,0.98,3.44,2.46,2.3902272727272726,1.145206611570248,3.44,1.0,2.0,1.0,1.6931818181818181,0.4253615702479339,2.0,0.0,4.0,4.0,2.1818181818181817,1.9834710743801656,4.0,0.0,4.0,4.0,0.4659090909090909,0.7200413223140495,0.0,0.0,0.0,0.0,0.0,0.0,0.0,1.0,6.0,5.0,4.340909090909091,1.9147727272727273,6.0,0.0,1.0,1.0,0.3068181818181818,0.4253615702479339,0.0,0.0,2.0,2.0,1.0909090909090908,0.9917355371900828,2.0,0.0,9.0,9.0,1.8068181818181819,2.7923553719008267,0.0,0.0,0.0,0.0,0.0,0.0,0.0,1.0,9.0,8.0,3.2045454545454546,2.3161157024793386,2.0,9.105,36.8975,27.7925,15.582973484840908,7.066880165280992,9.105,0.0,0.0,0.0,0.0,0.0,0.0,0.0,0.0,0.0,0.0,0.0,0.0,12.0,229.0,217.0,105.4659090909091,101.96280991735536,12.0
-5.039529222465701,1,3.0,57.0,54.0,16.527272727272727,15.451239669421488,8.0,1.0,87.0,86.0,53.40909090909091,36.64462809917355,87.0,6.941,138.90547,131.96447,37.65576654545454,37.58638466115702,15.9994,54.8,2750.0,2695.2,537.0386363636363,563.9642561983471,54.8,1.0,16.0,15.0,9.799999999999999,6.763636363636365,16.0,2.0,6.0,4.0,2.8181818181818183,1.2644628099173554,2.0,66.0,207.0,141.0,108.46363636363635,46.32396694214876,66.0,0.98,3.44,2.46,2.391090909090909,1.1442644628099174,3.44,1.0,2.0,1.0,1.6909090909090911,0.42710743801652884,2.0,0.0,4.0,4.0,2.1818181818181817,1.9834710743801656,4.0,0.0,4.0,4.0,0.47272727272727266,0.7305785123966941,0.0,0.0,0.0,0.0,0.0,0.0,0.0,1.0,6.0,5.0,4.345454545454545,1.9120661157024796,6.0,0.0,1.0,1.0,0.3090909090909091,0.42710743801652884,0.0,0.0,2.0,2.0,1.0909090909090908,0.9917355371900828,2.0,0.0,9.0,9.0,1.7999999999999998,2.7818181818181817,0.0,0.0,0.0,0.0,0.0,0.0,0.0,1.0,9.0,8.0,3.2,2.309090909090909,2.0,9.105,36.8975,27.7925,15.550734848477271,7.031710743793388,9.105,0.0,0.0,0.0,0.0,0.0,0.0,0.0,0.0,0.0,0.0,0.0,0.0,12.0,229.0,217.0,105.54545454545455,102.0495867768595,12.0
-5.243363891754152,1,3.0,57.0,54.0,16.531818181818185,15.45826446280992,8.0,1.0,87.0,86.0,53.48863636363637,36.55785123966942,87.0,6.941,138.90547,131.96447,37.66485865909091,37.60043610950414,15.9994,54.8,2750.0,2695.2,539.2,567.3045454545455,54.8,1.0,16.0,15.0,9.804545454545455,6.758677685950413,16.0,2.0,6.0,4.0,2.8181818181818183,1.2644628099173554,2.0,66.0,207.0,141.0,108.40454545454546,46.259504132231406,66.0,0.98,3.44,2.46,2.3919545454545457,1.1433223140495867,3.44,1.0,2.0,1.0,1.6886363636363635,0.4288326446280992,2.0,0.0,4.0,4.0,2.1818181818181817,1.9834710743801656,4.0,0.0,4.0,4.0,0.47954545454545455,0.7411157024793389,0.0,0.0,0.0,0.0,0.0,0.0,0.0,1.0,6.0,5.0,4.3500000000000005,1.9093181818181817,6.0,0.0,1.0,1.0,0.31136363636363634,0.42883264462809917,0.0,0.0,2.0,2.0,1.0909090909090908,0.9917355371900828,2.0,0.0,9.0,9.0,1.7931818181818182,2.771280991735537,0.0,0.0,0.0,0.0,0.0,0.0,0.0,1.0,9.0,8.0,3.1954545454545458,2.3020661157024795,2.0,9.105,36.8975,27.7925,15.518496212113634,6.996541322305784,9.105,0.0,0.0,0.0,0.0,0.0,0.0,0.0,0.0,0.0,0.0,0.0,0.0,12.0,229.0,217.0,105.625,102.13636363636364,12.0
-4.841637507904751,1,3.0,57.0,54.0,16.536363636363635,15.465289256198348,8.0,1.0,87.0,86.0,53.56818181818182,36.4710743801653,87.0,6.941,138.90547,131.96447,37.673950772727274,37.61448755785124,15.9994,54.8,2750.0,2695.2,541.3613636363636,570.6448347107438,54.8,1.0,16.0,15.0,9.80909090909091,6.753719008264463,16.0,2.0,6.0,4.0,2.8181818181818183,1.2644628099173554,2.0,66.0,207.0,141.0,108.34545454545454,46.19504132231405,66.0,0.98,3.44,2.46,2.392818181818182,1.1423801652892562,3.44,1.0,2.0,1.0,1.6863636363636365,0.43053719008264457,2.0,0.0,4.0,4.0,2.1818181818181817,1.9834710743801656,4.0,0.0,4.0,4.0,0.48636363636363633,0.7516528925619834,0.0,0.0,0.0,0.0,0.0,0.0,0.0,1.0,6.0,5.0,4.3545454545454545,1.9065289256198348,6.0,0.0,1.0,1.0,0.31363636363636366,0.4305371900826447,0.0,0.0,2.0,2.0,1.0909090909090908,0.9917355371900828,2.0,0.0,9.0,9.0,1.7863636363636362,2.7607438016528927,0.0,0.0,0.0,0.0,0.0,0.0,0.0,1.0,9.0,8.0,3.1909090909090905,2.295041322314049,2.0,9.105,36.8975,27.7925,15.486257575749999,6.961371900818182,9.105,0.0,0.0,0.0,0.0,0.0,0.0,0.0,0.0,0.0,0.0,0.0,0.0,12.0,229.0,217.0,105.70454545454545,102.22314049586777,12.0
-4.872895201635193,1,3.0,57.0,54.0,16.54090909090909,15.472314049586776,8.0,1.0,87.0,86.0,53.64772727272727,36.38429752066116,87.0,6.941,138.90547,131.96447,37.68304288636364,37.628539006198345,15.9994,54.8,2750.0,2695.2,543.5227272727274,573.9851239669422,54.8,1.0,16.0,15.0,9.813636363636364,6.748760330578512,16.0,2.0,6.0,4.0,2.8181818181818183,1.2644628099173554,2.0,66.0,207.0,141.0,108.28636363636365,46.130578512396696,66.0,0.98,3.44,2.46,2.3936818181818182,1.1414380165289257,3.44,1.0,2.0,1.0,1.6840909090909089,0.4322210743801654,2.0,0.0,4.0,4.0,2.1818181818181817,1.9834710743801656,4.0,0.0,4.0,4.0,0.4931818181818182,0.7621900826446282,0.0,0.0,0.0,0.0,0.0,0.0,0.0,1.0,6.0,5.0,4.359090909090909,1.9036983471074378,6.0,0.0,1.0,1.0,0.3159090909090909,0.43222107438016527,0.0,0.0,2.0,2.0,1.0909090909090908,0.9917355371900828,2.0,0.0,9.0,9.0,1.7795454545454548,2.7502066115702486,0.0,0.0,0.0,0.0,0.0,0.0,0.0,1.0,9.0,8.0,3.186363636363636,2.28801652892562,2.0,9.105,36.8975,27.7925,15.454018939386362,6.926202479330579,9.105,0.0,0.0,0.0,0.0,0.0,0.0,0.0,0.0,0.0,0.0,0.0,0.0,12.0,229.0,217.0,105.7840909090909,102.30991735537191,12.0
-5.195523150362069,2,3.0,57.0,54.0,16.545454545454547,15.479338842975208,8.0,1.0,87.0,86.0,53.72727272727273,36.29752066115702,87.0,6.941,138.90547,131.96447,37.692135,37.642590454545456,15.9994,54.8,2750.0,2695.2,545.684090909091,577.3254132231406,54.8,1.0,16.0,15.0,9.818181818181818,6.743801652892563,16.0,2.0,6.0,4.0,2.8181818181818183,1.2644628099173554,2.0,66.0,207.0,141.0,108.22727272727273,46.066115702479344,66.0,0.98,3.44,2.46,2.394545454545455,1.140495867768595,3.44,1.0,2.0,1.0,1.6818181818181819,0.43388429752066104,2.0,0.0,4.0,4.0,2.1818181818181817,1.9834710743801656,4.0,0.0,4.0,4.0,0.5,0.7727272727272727,0.0,0.0,0.0,0.0,0.0,0.0,0.0,1.0,6.0,5.0,4.363636363636363,1.9008264462809918,6.0,0.0,1.0,1.0,0.3181818181818182,0.43388429752066116,0.0,0.0,2.0,2.0,1.0909090909090908,0.9917355371900828,2.0,0.0,9.0,9.0,1.7727272727272727,2.739669421487603,0.0,0.0,0.0,0.0,0.0,0.0,0.0,1.0,9.0,8.0,3.1818181818181817,2.28099173553719,2.0,9.105,36.8975,27.7925,15.421780303022727,6.891033057842975,9.105,0.0,0.0,0.0,0.0,0.0,0.0,0.0,0.0,0.0,0.0,0.0,0.0,12.0,229.0,217.0,105.86363636363636,102.39669421487605,12.0
-5.2927305819016,2,3.0,57.0,54.0,17.454545454545453,16.884297520661157,8.0,1.0,87.0,86.0,57.18181818181818,37.586776859504134,87.0,6.941,138.90547,131.96447,40.315191363636366,41.69640483471074,15.9994,54.8,1193.0,1138.2,377.8459090909091,352.4137190082645,54.8,1.0,16.0,15.0,10.727272727272727,6.52892561983471,16.0,2.0,6.0,4.0,2.8181818181818183,1.2644628099173554,2.0,66.0,207.0,141.0,105.95454545454545,43.586776859504134,66.0,0.98,3.44,2.46,2.4354545454545455,1.0958677685950413,3.44,1.0,2.0,1.0,1.7727272727272727,0.3512396694214876,2.0,0.0,4.0,4.0,2.4545454545454546,1.7851239669421488,4.0,0.0,10.0,10.0,1.0454545454545454,1.6280991735537191,0.0,0.0,0.0,0.0,0.0,0.0,0.0,1.0,15.0,14.0,5.2727272727272725,2.56198347107438,6.0,0.0,1.0,1.0,0.22727272727272727,0.3512396694214876,0.0,0.0,3.0,3.0,1.3636363636363635,0.9917355371900828,2.0,0.0,9.0,9.0,1.2272727272727273,2.1198347107438016,0.0,0.0,0.0,0.0,0.0,0.0,0.0,1.0,9.0,8.0,2.8181818181818183,1.7190082644628104,2.0,9.105,36.8975,27.7925,16.638143939386364,8.23834366391529,9.105,0.0,0.0,0.0,0.0,0.0,0.0,0.0,0.0,0.0,0.0,0.0,0.0,12.0,229.0,217.0,100.13636363636364,96.14876033057853,12.0
-6.886056647693163,1,3.0,60.0,57.0,17.863636363636363,17.516528925619834,8.0,1.0,87.0,86.0,58.0,36.54545454545455,87.0,6.941,144.242,137.301,41.0429,42.821045454545455,15.9994,54.8,1294.0,1239.2,391.61863636363637,367.4385123966942,54.8,1.0,16.0,15.0,10.727272727272727,6.52892561983471,16.0,2.0,6.0,4.0,2.8181818181818183,1.2644628099173554,2.0,66.0,201.0,135.0,105.13636363636364,42.69421487603306,66.0,0.98,3.44,2.46,2.440909090909091,1.0899173553719008,3.44,1.0,2.0,1.0,1.7727272727272727,0.3512396694214876,2.0,0.0,4.0,4.0,2.4545454545454546,1.7851239669421488,4.0,0.0,10.0,10.0,0.9090909090909091,1.652892561983471,0.0,0.0,4.0,4.0,0.5454545454545454,0.9421487603305785,0.0,1.0,15.0,14.0,5.681818181818182,2.128099173553719,6.0,0.0,1.0,1.0,0.22727272727272727,0.3512396694214876,0.0,0.0,3.0,3.0,1.3636363636363635,0.9917355371900828,2.0,0.0,0.0,0.0,0.0,0.0,0.0,0.0,10.0,10.0,1.3636363636363635,2.355371900826446,0.0,1.0,10.0,9.0,2.9545454545454546,1.9297520661157024,2.0,9.105,34.81,25.705000000000002,16.353484848477272,7.907438016520661,9.105,0.0,0.0,0.0,0.0,0.0,0.0,0.0,0.0,0.0,0.0,0.0,0.0,12.0,229.0,217.0,100.13636363636364,96.14876033057853,12.0
-4.1944991418416,1,3.0,57.0,54.0,16.414414414414413,15.380894407921433,8.0,1.0,87.0,86.0,53.0945945945946,36.65449233016801,87.0,6.941,138.90547,131.96447,37.39707734234234,37.40033606200795,15.9994,54.8,2750.0,2695.2,540.5715315315316,565.8596704812921,54.8,1.0,16.0,15.0,9.72972972972973,6.778670562454346,16.0,2.0,6.0,4.0,2.810810810810811,1.256391526661797,2.0,66.0,207.0,141.0,108.52252252252252,45.97029461894327,66.0,0.98,3.44,2.46,2.38009009009009,1.1458485512539567,3.44,1.0,2.0,1.0,1.6801801801801801,0.43507020534047564,2.0,0.0,4.0,4.0,2.1621621621621623,1.9868517165814465,4.0,0.0,4.0,4.0,0.48198198198198194,0.7468549630711793,0.0,0.0,0.0,0.0,0.0,0.0,0.0,1.0,6.0,5.0,4.324324324324325,1.9271974677380084,6.0,0.0,1.0,1.0,0.31981981981981983,0.4350702053404755,0.0,0.0,2.0,2.0,1.0810810810810811,0.9934258582907233,2.0,0.0,9.0,9.0,1.7702702702702702,2.743121499878257,0.0,0.0,0.0,0.0,0.0,0.0,0.0,1.0,9.0,8.0,3.1711711711711716,2.283256229202175,2.0,9.105,36.8975,27.7925,15.496231231223424,6.909439168890188,9.105,0.0,0.0,0.0,0.0,0.0,0.0,0.0,0.0,0.0,0.0,0.0,0.0,12.0,229.0,217.0,106.81531531531533,102.50304358412467,12.0
-5.130181792020672,1,3.0,73.0,70.0,19.258426966292134,19.81643731852039,8.0,1.0,87.0,86.0,53.17977528089887,36.48024239363717,87.0,6.941,180.94788,174.00688,45.24272370786517,49.61833114253251,15.9994,54.8,3290.0,3235.2,591.0212359550562,643.2039388966041,54.8,1.0,16.0,15.0,9.707865168539326,6.787021840676682,16.0,2.0,6.0,4.0,2.898876404494382,1.39376341371039,2.0,66.0,215.0,149.0,109.07865168539325,46.466860244918564,66.0,0.89,3.44,2.55,2.3673033707865168,1.1570660270167907,3.44,1.0,2.0,1.0,1.7640449438202248,0.36056053528594867,2.0,0.0,4.0,4.0,2.157303370786517,1.9876278247695998,4.0,0.0,3.0,3.0,0.39325842696629215,0.6186087615200101,0.0,0.0,14.0,14.0,1.2584269662921348,2.2906198712283805,0.0,1.0,19.0,18.0,5.573033707865169,2.8743845474056307,6.0,0.0,1.0,1.0,0.23595505617977527,0.36056053528594867,0.0,0.0,2.0,2.0,1.0786516853932584,0.9938139123847999,2.0,0.0,9.0,9.0,1.7415730337078652,2.739553086731473,0.0,0.0,0.0,0.0,0.0,0.0,0.0,0.0,9.0,9.0,3.056179775280899,2.1782603206665825,2.0,9.105,63.59,54.485,15.729466292126967,7.145491730833581,9.105,0.0,0.0,0.0,0.0,0.0,0.0,0.0,0.0,0.0,0.0,0.0,0.0,12.0,229.0,217.0,107.64044943820225,103.16273197828558,12.0
-5.148130399270234,1,3.0,73.0,70.0,19.15919282511211,19.690944921474394,8.0,1.0,87.0,86.0,52.939461883408065,36.65708138108548,87.0,6.941,180.94788,174.00688,44.9687931838565,49.25381363952623,15.9994,54.8,3290.0,3235.2,579.7940358744395,624.9578314464397,54.8,1.0,16.0,15.0,9.68609865470852,6.795230147398901,16.0,2.0,6.0,4.0,2.8968609865470847,1.3915421584990646,2.0,66.0,207.0,141.0,109.21973094170404,46.51450863681152,66.0,0.98,3.44,2.46,2.3643273542600896,1.157674596312011,3.44,1.0,2.0,1.0,1.7623318385650222,0.3623640129501901,2.0,0.0,4.0,4.0,2.1524663677130045,1.9883770033582011,4.0,0.0,3.0,3.0,0.3834080717488789,0.6000422288805324,0.0,0.0,14.0,14.0,1.201793721973094,2.1880190633232117,0.0,1.0,19.0,18.0,5.5,2.811659192825112,6.0,0.0,1.0,1.0,0.23766816143497757,0.36236401295019,0.0,0.0,2.0,2.0,1.0762331838565022,0.9941885016791006,2.0,0.0,9.0,9.0,1.7914798206278029,2.803706086991494,0.0,0.0,8.0,8.0,0.05381165919282511,0.10689939471937904,0.0,1.0,9.0,8.0,3.1591928251121075,2.2739045627299963,2.0,9.105,36.8975,27.7925,15.533796711501793,6.918884353185786,9.105,0.0,0.0,0.0,0.0,0.0,0.0,0.0,0.0,0.0,0.0,0.0,0.0,12.0,229.0,217.0,107.0964125560538,102.34591485853326,12.0
-4.17134010346468,1,3.0,57.0,54.0,16.28571428571429,15.283163265306124,8.0,1.0,87.0,86.0,52.47321428571429,36.99298469387755,87.0,6.941,138.90547,131.96447,37.107288571428576,37.16005545918368,15.9994,54.8,2750.0,2695.2,535.5502678571429,554.5579161352042,54.8,1.0,16.0,15.0,9.642857142857144,6.811224489795918,16.0,2.0,6.0,4.0,2.803571428571429,1.2484056122448983,2.0,66.0,207.0,141.0,108.81250000000001,45.870535714285715,66.0,0.98,3.44,2.46,2.3658928571428572,1.1508290816326532,3.44,1.0,2.0,1.0,1.6785714285714288,0.43622448979591827,2.0,0.0,4.0,4.0,2.142857142857143,1.989795918367347,4.0,0.0,4.0,4.0,0.46428571428571425,0.7213010204081634,0.0,0.0,0.0,0.0,0.0,0.0,0.0,1.0,6.0,5.0,4.285714285714286,1.951530612244898,6.0,0.0,1.0,1.0,0.32142857142857145,0.43622448979591844,0.0,0.0,2.0,2.0,1.0714285714285714,0.9948979591836735,2.0,0.0,9.0,9.0,1.7678571428571428,2.746492346938776,0.0,0.0,0.0,0.0,0.0,0.0,0.0,1.0,9.0,8.0,3.1607142857142856,2.2853954081632653,2.0,9.105,36.8975,27.7925,15.569352678563394,6.9260921556036354,9.105,0.0,0.0,0.0,0.0,0.0,0.0,0.0,0.0,0.0,0.0,0.0,0.0,12.0,229.0,217.0,107.75000000000003,102.58928571428572,12.0
-4.600326278518962,1,3.0,57.0,54.0,16.83006535947712,15.742321329403218,8.0,1.0,87.0,86.0,51.503267973856204,37.120765517535986,87.0,6.941,138.90547,131.96447,38.348648431372546,38.1518329155453,15.9994,54.8,2750.0,2695.2,565.8290196078431,587.1807356145072,54.8,1.0,16.0,15.0,9.483660130718953,6.814473065914817,16.0,2.0,6.0,4.0,2.856209150326797,1.298304071083771,2.0,66.0,207.0,141.0,110.75816993464052,46.805929343414924,66.0,0.98,3.44,2.46,2.3384313725490196,1.1519671921056003,3.44,1.0,2.0,1.0,1.6862745098039216,0.43060361399461744,2.0,0.0,4.0,4.0,2.091503267973856,1.9958135759750522,4.0,0.0,4.0,4.0,0.47712418300653586,0.7234824212909563,0.0,0.0,0.0,0.0,0.0,0.0,0.0,1.0,6.0,5.0,4.254901960784314,1.941817249775727,6.0,0.0,1.0,1.0,0.3137254901960784,0.43060361399461744,0.0,0.0,2.0,2.0,1.045751633986928,0.9979067879875261,2.0,0.0,9.0,9.0,1.9411764705882348,2.9434832756632066,0.0,0.0,0.0,0.0,0.0,0.0,0.0,1.0,9.0,8.0,3.300653594771241,2.4428211371694646,2.0,9.105,36.8975,27.7925,15.971862745090194,7.181032936042033,9.105,0.0,0.0,0.0,0.0,0.0,0.0,0.0,0.0,0.0,0.0,0.0,0.0,12.0,229.0,217.0,109.81699346405229,102.29228074672135,12.0
-4.85078088734462,1,3.0,73.0,70.0,19.066666666666666,19.65925925925926,8.0,1.0,87.0,86.0,52.55555555555556,36.74074074074073,87.0,6.941,180.94788,174.00688,44.79961044444444,49.22887846913579,15.9994,54.8,3290.0,3235.2,587.3508888888889,633.3996049382715,54.8,1.0,16.0,15.0,9.6,6.826666666666668,16.0,2.0,6.0,4.0,2.888888888888889,1.382716049382716,2.0,66.0,215.0,149.0,109.37777777777778,46.26962962962963,66.0,0.89,3.44,2.55,2.349555555555556,1.1631407407407408,3.44,1.0,2.0,1.0,1.7555555555555555,0.36938271604938266,2.0,0.0,4.0,4.0,2.1333333333333333,1.991111111111111,4.0,0.0,3.0,3.0,0.37777777777777777,0.6044444444444445,0.0,0.0,14.0,14.0,1.2444444444444445,2.2676543209876545,0.0,1.0,19.0,18.0,5.511111111111111,2.9195061728395064,6.0,0.0,1.0,1.0,0.24444444444444444,0.36938271604938266,0.0,0.0,2.0,2.0,1.0666666666666667,0.9955555555555555,2.0,0.0,9.0,9.0,1.6222222222222222,2.595555555555556,0.0,0.0,0.0,0.0,0.0,0.0,0.0,0.0,9.0,9.0,2.933333333333333,2.0711111111111107,2.0,9.105,63.59,54.485,16.035648148139998,7.392691358015999,9.105,0.0,0.0,0.0,0.0,0.0,0.0,0.0,0.0,0.0,0.0,0.0,0.0,12.0,229.0,217.0,109.37777777777778,103.86962962962963,12.0
-4.97469413473523,1,3.0,57.0,54.0,15.822222222222223,14.612345679012348,8.0,1.0,87.0,86.0,52.44444444444444,36.859259259259254,87.0,6.941,138.90547,131.96447,35.899807888888894,35.38474116049383,15.9994,54.8,2750.0,2695.2,534.1234444444444,554.9923234567901,54.8,1.0,16.0,15.0,9.6,6.826666666666668,16.0,2.0,6.0,4.0,2.7777777777777777,1.2098765432098764,2.0,66.0,207.0,141.0,108.62222222222222,45.46370370370371,66.0,0.82,3.44,2.62,2.36,1.1520000000000001,3.44,1.0,2.0,1.0,1.6555555555555554,0.45160493827160497,2.0,0.0,4.0,4.0,2.1333333333333333,1.991111111111111,4.0,0.0,4.0,4.0,0.4777777777777778,0.7538271604938273,0.0,0.0,0.0,0.0,0.0,0.0,0.0,1.0,6.0,5.0,4.266666666666667,1.9792592592592593,6.0,0.0,1.0,1.0,0.34444444444444444,0.45160493827160497,0.0,0.0,2.0,2.0,1.0666666666666667,0.9955555555555555,2.0,0.0,9.0,9.0,1.6333333333333333,2.5770370370370372,0.0,0.0,0.0,0.0,0.0,0.0,0.0,1.0,9.0,8.0,3.0444444444444443,2.1590123456790122,2.0,9.105,73.1066666667,64.00166666669999,15.85013888888111,7.194814814806518,9.105,0.0,0.0,0.0,0.0,0.0,0.0,0.0,0.0,0.0,0.0,0.0,0.0,12.0,229.0,217.0,108.9888888888889,103.45481481481482,12.0
-4.619788758288394,1,3.0,57.0,54.0,16.333333333333332,15.407407407407407,8.0,1.0,87.0,86.0,52.86666666666667,36.90074074074074,87.0,6.941,138.90547,131.96447,37.25223888888889,37.48852271604938,15.9994,54.8,2750.0,2695.2,517.8592222222222,527.2594395061728,54.8,1.0,16.0,15.0,9.71111111111111,6.781234567901235,16.0,2.0,6.0,4.0,2.8,1.2444444444444445,2.0,66.0,207.0,141.0,108.42222222222222,45.25037037037037,66.0,0.98,3.44,2.46,2.365111111111111,1.146548148148148,3.44,1.0,2.0,1.0,1.6777777777777778,0.43679012345679014,2.0,0.0,4.0,4.0,2.1444444444444444,1.9792592592592593,4.0,0.0,10.0,10.0,0.5555555555555556,0.8641975308641976,0.0,0.0,0.0,0.0,0.0,0.0,0.0,1.0,13.0,12.0,4.377777777777778,2.0187654320987654,6.0,0.0,1.0,1.0,0.32222222222222224,0.4367901234567902,0.0,0.0,5.0,5.0,1.1222222222222222,1.0224691358024691,2.0,0.0,9.0,9.0,1.6666666666666667,2.6296296296296293,0.0,0.0,0.0,0.0,0.0,0.0,0.0,1.0,9.0,8.0,3.111111111111111,2.217283950617284,2.0,9.105,36.8975,27.7925,15.515370370362222,6.837728395053037,9.105,0.0,0.0,0.0,0.0,0.0,0.0,0.0,0.0,0.0,0.0,0.0,0.0,12.0,229.0,217.0,107.6,101.97333333333331,12.0
-4.037157318798758,1,3.0,57.0,54.0,16.22222222222222,15.234567901234568,8.0,1.0,87.0,86.0,52.166666666666664,37.15555555555556,87.0,6.941,138.90547,131.96447,36.96432611111111,37.04065839506173,15.9994,54.8,2750.0,2695.2,533.0731111111111,548.9675061728394,54.8,1.0,16.0,15.0,9.6,6.826666666666668,16.0,2.0,6.0,4.0,2.8,1.2444444444444445,2.0,66.0,207.0,141.0,108.95555555555555,45.81925925925926,66.0,0.98,3.44,2.46,2.358888888888889,1.153185185185185,3.44,1.0,2.0,1.0,1.6777777777777778,0.43679012345679014,2.0,0.0,4.0,4.0,2.1333333333333333,1.991111111111111,4.0,0.0,4.0,4.0,0.45555555555555555,0.708641975308642,0.0,0.0,0.0,0.0,0.0,0.0,0.0,1.0,6.0,5.0,4.266666666666667,1.9629629629629632,6.0,0.0,1.0,1.0,0.32222222222222224,0.4367901234567902,0.0,0.0,2.0,2.0,1.0666666666666667,0.9955555555555555,2.0,0.0,9.0,9.0,1.7666666666666666,2.748148148148148,0.0,0.0,0.0,0.0,0.0,0.0,0.0,1.0,9.0,8.0,3.1555555555555554,2.28641975308642,2.0,9.105,36.8975,27.7925,15.605425925917777,6.9337876543122965,9.105,0.0,0.0,0.0,0.0,0.0,0.0,0.0,0.0,0.0,0.0,0.0,0.0,12.0,229.0,217.0,108.21111111111111,102.62518518518519,12.0
-5.286509456906058,1,3.0,73.0,70.0,18.966666666666665,19.503703703703703,8.0,1.0,87.0,86.0,52.36666666666667,36.94222222222223,87.0,6.941,180.94788,174.00688,44.494822222222226,48.754763456790116,15.9994,54.8,3290.0,3235.2,570.0286666666667,606.4539259259259,54.8,1.0,16.0,15.0,9.6,6.826666666666668,16.0,2.0,6.0,4.0,2.888888888888889,1.382716049382716,2.0,66.0,207.0,141.0,109.5111111111111,46.41185185185185,66.0,0.98,3.44,2.46,2.3505555555555557,1.162074074074074,3.44,1.0,2.0,1.0,1.7555555555555555,0.36938271604938266,2.0,0.0,4.0,4.0,2.1333333333333333,1.991111111111111,4.0,0.0,3.0,3.0,0.36666666666666664,0.5785185185185184,0.0,0.0,14.0,14.0,1.1555555555555554,2.105679012345679,0.0,1.0,19.0,18.0,5.411111111111111,2.7995061728395063,6.0,0.0,1.0,1.0,0.24444444444444444,0.36938271604938266,0.0,0.0,2.0,2.0,1.0666666666666667,0.9955555555555555,2.0,0.0,9.0,9.0,1.7444444444444445,2.7523456790123455,0.0,0.0,8.0,8.0,0.08888888888888889,0.17580246913580247,0.0,1.0,9.0,8.0,3.1444444444444444,2.269135802469136,2.0,9.105,36.8975,27.7925,15.610370370362224,6.93906172838637,9.105,0.0,0.0,0.0,0.0,0.0,0.0,0.0,0.0,0.0,0.0,0.0,0.0,12.0,229.0,217.0,107.9,102.29333333333335,12.0
-4.667561540084395,1,3.0,73.0,70.0,18.777533039647576,19.31826738341516,8.0,1.0,87.0,86.0,51.80396475770925,37.211667216518855,87.0,6.941,180.94788,174.00688,44.02920317180617,48.26082785382989,15.9994,54.8,3290.0,3235.2,560.4353744493392,588.2002755729783,54.8,1.0,16.0,15.0,9.515418502202644,6.8559451959091,16.0,2.0,6.0,4.0,2.881057268722467,1.3739835820605872,2.0,66.0,207.0,141.0,109.79735682819383,46.3055755011741,66.0,0.98,3.44,2.46,2.3370264317180616,1.1661394554522697,3.44,1.0,2.0,1.0,1.7488986784140972,0.3760988957674319,2.0,0.0,4.0,4.0,2.1145374449339207,1.9934405868540048,4.0,0.0,3.0,3.0,0.3502202643171806,0.5569582177026529,0.0,0.0,14.0,14.0,1.1101321585903081,2.024646315666906,0.0,1.0,19.0,18.0,5.323788546255506,2.7856352733412253,6.0,0.0,1.0,1.0,0.2511013215859031,0.37609889576743194,0.0,0.0,2.0,2.0,1.0572687224669604,0.9967202934270024,2.0,0.0,9.0,9.0,1.698237885462555,2.7007219235770146,0.0,0.0,8.0,8.0,0.12334801762114538,0.24289235187952415,0.0,1.0,9.0,8.0,3.1299559471365637,2.2643365871645096,2.0,9.105,36.8975,27.7925,15.685594713648017,6.957456965971471,9.105,0.0,0.0,0.0,0.0,0.0,0.0,0.0,0.0,0.0,0.0,0.0,0.0,12.0,229.0,217.0,108.68942731277534,102.22670729104,12.0
-3.309803919971486,1,3.0,74.0,71.0,16.103827540695114,15.222773355186817,8.0,1.0,87.0,86.0,52.197536295644525,37.22289529391976,87.0,6.941,183.84,176.899,36.87738363554773,37.33786517651986,15.9994,54.8,3695.0,3640.2,492.3079190497141,481.38931153197825,54.8,1.0,16.0,15.0,9.573251209854817,6.864227027468539,16.0,2.0,6.0,4.0,2.781346238451386,1.2182538799259617,2.0,66.0,207.0,141.0,109.09018917729871,45.49778003762294,66.0,0.98,3.44,2.46,2.3400439947206335,1.1618531513129995,3.44,1.0,2.0,1.0,1.7483501979762428,0.37664435833032195,2.0,0.0,4.0,4.0,2.123185217773867,1.9816786085977645,4.0,0.0,4.0,4.0,0.3079630444346678,0.4872129818684846,0.0,0.0,14.0,14.0,0.1539815222173339,0.3045758574083296,0.0,1.0,20.0,19.0,4.333479982402111,2.104256068242335,6.0,0.0,1.0,1.0,0.25164980202375714,0.37664435833032184,0.0,0.0,5.0,5.0,1.1130664320281567,1.0254118383928552,2.0,0.0,9.0,9.0,1.781786185657721,2.818875109381947,0.0,0.0,0.0,0.0,0.0,0.0,0.0,1.0,9.0,8.0,3.1465024197096345,2.290895105785722,2.0,9.105,36.8975,27.7925,15.748181551538757,7.014357995465473,9.105,0.0,0.0,0.0,0.0,0.0,0.0,0.0,0.0,0.0,0.0,0.0,0.0,12.0,229.0,217.0,107.46282446106467,100.79664703324029,12.0
-3.0443122496864943,1,3.0,73.0,70.0,16.742304309586633,16.164334076698932,8.0,1.0,87.0,86.0,51.83553210202286,37.11289487913154,87.0,6.941,180.94788,174.00688,38.5162924362357,39.704915375446035,15.9994,54.8,3290.0,3235.2,513.5347669305189,514.3646583419002,54.8,1.0,16.0,15.0,9.465259454705365,6.8968237945062105,16.0,2.0,6.0,4.0,2.8135444151275286,1.2693296327495476,2.0,66.0,207.0,141.0,109.72823218997361,46.15116853823073,66.0,0.98,3.44,2.46,2.328504837291117,1.1730819659196652,3.44,1.0,2.0,1.0,1.7475813544415126,0.377406945865812,2.0,0.0,4.0,4.0,2.1108179419525066,1.993859691870705,4.0,0.0,3.0,3.0,0.32981530343007914,0.5145930943579248,0.0,0.0,14.0,14.0,0.3078276165347405,0.6021183985692725,0.0,1.0,19.0,18.0,4.496042216358839,2.2251075018042665,6.0,0.0,1.0,1.0,0.25241864555848725,0.377406945865812,0.0,0.0,2.0,2.0,1.0554089709762533,0.9969298459353525,2.0,0.0,9.0,9.0,1.8689533861037817,2.9160275346949067,0.0,0.0,0.0,0.0,0.0,0.0,0.0,1.0,9.0,8.0,3.1767810026385224,2.3409054517860497,2.0,9.105,36.8975,27.7925,15.789390208141686,7.054765391178562,9.105,0.0,0.0,0.0,0.0,0.0,0.0,0.0,0.0,0.0,0.0,0.0,0.0,12.0,229.0,217.0,107.56200527704485,100.8569976538732,12.0
-4.928117992693875,1,3.0,73.0,70.0,18.59170305676856,19.13462748612727,8.0,1.0,87.0,86.0,51.25109170305677,37.466104765355354,87.0,6.941,180.94788,174.00688,43.571717205240176,47.7719683819912,15.9994,54.8,3290.0,3235.2,551.0096506550219,570.1922922903835,54.8,1.0,16.0,15.0,9.43231441048035,6.883163936614482,16.0,2.0,6.0,4.0,2.873362445414848,1.365343910299194,2.0,66.0,207.0,141.0,110.07860262008735,46.19591540969852,66.0,0.98,3.44,2.46,2.3237336244541487,1.1698861577773116,3.44,1.0,2.0,1.0,1.74235807860262,0.3825251234720925,2.0,0.0,4.0,4.0,2.096069868995633,1.9953852901355809,4.0,0.0,3.0,3.0,0.3340611353711791,0.5353730859442041,0.0,0.0,14.0,14.0,1.0655021834061136,1.9448904483133425,0.0,1.0,19.0,18.0,5.237991266375547,2.7701416830342676,6.0,0.0,1.0,1.0,0.25764192139737996,0.3825251234720925,0.0,0.0,2.0,2.0,1.0480349344978166,0.9976926450677904,2.0,0.0,9.0,9.0,1.6528384279475985,2.6488720657500817,0.0,0.0,8.0,8.0,0.1572052401746725,0.3082321084647509,0.0,1.0,9.0,8.0,3.1157205240174672,2.2595106882019795,2.0,9.105,36.8975,27.7925,15.759505094605679,6.974153810940448,9.105,0.0,0.0,0.0,0.0,0.0,0.0,0.0,0.0,0.0,0.0,0.0,0.0,12.0,229.0,217.0,109.4650655021834,102.1467935394062,12.0
-7.301029995663981,1,3.0,13.0,10.0,6.0,3.0,3.0,1.0,82.0,81.0,40.0,39.0,1.0,6.941,26.9815386,20.0405386,12.6363231,5.6953231,6.941,63.05,933.47,870.4200000000001,403.44,226.92666666666665,453.69,1.0,15.0,14.0,7.666666666666667,6.666666666666667,1.0,2.0,3.0,1.0,2.1666666666666665,0.2777777777777777,2.0,71.0,128.0,57.0,107.83333333333333,24.555555555555557,128.0,0.98,3.04,2.06,1.7716666666666665,0.8455555555555555,0.98,1.0,2.0,1.0,1.5,0.5,1.0,0.0,3.0,3.0,1.1666666666666667,1.2222222222222223,0.0,0.0,0.0,0.0,0.0,0.0,0.0,0.0,0.0,0.0,0.0,0.0,0.0,1.0,5.0,4.0,2.6666666666666665,1.6666666666666667,1.0,0.0,1.0,1.0,0.5,0.5,1.0,0.0,5.0,5.0,1.8333333333333333,1.8333333333333337,0.0,0.0,0.0,0.0,0.0,0.0,0.0,0.0,0.0,0.0,0.0,0.0,0.0,1.0,5.0,4.0,2.3333333333333335,1.3333333333333333,1.0,14.76875,16.5933333333,1.824583333299998,15.966249999983333,0.7983333333222215,16.5933333333,0.0,6.437,6.437,2.1456666666666666,2.8608888888888893,0.0,0.0,0.0,0.0,0.0,0.0,0.0,194.0,229.0,35.0,216.66666666666666,15.111111111111114,229.0
-5.1487416512809245,1,3.0,73.0,70.0,18.304347826086957,18.73724007561437,8.0,1.0,87.0,86.0,51.32608695652174,37.22495274102079,87.0,6.941,180.94788,174.00688,42.861695652173914,46.77145406427221,15.9994,54.8,3290.0,3235.2,581.3365217391304,616.0275992438563,54.8,1.0,16.0,15.0,9.391304347826088,6.896030245746692,16.0,2.0,6.0,4.0,2.847826086956522,1.3270321361058603,2.0,66.0,215.0,149.0,109.52173913043478,45.413988657844996,66.0,0.89,3.44,2.55,2.316521739130435,1.1723251417769376,3.44,1.0,2.0,1.0,1.7391304347826086,0.3856332703213611,2.0,0.0,4.0,4.0,2.0869565217391304,1.9962192816635163,4.0,0.0,3.0,3.0,0.34782608695652173,0.5746691871455577,0.0,0.0,14.0,14.0,1.2173913043478262,2.223062381852552,0.0,1.0,19.0,18.0,5.391304347826087,3.0018903591682418,6.0,0.0,1.0,1.0,0.2608695652173913,0.385633270321361,0.0,0.0,2.0,2.0,1.0434782608695652,0.9981096408317581,2.0,0.0,9.0,9.0,1.391304347826087,2.2986767485822304,0.0,0.0,0.0,0.0,0.0,0.0,0.0,0.0,9.0,9.0,2.6956521739130435,1.8449905482041589,2.0,9.105,63.59,54.485,16.42456521738261,7.637807183355765,9.105,0.0,0.0,0.0,0.0,0.0,0.0,0.0,0.0,0.0,0.0,0.0,0.0,12.0,229.0,217.0,112.65217391304348,105.02835538752363,12.0
-5.221848749616356,1,3.0,57.0,54.0,15.91304347826087,14.994328922495274,8.0,1.0,87.0,86.0,51.26086956521739,37.2930056710775,87.0,6.941,138.90547,131.96447,36.286500000000004,36.479843478260875,15.9994,54.8,2750.0,2695.2,533.2930434782609,540.8291115311908,54.8,1.0,16.0,15.0,9.391304347826088,6.896030245746692,16.0,2.0,6.0,4.0,2.782608695652174,1.2249527410207939,2.0,66.0,215.0,149.0,109.43478260869566,45.32325141776937,66.0,0.89,3.44,2.55,2.323913043478261,1.1646124763705104,3.44,1.0,2.0,1.0,1.6521739130434783,0.45368620037807184,2.0,0.0,4.0,4.0,2.0869565217391304,1.9962192816635163,4.0,0.0,4.0,4.0,0.43478260869565216,0.718336483931947,0.0,0.0,0.0,0.0,0.0,0.0,0.0,1.0,6.0,5.0,4.173913043478261,2.0491493383742907,6.0,0.0,1.0,1.0,0.34782608695652173,0.45368620037807184,0.0,0.0,2.0,2.0,1.0434782608695652,0.9981096408317581,2.0,0.0,9.0,9.0,1.3043478260869565,2.155009451795841,0.0,0.0,0.0,0.0,0.0,0.0,0.0,0.0,9.0,9.0,2.6956521739130435,1.8449905482041589,2.0,9.105,63.59,54.485,16.633260869556523,7.876408317584122,9.105,0.0,0.0,0.0,0.0,0.0,0.0,0.0,0.0,0.0,0.0,0.0,0.0,12.0,229.0,217.0,112.73913043478261,105.11909262759924,12.0
-4.772113295386326,5,3.0,73.0,70.0,18.695652173913043,19.349716446124763,8.0,1.0,87.0,86.0,51.34782608695652,37.20226843100189,87.0,6.941,180.94788,174.00688,43.942282608695656,48.46280756143668,15.9994,54.8,3290.0,3235.2,580.2495652173913,614.3262759924386,54.8,1.0,16.0,15.0,9.391304347826088,6.896030245746692,16.0,2.0,6.0,4.0,2.869565217391304,1.3610586011342154,2.0,66.0,215.0,149.0,109.95652173913044,45.86767485822306,66.0,0.89,3.44,2.55,2.3152173913043477,1.1736862003780717,3.44,1.0,2.0,1.0,1.7391304347826086,0.3856332703213611,2.0,0.0,4.0,4.0,2.0869565217391304,1.9962192816635163,4.0,0.0,3.0,3.0,0.34782608695652173,0.5746691871455577,0.0,0.0,14.0,14.0,1.2173913043478262,2.223062381852552,0.0,1.0,19.0,18.0,5.391304347826087,3.0018903591682418,6.0,0.0,1.0,1.0,0.2608695652173913,0.3856332703213611,0.0,0.0,2.0,2.0,1.0434782608695652,0.9981096408317581,2.0,0.0,9.0,9.0,1.391304347826087,2.298676748582231,0.0,0.0,0.0,0.0,0.0,0.0,0.0,0.0,9.0,9.0,2.6956521739130435,1.8449905482041589,2.0,9.105,63.59,54.485,16.628043478252174,7.868241965977315,9.105,0.0,0.0,0.0,0.0,0.0,0.0,0.0,0.0,0.0,0.0,0.0,0.0,12.0,229.0,217.0,112.73913043478261,105.11909262759924,12.0
-5.795880017344075,1,3.0,57.0,54.0,14.347826086956522,12.544423440453684,8.0,1.0,87.0,86.0,51.17391304347826,37.38374291115312,87.0,6.941,138.90547,131.96447,32.058282608695656,29.861764083175807,15.9994,54.8,2750.0,2695.2,538.2930434782609,548.6551984877126,54.8,1.0,16.0,15.0,9.391304347826088,6.896030245746692,16.0,2.0,6.0,4.0,2.6956521739130435,1.0888468809073724,2.0,66.0,207.0,141.0,107.73913043478261,43.55387523629489,66.0,0.98,3.44,2.46,2.3286956521739133,1.1596219281663516,3.44,1.0,2.0,1.0,1.6521739130434783,0.45368620037807184,2.0,0.0,4.0,4.0,2.0869565217391304,1.9962192816635163,4.0,0.0,4.0,4.0,0.43478260869565216,0.718336483931947,0.0,0.0,0.0,0.0,0.0,0.0,0.0,1.0,6.0,5.0,4.173913043478261,2.0491493383742907,6.0,0.0,1.0,1.0,0.34782608695652173,0.45368620037807184,0.0,0.0,2.0,2.0,1.0434782608695652,0.9981096408317581,2.0,0.0,9.0,9.0,1.3043478260869565,2.155009451795841,0.0,0.0,0.0,0.0,0.0,0.0,0.0,0.0,9.0,9.0,2.6956521739130435,1.8449905482041589,2.0,9.105,37.77,28.665000000000003,15.510652173904349,6.684158790161058,9.105,0.0,0.0,0.0,0.0,0.0,0.0,0.0,0.0,0.0,0.0,0.0,0.0,12.0,229.0,217.0,112.56521739130434,104.937618147448,12.0
-5.657577319177793,2,3.0,73.0,70.0,17.130434782608695,16.899810964083173,8.0,1.0,87.0,86.0,51.26086956521739,37.2930056710775,87.0,6.941,180.94788,174.00688,39.7140652173913,41.84472816635161,15.9994,54.8,3290.0,3235.2,585.2495652173913,622.1523629489603,54.8,1.0,16.0,15.0,9.391304347826088,6.896030245746692,16.0,2.0,6.0,4.0,2.782608695652174,1.2249527410207939,2.0,66.0,207.0,141.0,108.26086956521739,44.098298676748584,66.0,0.98,3.44,2.46,2.32,1.168695652173913,3.44,1.0,2.0,1.0,1.7391304347826086,0.3856332703213611,2.0,0.0,4.0,4.0,2.0869565217391304,1.9962192816635163,4.0,0.0,3.0,3.0,0.34782608695652173,0.5746691871455577,0.0,0.0,14.0,14.0,1.2173913043478262,2.223062381852552,0.0,1.0,19.0,18.0,5.391304347826087,3.0018903591682418,6.0,0.0,1.0,1.0,0.2608695652173913,0.3856332703213611,0.0,0.0,2.0,2.0,1.0434782608695652,0.9981096408317581,2.0,0.0,9.0,9.0,1.391304347826087,2.298676748582231,0.0,0.0,0.0,0.0,0.0,0.0,0.0,0.0,9.0,9.0,2.6956521739130435,1.8449905482041589,2.0,9.105,37.77,28.665000000000003,15.505434782600002,6.678714555756521,9.105,0.0,0.0,0.0,0.0,0.0,0.0,0.0,0.0,0.0,0.0,0.0,0.0,12.0,229.0,217.0,112.56521739130434,104.937618147448,12.0
-5.876148359032914,1,3.0,57.0,54.0,14.347826086956522,12.544423440453684,8.0,1.0,87.0,86.0,51.17391304347826,37.38374291115312,87.0,6.941,138.90547,131.96447,32.058282608695656,29.861764083175807,15.9994,54.8,2750.0,2695.2,538.2930434782609,548.6551984877126,54.8,1.0,16.0,15.0,9.391304347826088,6.896030245746692,16.0,2.0,6.0,4.0,2.6956521739130435,1.0888468809073724,2.0,66.0,207.0,141.0,107.73913043478261,43.55387523629489,66.0,0.98,3.44,2.46,2.3286956521739133,1.1596219281663516,3.44,1.0,2.0,1.0,1.6521739130434783,0.45368620037807184,2.0,0.0,4.0,4.0,2.0869565217391304,1.9962192816635163,4.0,0.0,4.0,4.0,0.43478260869565216,0.718336483931947,0.0,0.0,0.0,0.0,0.0,0.0,0.0,1.0,6.0,5.0,4.173913043478261,2.0491493383742916,6.0,0.0,1.0,1.0,0.34782608695652173,0.45368620037807184,0.0,0.0,2.0,2.0,1.0434782608695652,0.9981096408317581,2.0,0.0,9.0,9.0,1.3043478260869565,2.155009451795841,0.0,0.0,0.0,0.0,0.0,0.0,0.0,0.0,9.0,9.0,2.6956521739130435,1.8449905482041589,2.0,9.105,37.77,28.665000000000003,15.510652173904347,6.684158790161058,9.105,0.0,0.0,0.0,0.0,0.0,0.0,0.0,0.0,0.0,0.0,0.0,0.0,12.0,229.0,217.0,112.56521739130434,104.937618147448,12.0
-4.698970004336019,1,3.0,83.0,80.0,18.782608695652176,19.485822306238187,8.0,1.0,87.0,86.0,54.608695652173914,39.25897920604915,87.0,6.941,208.9804,202.0394,44.218719130434785,48.89549081285445,15.9994,54.8,1193.0,1138.2,343.675652173913,301.4354631379962,54.8,1.0,16.0,15.0,10.26086956521739,6.8128544423440465,16.0,2.0,6.0,4.0,2.8260869565217392,1.2930056710775049,2.0,66.0,207.0,141.0,107.17391304347827,42.9640831758034,66.0,0.95,3.44,2.49,2.36304347826087,1.1237807183364839,3.44,1.0,2.0,1.0,1.7391304347826086,0.3856332703213611,2.0,0.0,4.0,4.0,2.347826086956522,1.837429111531191,4.0,0.0,10.0,10.0,0.9565217391304348,1.5803402646502835,0.0,0.0,14.0,14.0,1.2173913043478262,2.223062381852552,0.0,1.0,29.0,28.0,6.260869565217392,3.9546313799621937,6.0,0.0,1.0,1.0,0.2608695652173913,0.3856332703213611,0.0,0.0,3.0,3.0,1.3043478260869565,1.0207939508506616,2.0,0.0,9.0,9.0,0.782608695652174,1.4291115311909264,0.0,0.0,0.0,0.0,0.0,0.0,0.0,0.0,9.0,9.0,2.347826086956522,1.2703213610586015,2.0,9.105,54.23,45.125,17.510652173904347,9.249716446128545,9.105,0.0,0.0,0.0,0.0,0.0,0.0,0.0,0.0,0.0,0.0,0.0,0.0,12.0,229.0,217.0,93.69565217391305,99.4555765595463,12.0
-5.432973633840939,1,3.0,57.0,54.0,15.130434782608695,13.76937618147448,8.0,1.0,87.0,86.0,51.21739130434783,37.338374291115315,87.0,6.941,138.90547,131.96447,34.12532608695653,33.09713648393195,15.9994,54.8,2750.0,2695.2,535.4669565217391,544.2317580340265,54.8,1.0,16.0,15.0,9.391304347826088,6.896030245746692,16.0,2.0,6.0,4.0,2.739130434782609,1.1568998109640831,2.0,66.0,207.0,141.0,108.56521739130434,44.41587901701323,66.0,0.95,3.44,2.49,2.326521739130435,1.161890359168242,3.44,1.0,2.0,1.0,1.6521739130434783,0.45368620037807184,2.0,0.0,4.0,4.0,2.0869565217391304,1.9962192816635163,4.0,0.0,4.0,4.0,0.43478260869565216,0.718336483931947,0.0,0.0,0.0,0.0,0.0,0.0,0.0,1.0,6.0,5.0,4.173913043478261,2.0491493383742916,6.0,0.0,1.0,1.0,0.34782608695652173,0.45368620037807184,0.0,0.0,2.0,2.0,1.0434782608695652,0.9981096408317581,2.0,0.0,9.0,9.0,1.3043478260869565,2.155009451795841,0.0,0.0,0.0,0.0,0.0,0.0,0.0,0.0,9.0,9.0,2.6956521739130435,1.8449905482041589,2.0,9.105,54.23,45.125,16.22630434781739,7.4309262759833645,9.105,0.0,0.0,0.0,0.0,0.0,0.0,0.0,0.0,0.0,0.0,0.0,0.0,12.0,229.0,217.0,112.56521739130434,104.937618147448,12.0
-3.72584215073632,1,3.0,57.0,54.0,15.91304347826087,14.994328922495274,8.0,1.0,87.0,86.0,50.67391304347826,37.9054820415879,87.0,6.941,138.90547,131.96447,36.268161086956525,36.451139092627606,15.9994,54.8,2750.0,2695.2,521.0104347826087,521.6041587901701,54.8,1.0,16.0,15.0,9.391304347826088,6.896030245746692,16.0,2.0,6.0,4.0,2.782608695652174,1.2249527410207939,2.0,66.0,207.0,141.0,109.65217391304348,45.550094517958414,66.0,0.98,3.44,2.46,2.324782608695652,1.1637051039697541,3.44,1.0,2.0,1.0,1.673913043478261,0.43950850661625707,2.0,0.0,4.0,4.0,2.0869565217391304,1.9962192816635163,4.0,0.0,4.0,4.0,0.41304347826086957,0.6465028355387524,0.0,0.0,0.0,0.0,0.0,0.0,0.0,1.0,6.0,5.0,4.173913043478261,2.0132325141776937,6.0,0.0,1.0,1.0,0.32608695652173914,0.4395085066162571,0.0,0.0,2.0,2.0,1.0434782608695652,0.9981096408317581,2.0,0.0,9.0,9.0,1.7608695652173914,2.7561436672967865,0.0,0.0,0.0,0.0,0.0,0.0,0.0,1.0,9.0,8.0,3.130434782608696,2.2911153119092633,2.0,9.105,36.8975,27.7925,15.781086956513043,6.96635160679622,9.105,0.0,0.0,0.0,0.0,0.0,0.0,0.0,0.0,0.0,0.0,0.0,0.0,12.0,229.0,217.0,110.45652173913044,102.73724007561435,12.0
-3.5850266520291822,1,3.0,57.0,54.0,16.347826086956523,15.674858223062381,8.0,1.0,87.0,86.0,52.95652173913044,38.31001890359168,87.0,6.941,138.90547,131.96447,37.53648739130435,38.43634548204159,15.9994,54.8,2128.0,2073.2,434.3704347826087,396.0734971644613,54.8,1.0,16.0,15.0,9.826086956521738,6.892249527410208,16.0,2.0,6.0,4.0,2.782608695652174,1.2249527410207939,2.0,66.0,207.0,141.0,108.47826086956522,44.32514177693762,66.0,0.98,3.44,2.46,2.3408695652173916,1.1469187145557656,3.44,1.0,2.0,1.0,1.7391304347826086,0.3856332703213611,2.0,0.0,4.0,4.0,2.217391304347826,1.9281663516068053,4.0,0.0,10.0,10.0,0.6521739130434783,1.0207939508506616,0.0,0.0,0.0,0.0,0.0,0.0,0.0,1.0,15.0,14.0,4.608695652173913,2.35538752362949,6.0,0.0,1.0,1.0,0.2608695652173913,0.3856332703213611,0.0,0.0,3.0,3.0,1.173913043478261,1.0207939508506616,2.0,0.0,9.0,9.0,1.5217391304347827,2.5141776937618148,0.0,0.0,0.0,0.0,0.0,0.0,0.0,1.0,9.0,8.0,2.9565217391304346,2.0189035916824194,2.0,9.105,36.8975,27.7925,16.272499999991304,7.479130434773535,9.105,0.0,0.0,0.0,0.0,0.0,0.0,0.0,0.0,0.0,0.0,0.0,0.0,12.0,229.0,217.0,106.95652173913044,99.08506616257087,12.0
-3.6259059864969,2,3.0,73.0,70.0,17.304347826086957,17.17202268431002,8.0,1.0,87.0,86.0,51.34782608695652,37.20226843100189,87.0,6.941,180.94788,174.00688,40.10987347826087,42.46425413988658,15.9994,54.8,3290.0,3235.2,538.1191304347826,548.3829867674858,54.8,1.0,16.0,15.0,9.391304347826088,6.896030245746693,16.0,2.0,6.0,4.0,2.8260869565217392,1.2930056710775049,2.0,66.0,207.0,141.0,109.82608695652173,45.73156899810963,66.0,0.98,3.44,2.46,2.3169565217391304,1.1718714555765595,3.44,1.0,2.0,1.0,1.7391304347826086,0.3856332703213611,2.0,0.0,4.0,4.0,2.0869565217391304,1.996219281663516,4.0,0.0,3.0,3.0,0.34782608695652173,0.5444234404536863,0.0,0.0,14.0,14.0,0.6086956521739131,1.164461247637051,0.0,1.0,19.0,18.0,4.782608695652174,2.506616257088847,6.0,0.0,1.0,1.0,0.2608695652173913,0.3856332703213611,0.0,0.0,2.0,2.0,1.0434782608695652,0.998109640831758,2.0,0.0,9.0,9.0,1.826086956521739,2.858223062381852,0.0,0.0,0.0,0.0,0.0,0.0,0.0,1.0,9.0,8.0,3.130434782608696,2.291115311909263,2.0,9.105,36.8975,27.7925,15.688152173904347,6.869376181465406,9.105,0.0,0.0,0.0,0.0,0.0,0.0,0.0,0.0,0.0,0.0,0.0,0.0,12.0,229.0,217.0,109.69565217391305,101.94328922495274,12.0
-5.376750709602099,1,3.0,57.0,54.0,15.130434782608695,13.76937618147448,8.0,1.0,87.0,86.0,51.21739130434783,37.338374291115315,87.0,6.941,138.90547,131.96447,34.12532608695653,33.09713648393195,15.9994,54.8,2750.0,2695.2,535.4669565217391,544.2317580340265,54.8,1.0,16.0,15.0,9.391304347826088,6.896030245746692,16.0,2.0,6.0,4.0,2.739130434782609,1.1568998109640831,2.0,66.0,207.0,141.0,108.56521739130434,44.41587901701323,66.0,0.95,3.44,2.49,2.326521739130435,1.161890359168242,3.44,1.0,2.0,1.0,1.6521739130434783,0.45368620037807184,2.0,0.0,4.0,4.0,2.0869565217391304,1.9962192816635163,4.0,0.0,4.0,4.0,0.43478260869565216,0.718336483931947,0.0,0.0,0.0,0.0,0.0,0.0,0.0,1.0,6.0,5.0,4.173913043478261,2.0491493383742907,6.0,0.0,1.0,1.0,0.34782608695652173,0.45368620037807184,0.0,0.0,2.0,2.0,1.0434782608695652,0.9981096408317581,2.0,0.0,9.0,9.0,1.3043478260869565,2.155009451795841,0.0,0.0,0.0,0.0,0.0,0.0,0.0,0.0,9.0,9.0,2.6956521739130435,1.8449905482041589,2.0,9.105,54.23,45.125,16.226304347817393,7.4309262759833645,9.105,0.0,0.0,0.0,0.0,0.0,0.0,0.0,0.0,0.0,0.0,0.0,0.0,12.0,229.0,217.0,112.56521739130434,104.937618147448,12.0
-5.200659450546418,1,3.0,57.0,54.0,16.0,15.130434782608695,8.0,1.0,87.0,86.0,54.52173913043478,39.19092627599244,87.0,6.941,138.90547,131.96447,36.63433652173913,37.02428325141777,15.9994,54.8,1193.0,1138.2,374.9260869565217,334.0446124763705,54.8,1.0,16.0,15.0,10.26086956521739,6.8128544423440465,16.0,2.0,6.0,4.0,2.739130434782609,1.1568998109640831,2.0,66.0,207.0,141.0,106.3913043478261,42.14744801512287,66.0,0.95,3.44,2.49,2.365652173913044,1.1210586011342156,3.44,1.0,2.0,1.0,1.7391304347826086,0.3856332703213611,2.0,0.0,4.0,4.0,2.347826086956522,1.837429111531191,4.0,0.0,10.0,10.0,0.9565217391304348,1.5803402646502835,0.0,0.0,0.0,0.0,0.0,0.0,0.0,1.0,15.0,14.0,5.043478260869565,2.7296786389413987,6.0,0.0,1.0,1.0,0.2608695652173913,0.3856332703213611,0.0,0.0,3.0,3.0,1.3043478260869565,1.0207939508506616,2.0,0.0,9.0,9.0,0.782608695652174,1.4291115311909264,0.0,0.0,0.0,0.0,0.0,0.0,0.0,0.0,9.0,9.0,2.347826086956522,1.2703213610586013,2.0,9.105,54.23,45.125,17.389782608686957,9.060529300570888,9.105,0.0,0.0,0.0,0.0,0.0,0.0,0.0,0.0,0.0,0.0,0.0,0.0,12.0,229.0,217.0,107.08695652173913,99.2211720226843,12.0
-5.267606240177032,3,3.0,73.0,70.0,17.91304347826087,18.12476370510397,8.0,1.0,87.0,86.0,51.30434782608695,37.247637051039696,87.0,6.941,180.94788,174.00688,41.78110869565217,45.08010056710775,15.9994,54.8,3290.0,3235.2,582.4234782608695,617.7289224952741,54.8,1.0,16.0,15.0,9.391304347826088,6.896030245746692,16.0,2.0,6.0,4.0,2.8260869565217392,1.2930056710775049,2.0,66.0,207.0,141.0,109.08695652173913,44.960302457466916,66.0,0.95,3.44,2.49,2.3178260869565217,1.1709640831758035,3.44,1.0,2.0,1.0,1.7391304347826086,0.3856332703213611,2.0,0.0,4.0,4.0,2.0869565217391304,1.9962192816635163,4.0,0.0,3.0,3.0,0.34782608695652173,0.5746691871455577,0.0,0.0,14.0,14.0,1.2173913043478262,2.223062381852552,0.0,1.0,19.0,18.0,5.391304347826087,3.0018903591682418,6.0,0.0,1.0,1.0,0.2608695652173913,0.3856332703213611,0.0,0.0,2.0,2.0,1.0434782608695652,0.9981096408317581,2.0,0.0,9.0,9.0,1.391304347826087,2.298676748582231,0.0,0.0,0.0,0.0,0.0,0.0,0.0,0.0,9.0,9.0,2.6956521739130435,1.8449905482041589,2.0,9.105,54.23,45.125,16.221086956513044,7.425482041578827,9.105,0.0,0.0,0.0,0.0,0.0,0.0,0.0,0.0,0.0,0.0,0.0,0.0,12.0,229.0,217.0,112.56521739130434,104.937618147448,12.0
-2.892790030352132,1,3.0,57.0,54.0,16.012875536480685,14.994197719611705,8.0,1.0,93.0,92.0,51.362660944206006,37.29677282690784,87.0,6.941,138.90547,131.96447,36.53136526351931,36.46399076107498,15.9994,53.5,2128.0,2074.5,485.53184549356223,464.1494225349518,54.8,1.0,17.0,16.0,9.377682403433477,6.916170863342482,16.0,2.0,6.0,4.0,2.793991416309013,1.230175542006668,2.0,57.0,207.0,150.0,110.13304721030045,45.613439186575555,66.0,0.98,3.98,3.0,2.305987124463519,1.1773523181491645,3.44,1.0,2.0,1.0,1.7403433476394852,0.3844701504908913,2.0,0.0,5.0,5.0,2.0793991416309012,1.9954686953158094,4.0,0.0,10.0,10.0,0.407725321888412,0.6317117648142349,0.0,0.0,0.0,0.0,0.0,0.0,0.0,1.0,13.0,12.0,4.227467811158799,2.031203374532594,6.0,0.0,1.0,1.0,0.259656652360515,0.3844701504908913,0.0,0.0,5.0,5.0,1.0751072961373391,1.021026358930907,2.0,0.0,9.0,9.0,1.8454935622317596,2.8989298016172707,0.0,0.0,0.0,0.0,0.0,0.0,0.0,1.0,9.0,8.0,3.180257510729614,2.36512000589438,2.0,9.105,36.8975,27.7925,15.947083333324677,7.037296137330141,9.105,0.0,1.97,1.97,0.016909871244635194,0.03352944427047837,0.0,0.0,0.0,0.0,0.0,0.0,0.0,12.0,229.0,217.0,107.98497854077252,99.76102893772219,12.0
-4.853871964321762,1,3.0,73.0,70.0,18.409090909090907,18.95277449822904,8.0,1.0,87.0,86.0,50.7077922077922,37.706189913982115,87.0,6.941,180.94788,174.00688,43.12215307359307,47.2881446434662,15.9994,54.8,3290.0,3235.2,541.7471428571429,552.4254792826221,54.8,1.0,16.0,15.0,9.35064935064935,6.908416259065609,16.0,2.0,6.0,4.0,2.8658008658008653,1.356796161990967,2.0,66.0,207.0,141.0,110.35497835497834,46.083094394782705,66.0,0.98,3.44,2.46,2.3106709956709954,1.173328835666498,3.44,1.0,2.0,1.0,1.7359307359307359,0.3886733756863627,2.0,0.0,4.0,4.0,2.0779220779220777,1.9969640748861526,4.0,0.0,3.0,3.0,0.3181818181818181,0.5137741046831955,0.0,0.0,14.0,14.0,1.0216450216450217,1.8663818144337623,0.0,1.0,19.0,18.0,5.153679653679653,2.753115571297389,6.0,0.0,1.0,1.0,0.26406926406926406,0.3886733756863627,0.0,0.0,2.0,2.0,1.0389610389610389,0.9984820374430763,2.0,0.0,9.0,9.0,1.608225108225108,2.5968310189089405,0.0,0.0,8.0,8.0,0.1904761904761905,0.37188208616780044,0.0,1.0,9.0,8.0,3.101731601731602,2.2546616442720335,2.0,9.105,36.8975,27.7925,15.832135642126838,6.989231835975937,9.105,0.0,0.0,0.0,0.0,0.0,0.0,0.0,0.0,0.0,0.0,0.0,0.0,12.0,229.0,217.0,110.22727272727272,102.05430932703658,12.0
-3.431798275933005,1,3.0,73.0,70.0,16.115631691648822,15.303797990728555,8.0,1.0,87.0,86.0,51.0813704496788,37.293985482990884,87.0,6.941,180.94788,174.00688,36.90242559828694,37.43753764527326,15.9994,54.8,3290.0,3235.2,503.639721627409,487.64603405031886,54.8,1.0,16.0,15.0,9.336188436830835,6.912077179500112,16.0,2.0,6.0,4.0,2.790149892933619,1.22837006910023,2.0,66.0,207.0,141.0,110.19914346895075,45.4295264777224,66.0,0.98,3.44,2.46,2.2968522483940044,1.1749698517577685,3.44,1.0,2.0,1.0,1.7366167023554602,0.38802507233285505,2.0,0.0,4.0,4.0,2.06423982869379,1.9896464287515645,4.0,0.0,3.0,3.0,0.310492505353319,0.4880117750092852,0.0,0.0,14.0,14.0,0.14989293361884368,0.2965761684449926,0.0,1.0,19.0,18.0,4.261241970021413,2.1027653847741057,6.0,0.0,1.0,1.0,0.2633832976445396,0.38802507233285494,0.0,0.0,5.0,5.0,1.070663811563169,1.0225183296727482,2.0,0.0,9.0,9.0,1.830835117773019,2.8775866733306126,0.0,0.0,0.0,0.0,0.0,0.0,0.0,1.0,9.0,8.0,3.164882226980728,2.3376969952634017,2.0,9.105,36.8975,27.7925,15.863758029969805,6.946903328448624,9.105,0.0,0.0,0.0,0.0,0.0,0.0,0.0,0.0,0.0,0.0,0.0,0.0,12.0,229.0,217.0,110.32548179871522,101.06259371174154,12.0
-3.3872161432802645,1,3.0,73.0,70.0,16.269807280513916,15.49010724979251,8.0,1.0,87.0,86.0,51.08993576017131,37.30216562962826,87.0,6.941,180.94788,174.00688,37.268519486081374,37.83671765930423,15.9994,54.8,3290.0,3235.2,498.2387794432549,482.595811801604,54.8,1.0,16.0,15.0,9.336188436830835,6.912077179500112,16.0,2.0,6.0,4.0,2.7987152034261236,1.2416857338059228,2.0,66.0,207.0,141.0,110.20770877944327,45.43833022298236,66.0,0.98,3.44,2.46,2.2985653104925055,1.173209102705776,3.44,1.0,2.0,1.0,1.7366167023554602,0.38802507233285505,2.0,0.0,4.0,4.0,2.06423982869379,1.9896464287515645,4.0,0.0,10.0,10.0,0.3961456102783726,0.6158494926383266,0.0,0.0,14.0,14.0,0.14989293361884368,0.2965761684449926,0.0,1.0,19.0,18.0,4.346895074946467,2.1611268793932754,6.0,0.0,1.0,1.0,0.2633832976445396,0.38802507233285494,0.0,0.0,5.0,5.0,1.070663811563169,1.0225183296727482,2.0,0.0,9.0,9.0,1.830835117773019,2.8775866733306126,0.0,0.0,0.0,0.0,0.0,0.0,0.0,1.0,9.0,8.0,3.164882226980728,2.3376969952634017,2.0,9.105,36.8975,27.7925,15.884122055665737,6.967834232804184,9.105,0.0,0.0,0.0,0.0,0.0,0.0,0.0,0.0,0.0,0.0,0.0,0.0,12.0,229.0,217.0,108.94646680942186,100.41515161241512,12.0
-3.211831628858832,1,3.0,73.0,70.0,16.017094017094017,15.172182043976917,8.0,1.0,87.0,86.0,50.965811965811966,37.334794360435396,87.0,6.941,180.94788,174.00688,36.64668776581197,37.08339719409745,15.9994,54.8,3290.0,3235.2,501.0500854700855,482.7891927825262,54.8,1.0,16.0,15.0,9.316239316239317,6.918109430929944,16.0,2.0,6.0,4.0,2.7863247863247866,1.2231718898385568,2.0,66.0,207.0,141.0,110.24786324786326,45.382423843962314,66.0,0.98,3.44,2.46,2.293675213675214,1.1757177295638834,3.44,1.0,2.0,1.0,1.7350427350427353,0.38950982540726115,2.0,0.0,4.0,4.0,2.05982905982906,1.9899189129958361,4.0,0.0,3.0,3.0,0.30769230769230765,0.48389217619986846,0.0,0.0,14.0,14.0,0.11965811965811968,0.2372708013733655,0.0,1.0,19.0,18.0,4.222222222222222,2.0759734093067426,6.0,0.0,1.0,1.0,0.26495726495726496,0.3895098254072613,0.0,0.0,5.0,5.0,1.0683760683760684,1.0227189714369203,2.0,0.0,9.0,9.0,1.829059829059829,2.8764701585214407,0.0,0.0,0.0,0.0,0.0,0.0,0.0,1.0,9.0,8.0,3.1623931623931627,2.338081671415005,2.0,9.105,36.8975,27.7925,15.876160968652137,6.944780480668858,9.105,0.0,0.0,0.0,0.0,0.0,0.0,0.0,0.0,0.0,0.0,0.0,0.0,12.0,229.0,217.0,110.50427350427351,101.03002410694721,12.0
-3.4685210829577446,1,3.0,57.0,54.0,15.793103448275861,14.899524375743162,8.0,1.0,87.0,86.0,50.8448275862069,37.40190249702734,87.0,6.941,138.90547,131.96447,36.03818146551725,36.28171574762188,15.9994,54.8,2896.0,2841.2,500.5464655172414,486.1610062425684,54.8,1.0,16.0,15.0,9.310344827586206,6.920332936979786,16.0,2.0,6.0,4.0,2.775862068965518,1.21730083234245,2.0,66.0,207.0,141.0,109.83620689655172,45.34780023781213,66.0,0.98,3.44,2.46,2.3124137931034485,1.1664684898929847,3.44,1.0,2.0,1.0,1.7155172413793103,0.40710463733650426,2.0,0.0,4.0,4.0,2.0689655172413794,1.9976218787158142,4.0,0.0,5.0,5.0,0.35344827586206895,0.5545481569560048,0.0,0.0,0.0,0.0,0.0,0.0,0.0,1.0,6.0,5.0,4.137931034482759,1.990487514863258,6.0,0.0,1.0,1.0,0.28448275862068967,0.40710463733650426,0.0,0.0,2.0,2.0,1.0344827586206897,0.9988109393579071,2.0,0.0,9.0,9.0,1.8017241379310345,2.826843043995244,0.0,0.0,0.0,0.0,0.0,0.0,0.0,1.0,9.0,8.0,3.120689655172414,2.2928061831153386,2.0,9.105,36.8975,27.7925,15.785308908037068,6.913950901694798,9.105,0.0,0.0,0.0,0.0,0.0,0.0,0.0,0.0,0.0,0.0,0.0,0.0,12.0,229.0,217.0,109.81896551724137,101.19203329369797,12.0
-3.3467874862246565,1,3.0,57.0,54.0,16.137931034482758,15.440546967895363,8.0,1.0,87.0,86.0,52.1551724137931,38.3115338882283,87.0,6.941,138.90547,131.96447,37.009491810344834,37.8056681851962,15.9994,54.8,2128.0,2073.2,445.0906034482759,403.74890011890614,54.8,1.0,16.0,15.0,9.655172413793103,6.932223543400714,16.0,2.0,6.0,4.0,2.775862068965518,1.21730083234245,2.0,66.0,207.0,141.0,108.95689655172414,44.43816884661118,66.0,0.98,3.44,2.46,2.322931034482759,1.1555885850178358,3.44,1.0,2.0,1.0,1.7327586206896552,0.3916468489892984,2.0,0.0,4.0,4.0,2.1724137931034484,1.9476813317479191,4.0,0.0,10.0,10.0,0.5775862068965517,0.9062128418549346,0.0,0.0,0.0,0.0,0.0,0.0,0.0,1.0,15.0,14.0,4.482758620689656,2.294887039239001,6.0,0.0,1.0,1.0,0.26724137931034486,0.39164684898929847,0.0,0.0,3.0,3.0,1.1379310344827587,1.0202140309155767,2.0,0.0,9.0,9.0,1.5775862068965518,2.5839774078478004,0.0,0.0,0.0,0.0,0.0,0.0,0.0,1.0,9.0,8.0,2.9827586206896552,2.0763971462544593,2.0,9.105,36.8975,27.7925,16.203153735623275,7.34291765754132,9.105,0.0,0.0,0.0,0.0,0.0,0.0,0.0,0.0,0.0,0.0,0.0,0.0,12.0,229.0,217.0,108.25000000000001,99.56896551724138,12.0
-3.494850021680094,1,3.0,73.0,70.0,16.896551724137932,16.630796670630204,8.0,1.0,87.0,86.0,50.879310344827594,37.36623067776457,87.0,6.941,180.94788,174.00688,39.05045318965518,41.007866211355534,15.9994,54.8,3290.0,3235.2,527.374051724138,528.2525639120096,54.8,1.0,16.0,15.0,9.310344827586206,6.920332936979786,16.0,2.0,6.0,4.0,2.8103448275862073,1.2714030915576697,2.0,66.0,207.0,141.0,110.02586206896552,45.543995243757436,66.0,0.98,3.44,2.46,2.3039655172413793,1.1752080856123661,3.44,1.0,2.0,1.0,1.7327586206896552,0.3916468489892984,2.0,0.0,4.0,4.0,2.0689655172413794,1.9976218787158142,4.0,0.0,3.0,3.0,0.3362068965517242,0.5274970273483948,0.0,0.0,14.0,14.0,0.48275862068965525,0.9322235434007135,0.0,1.0,19.0,18.0,4.620689655172414,2.418549346016647,6.0,0.0,1.0,1.0,0.26724137931034486,0.39164684898929847,0.0,0.0,2.0,2.0,1.0344827586206897,0.9988109393579071,2.0,0.0,9.0,9.0,1.8189655172413794,2.8538941736028542,0.0,0.0,0.0,0.0,0.0,0.0,0.0,1.0,9.0,8.0,3.120689655172414,2.292806183115339,2.0,9.105,36.8975,27.7925,15.739705459761208,6.863488406649525,9.105,0.0,0.0,0.0,0.0,0.0,0.0,0.0,0.0,0.0,0.0,0.0,0.0,12.0,229.0,217.0,110.42241379310344,101.81629013079667,12.0
-3.0757207139381184,1,3.0,30.0,27.0,12.129032258064516,5.889698231009365,16.0,1.0,88.0,87.0,58.67741935483871,37.211238293444325,88.0,6.941,65.38,58.43899999999999,24.894356387096774,11.582810572320499,32.065,317.3,692.68,375.37999999999994,410.081935483871,46.36636836628512,388.36,1.0,16.0,15.0,10.903225806451612,6.389177939646202,16.0,2.0,4.0,2.0,2.7096774193548385,0.45785639958376695,3.0,105.0,128.0,23.0,113.2258064516129,10.097814776274713,105.0,0.98,2.58,1.6,1.9835483870967743,0.6689698231009366,2.58,1.0,2.0,1.0,1.6774193548387097,0.437044745057232,2.0,0.0,4.0,4.0,2.4516129032258065,1.7398543184183144,4.0,0.0,10.0,10.0,0.3225806451612903,0.6243496357960459,0.0,0.0,0.0,0.0,0.0,0.0,0.0,1.0,12.0,11.0,4.451612903225806,2.22684703433923,6.0,0.0,1.0,1.0,0.3225806451612903,0.4370447450572321,0.0,0.0,3.0,3.0,1.4193548387096775,1.0072840790842872,2.0,0.0,0.0,0.0,0.0,0.0,0.0,0.0,0.0,0.0,0.0,0.0,0.0,0.0,3.0,3.0,1.7419354838709677,0.5910509885535901,2.0,13.96,25.786875,11.826874999999998,22.024654377864515,4.024378375710302,25.786875,0.0,2.202,2.202,1.3461935483870968,0.955363163371488,2.202,0.0,0.0,0.0,0.0,0.0,0.0,2.0,229.0,227.0,116.51612903225806,77.56919875130072,70.0
-7.036212172654444,1,3.0,72.0,69.0,16.211232187761944,12.68847638981888,8.0,1.0,87.0,86.0,77.42022911427773,14.718811208251918,87.0,6.941,178.49,171.549,36.552696060352055,32.281912659087304,15.9994,54.8,2506.0,2451.2,396.72441464096113,485.2043833042098,54.8,1.0,16.0,15.0,13.74685666387259,3.441983799040084,16.0,2.0,6.0,4.0,2.6225202570550437,0.8947315457644994,2.0,66.0,175.0,109.0,88.24839340597931,29.83858294179959,66.0,0.98,3.44,2.46,2.868862810841017,0.7659844951000611,3.44,1.0,2.0,1.0,1.9519418832075996,0.09149706840553651,2.0,0.0,4.0,4.0,3.1852472757753563,1.092711113796672,4.0,0.0,2.0,2.0,0.22743783179659124,0.4031476962608479,0.0,0.0,14.0,14.0,1.5920648225761385,2.8220338738259354,0.0,1.0,18.0,17.0,6.956691813355686,2.5116660698319286,6.0,0.0,1.0,1.0,0.04805811679240011,0.09149706840553629,0.0,0.0,3.0,3.0,1.8440905280804694,0.5966629872917529,2.0,0.0,8.0,8.0,0.909751327186365,1.6125907850433916,0.0,0.0,0.0,0.0,0.0,0.0,0.0,1.0,8.0,7.0,2.8018999720592346,1.2486653971144739,2.0,9.105,22.5702380952,13.4652380952,13.2113987679373,5.507324416345081,9.105,0.0,1.625,1.625,0.27242246437552387,0.4535046221708218,0.0,0.0,0.0,0.0,0.0,0.0,0.0,2.0,229.0,227.0,41.44900810282201,52.722561781763645,12.0
-6.494850021680094,1,3.0,72.0,69.0,16.132911980667348,12.597226093029185,8.0,1.0,87.0,86.0,77.23124825727298,15.004882551267437,87.0,6.941,178.49,171.549,36.364588493354404,32.04723936379982,15.9994,54.8,2506.0,2451.2,395.3148749883818,481.85405240179136,54.8,1.0,16.0,15.0,13.718561204572916,3.482284442577146,16.0,2.0,6.0,4.0,2.6182730737057347,0.8902580590992882,2.0,66.0,175.0,109.0,88.29472999349383,29.839586569970354,66.0,0.98,3.44,2.46,2.8647625243981785,0.7699060924496915,3.44,1.0,2.0,1.0,1.9492517891997396,0.0963456598016653,2.0,0.0,4.0,4.0,3.1787340830932242,1.099194088991316,4.0,0.0,2.0,2.0,0.22548563992936146,0.4001275060443693,0.0,0.0,14.0,14.0,1.5783994795055305,2.800892542310585,0.0,1.0,18.0,17.0,6.931870991727855,2.495704152250973,6.0,0.0,1.0,1.0,0.05074821080026024,0.09634565980166519,0.0,0.0,3.0,3.0,1.8403197323171299,0.6017515399471756,2.0,0.0,8.0,8.0,0.9019425597174459,1.6005100241774772,0.0,0.0,0.0,0.0,0.0,0.0,0.0,1.0,8.0,7.0,2.7930105028348358,1.2433607872401968,2.0,9.105,22.5702380952,13.4652380952,13.2141452338825,5.499738950451526,9.105,0.0,1.625,1.625,0.27186541500139416,0.4527636867733973,0.0,0.0,0.0,0.0,0.0,0.0,0.0,2.0,229.0,227.0,41.85853703875825,53.29990395925723,12.0
-3.677780705266081,1,3.0,57.0,54.0,15.697872340425532,14.681756450882752,8.0,1.0,87.0,86.0,50.84170212765957,37.380218379357174,87.0,6.941,138.90547,131.96447,35.790784649531915,35.762594617220465,15.9994,54.8,2128.0,2073.2,491.7758382978724,466.5640346654595,54.8,1.0,16.0,15.0,9.292765957446809,6.925663377093707,16.0,2.0,6.0,4.0,2.7761702127659578,1.20620153915799,2.0,66.0,207.0,141.0,110.35404255319148,45.297745586238115,66.0,0.98,3.44,2.46,2.2877106382978725,1.17680615663196,3.44,1.0,2.0,1.0,1.7336170212765958,0.39084617473970124,2.0,0.0,4.0,4.0,2.0527659574468085,1.9886645540968766,4.0,0.0,2.0,2.0,0.2978723404255319,0.46899049343594384,0.0,0.0,0.0,0.0,0.0,0.0,0.0,1.0,6.0,5.0,4.084255319148936,1.9565052059755546,6.0,0.0,1.0,1.0,0.2663829787234043,0.39084617473970124,0.0,0.0,5.0,5.0,1.0723404255319149,1.0276215482118605,2.0,0.0,9.0,9.0,1.8297872340425532,2.880941602535084,0.0,0.0,0.0,0.0,0.0,0.0,0.0,1.0,9.0,8.0,3.1685106382978727,2.348681213218651,2.0,9.105,36.8975,27.7925,15.922211347508851,6.962258397455846,9.105,0.0,0.0,0.0,0.0,0.0,0.0,0.0,0.0,0.0,0.0,0.0,0.0,12.0,229.0,217.0,110.70382978723404,100.80391127206879,12.0
-4.30189945437661,1,3.0,73.0,70.0,18.516129032258064,19.197363857093304,8.0,1.0,87.0,86.0,50.763440860215056,37.405480402358656,87.0,6.941,180.94788,174.00688,43.52744655913978,48.08618061972483,15.9994,54.8,3290.0,3235.2,576.8134408602151,605.047982425714,54.8,1.0,16.0,15.0,9.290322580645162,6.926118626430801,16.0,2.0,6.0,4.0,2.860215053763441,1.350445138166262,2.0,66.0,215.0,149.0,110.23655913978494,45.66354491848768,66.0,0.89,3.44,2.55,2.2986021505376346,1.1782171349288935,3.44,1.0,2.0,1.0,1.7311827956989247,0.3931090299456585,2.0,0.0,4.0,4.0,2.064516129032258,1.9979188345473466,4.0,0.0,3.0,3.0,0.3333333333333333,0.5591397849462365,0.0,0.0,14.0,14.0,1.2043010752688172,2.2014105676956874,0.0,1.0,19.0,18.0,5.333333333333333,3.0394265232974913,6.0,0.0,1.0,1.0,0.26881720430107525,0.3931090299456585,0.0,0.0,2.0,2.0,1.032258064516129,0.9989594172736733,2.0,0.0,9.0,9.0,1.2795698924731183,2.1463753035032953,0.0,0.0,0.0,0.0,0.0,0.0,0.0,0.0,9.0,9.0,2.5806451612903225,1.7266736038848423,2.0,9.105,63.59,54.485,16.914686379919356,8.234382202185225,9.105,0.0,0.0,0.0,0.0,0.0,0.0,0.0,0.0,0.0,0.0,0.0,0.0,12.0,229.0,217.0,114.36559139784946,105.667707249393,12.0
-3.4559319556497243,1,3.0,57.0,54.0,15.893617021276595,14.919873245812587,8.0,1.0,87.0,86.0,50.88297872340426,37.37732005432323,87.0,6.941,138.90547,131.96447,36.25400893617021,36.27758409234948,15.9994,54.8,2128.0,2073.2,485.27191489361707,460.30982344952474,54.8,1.0,16.0,15.0,9.297872340425531,6.923494794024444,16.0,2.0,6.0,4.0,2.7872340425531914,1.222725215029425,2.0,66.0,207.0,141.0,110.36170212765957,45.30556813037573,66.0,0.98,3.44,2.46,2.2901063829787236,1.1743594386600271,3.44,1.0,2.0,1.0,1.7340425531914894,0.3904481665912177,2.0,0.0,4.0,4.0,2.0531914893617023,1.9882299683114533,4.0,0.0,10.0,10.0,0.40425531914893614,0.6278859212313264,0.0,0.0,0.0,0.0,0.0,0.0,0.0,1.0,13.0,12.0,4.191489361702128,2.0344047080126755,6.0,0.0,1.0,1.0,0.26595744680851063,0.3904481665912177,0.0,0.0,5.0,5.0,1.074468085106383,1.0287460389316434,2.0,0.0,9.0,9.0,1.8297872340425532,2.880941602535084,0.0,0.0,0.0,0.0,0.0,0.0,0.0,1.0,9.0,8.0,3.1702127659574466,2.349479402444545,2.0,9.105,36.8975,27.7925,15.94745567375,6.988039837021277,9.105,0.0,0.0,0.0,0.0,0.0,0.0,0.0,0.0,0.0,0.0,0.0,0.0,12.0,229.0,217.0,108.98936170212765,100.01018560434588,12.0
-3.508638306165728,1,3.0,57.0,54.0,15.693458743052588,14.75268972079838,8.0,1.0,87.0,86.0,50.18683197947841,37.514312489615556,87.0,6.941,138.90547,131.96447,35.806165982642156,35.92420522332529,15.9994,54.8,2128.0,2073.2,494.3401154339461,465.7318598459017,54.8,1.0,16.0,15.0,9.177853783668235,6.945492358599219,16.0,2.0,6.0,4.0,2.777682770414707,1.2102459531036913,2.0,66.0,207.0,141.0,110.81616075245832,45.21852901915418,66.0,0.98,3.44,2.46,2.2714792646430095,1.1790119433272752,3.44,1.0,2.0,1.0,1.7263787943565627,0.3975052829313382,2.0,0.0,4.0,4.0,2.02607952116289,1.9916427234098246,4.0,0.0,2.0,2.0,0.2992731936725096,0.4705971809865286,0.0,0.0,0.0,0.0,0.0,0.0,0.0,1.0,6.0,5.0,4.051731509191963,1.9657604268093067,6.0,0.0,1.0,1.0,0.2736212056434374,0.39750528293133824,0.0,0.0,5.0,5.0,1.049593843522873,1.0231184109585936,2.0,0.0,9.0,9.0,1.8383924754168448,2.8908112546315325,0.0,0.0,0.0,0.0,0.0,0.0,0.0,1.0,9.0,8.0,3.161607524583155,2.354959978402174,2.0,9.105,36.8975,27.7925,15.983327632882428,6.940082605216986,9.105,0.0,0.0,0.0,0.0,0.0,0.0,0.0,0.0,0.0,0.0,0.0,0.0,12.0,229.0,217.0,112.01154339461308,100.90946661448777,12.0
-3.595166283380062,1,3.0,57.0,54.0,15.627118644067796,14.649525998276358,8.0,1.0,87.0,86.0,50.50847457627118,37.49123814995691,87.0,6.941,138.90547,131.96447,35.63457278474576,35.6772496674806,15.9994,54.8,2128.0,2073.2,490.80127118644066,463.51927032461924,54.8,1.0,16.0,15.0,9.23728813559322,6.941108876759551,16.0,2.0,6.0,4.0,2.7711864406779663,1.2025280091927606,2.0,66.0,207.0,141.0,110.44067796610169,45.19390979603562,66.0,0.98,3.44,2.46,2.2811016949152543,1.1785406492387243,3.44,1.0,2.0,1.0,1.7288135593220337,0.3952887101407642,2.0,0.0,4.0,4.0,2.042372881355932,1.9908072392990521,4.0,0.0,2.0,2.0,0.2966101694915254,0.46753806377477736,0.0,0.0,0.0,0.0,0.0,0.0,0.0,1.0,6.0,5.0,4.067796610169491,1.9649525998276358,6.0,0.0,1.0,1.0,0.2711864406779661,0.39528871014076417,0.0,0.0,5.0,5.0,1.059322033898305,1.0234128124102269,2.0,0.0,9.0,9.0,1.8220338983050846,2.872019534616489,0.0,0.0,0.0,0.0,0.0,0.0,0.0,1.0,9.0,8.0,3.152542372881356,2.3395575983912664,2.0,9.105,36.8975,27.7925,15.925247175132201,6.935844584880205,9.105,0.0,0.0,0.0,0.0,0.0,0.0,0.0,0.0,0.0,0.0,0.0,0.0,12.0,229.0,217.0,111.21186440677967,100.89342143062338,12.0
-3.1804560644581312,1,3.0,57.0,54.0,15.931623931623934,15.208707721528235,8.0,1.0,87.0,86.0,51.36752136752137,38.27087442472059,87.0,6.941,138.90547,131.96447,36.491504700854705,37.18192192271168,15.9994,54.8,2128.0,2073.2,455.62752136752135,412.16499086858056,54.8,1.0,16.0,15.0,9.487179487179487,6.962524654832347,16.0,2.0,6.0,4.0,2.769230769230769,1.2097304404996714,2.0,66.0,207.0,141.0,109.42735042735045,44.540872233179925,66.0,0.98,3.44,2.46,2.3052991452991454,1.1637957484111332,3.44,1.0,2.0,1.0,1.7264957264957266,0.3973993717583461,2.0,0.0,4.0,4.0,2.128205128205128,1.9644970414201188,4.0,0.0,10.0,10.0,0.5042735042735044,0.7930455109942293,0.0,0.0,0.0,0.0,0.0,0.0,0.0,1.0,15.0,14.0,4.3589743589743595,2.22879684418146,6.0,0.0,1.0,1.0,0.27350427350427353,0.39739937175834616,0.0,0.0,3.0,3.0,1.1025641025641026,1.017751479289941,2.0,0.0,9.0,9.0,1.6324786324786327,2.651033676674703,0.0,0.0,0.0,0.0,0.0,0.0,0.0,1.0,9.0,8.0,3.0085470085470085,2.1335378771276208,2.0,9.105,36.8975,27.7925,16.13499287748376,7.210249105111548,9.105,0.0,0.0,0.0,0.0,0.0,0.0,0.0,0.0,0.0,0.0,0.0,0.0,12.0,229.0,217.0,109.52136752136754,100.0219154065308,12.0
-3.0,1,3.0,73.0,70.0,16.495726495726498,16.095843377894663,8.0,1.0,87.0,86.0,50.41880341880342,37.51917598071445,87.0,6.941,180.94788,174.00688,38.009142649572645,39.56863459419972,15.9994,54.8,3290.0,3235.2,516.8126495726495,508.38775659288484,54.8,1.0,16.0,15.0,9.230769230769232,6.942800788954635,16.0,2.0,6.0,4.0,2.794871794871795,1.2500547885163271,2.0,66.0,207.0,141.0,110.22222222222221,45.356125356125354,66.0,0.98,3.44,2.46,2.2911965811965813,1.1782599167214551,3.44,1.0,2.0,1.0,1.7264957264957266,0.3973993717583461,2.0,0.0,4.0,4.0,2.0512820512820515,1.9986850756081525,4.0,0.0,3.0,3.0,0.3247863247863248,0.5107750748776391,0.0,0.0,14.0,14.0,0.35897435897435903,0.6995397764628534,0.0,1.0,19.0,18.0,4.461538461538462,2.323471400394477,6.0,0.0,1.0,1.0,0.27350427350427353,0.39739937175834616,0.0,0.0,2.0,2.0,1.0256410256410258,0.9993425378040762,2.0,0.0,9.0,9.0,1.8119658119658124,2.8495872598436707,0.0,0.0,0.0,0.0,0.0,0.0,0.0,1.0,9.0,8.0,3.111111111111111,2.294396961063628,2.0,9.105,36.8975,27.7925,15.790377492868378,6.856797428582951,9.105,0.0,0.0,0.0,0.0,0.0,0.0,0.0,0.0,0.0,0.0,0.0,0.0,12.0,229.0,217.0,111.13675213675216,101.6787201402586,12.0
-3.43297363384094,1,3.0,57.0,54.0,15.675213675213676,14.80546424136168,8.0,1.0,87.0,86.0,50.3931623931624,37.54547446855139,87.0,6.941,138.90547,131.96447,35.76924829059829,36.04606568777851,15.9994,54.8,2896.0,2841.2,496.86393162393165,477.01541383592667,54.8,1.0,16.0,15.0,9.230769230769232,6.942800788954637,16.0,2.0,6.0,4.0,2.769230769230769,1.2097304404996714,2.0,66.0,207.0,141.0,110.0811965811966,45.21148367302213,66.0,0.98,3.44,2.46,2.297478632478633,1.1718167872014027,3.44,1.0,2.0,1.0,1.7136752136752138,0.4086858061217036,2.0,0.0,4.0,4.0,2.0512820512820515,1.998685075608153,4.0,0.0,5.0,5.0,0.33760683760683763,0.5309372488859668,0.0,0.0,0.0,0.0,0.0,0.0,0.0,1.0,6.0,5.0,4.102564102564103,1.9947403024326102,6.0,0.0,1.0,1.0,0.28632478632478636,0.4086858061217036,0.0,0.0,2.0,2.0,1.0256410256410258,0.9993425378040764,2.0,0.0,9.0,9.0,1.7991452991452994,2.8294250858353425,0.0,0.0,0.0,0.0,0.0,0.0,0.0,1.0,9.0,8.0,3.111111111111111,2.294396961063628,2.0,9.105,36.8975,27.7925,15.824287749278634,6.895020454369845,9.105,0.0,0.0,0.0,0.0,0.0,0.0,0.0,0.0,0.0,0.0,0.0,0.0,12.0,229.0,217.0,110.6880341880342,101.21849660311199,12.0
-4.511449283499556,1,3.0,73.0,70.0,18.340425531914892,19.046627433227705,8.0,1.0,87.0,86.0,50.191489361702125,37.59167043911272,87.0,6.941,180.94788,174.00688,43.12143680851064,47.71381114531462,15.9994,54.8,3290.0,3235.2,573.4504255319149,595.9359891353554,54.8,1.0,16.0,15.0,9.191489361702128,6.953372566772296,16.0,2.0,6.0,4.0,2.851063829787234,1.339972838388411,2.0,66.0,215.0,149.0,110.51063829787235,45.45767315527388,66.0,0.89,3.44,2.55,2.282340425531915,1.1822906292440016,3.44,1.0,2.0,1.0,1.7234042553191489,0.4001810774105931,2.0,0.0,4.0,4.0,2.0425531914893615,1.9990946129470348,4.0,0.0,3.0,3.0,0.3191489361702128,0.5432322317790856,0.0,0.0,14.0,14.0,1.1914893617021276,2.1801720235400635,0.0,1.0,19.0,18.0,5.276595744680851,3.074694431869624,6.0,0.0,1.0,1.0,0.2765957446808511,0.4001810774105931,0.0,0.0,2.0,2.0,1.0212765957446808,0.9995473064735174,2.0,0.0,9.0,9.0,1.1702127659574468,1.9918515165233135,0.0,0.0,0.0,0.0,0.0,0.0,0.0,0.0,9.0,9.0,2.4680851063829787,1.6052512449071976,2.0,9.105,63.59,54.485,17.19523049644468,8.595327448321413,9.105,0.0,0.0,0.0,0.0,0.0,0.0,0.0,0.0,0.0,0.0,0.0,0.0,12.0,229.0,217.0,115.95744680851064,106.16930737890448,12.0
-3.3080348972326394,1,3.0,73.0,70.0,16.706382978723404,16.473879583521956,8.0,1.0,87.0,86.0,50.191489361702125,37.59167043911272,87.0,6.941,180.94788,174.00688,38.620394595744685,40.62706383159801,15.9994,54.8,3290.0,3235.2,523.9695744680852,518.0299683114532,54.8,1.0,16.0,15.0,9.191489361702128,6.953372566772296,16.0,2.0,6.0,4.0,2.8,1.2595744680851062,2.0,66.0,215.0,149.0,110.35744680851064,45.3012222725215,66.0,0.89,3.44,2.55,2.2843829787234045,1.18020461747397,3.44,1.0,2.0,1.0,1.7234042553191489,0.4001810774105931,2.0,0.0,4.0,4.0,2.0425531914893615,1.9990946129470348,4.0,0.0,3.0,3.0,0.3191489361702128,0.5106382978723405,0.0,0.0,14.0,14.0,0.4765957446808511,0.9207424173834314,0.0,1.0,19.0,18.0,4.561702127659575,2.4519330013580802,6.0,0.0,1.0,1.0,0.2765957446808511,0.400181077410593,0.0,0.0,2.0,2.0,1.0212765957446808,0.9995473064735174,2.0,0.0,9.0,9.0,1.6808510638297873,2.68936170212766,0.0,0.0,0.0,0.0,0.0,0.0,0.0,0.0,9.0,9.0,2.978723404255319,2.1702127659574466,2.0,9.105,63.59,54.485,16.09135815601915,7.135004074232322,9.105,0.0,0.0,0.0,0.0,0.0,0.0,0.0,0.0,0.0,0.0,0.0,0.0,12.0,229.0,217.0,112.38297872340425,102.51878678134904,12.0
-3.1999706407558657,1,3.0,73.0,70.0,16.570212765957447,16.259483929379808,8.0,1.0,87.0,86.0,50.191489361702125,37.59167043911272,87.0,6.941,180.94788,174.00688,38.24530774468085,40.03650155545496,15.9994,54.8,3290.0,3235.2,519.846170212766,511.5377999094613,54.8,1.0,16.0,15.0,9.191489361702128,6.953372566772296,16.0,2.0,6.0,4.0,2.795744680851064,1.2528746038931646,2.0,66.0,215.0,149.0,110.34468085106383,45.288184698958815,66.0,0.89,3.44,2.55,2.2845531914893615,1.1800307831598007,3.44,1.0,2.0,1.0,1.7234042553191489,0.4001810774105931,2.0,0.0,4.0,4.0,2.0425531914893615,1.9990946129470348,4.0,0.0,3.0,3.0,0.3191489361702128,0.507922136713445,0.0,0.0,14.0,14.0,0.4170212765957446,0.8091987324581258,0.0,1.0,19.0,18.0,4.502127659574468,2.393444997736532,6.0,0.0,1.0,1.0,0.2765957446808511,0.40018107741059294,0.0,0.0,2.0,2.0,1.0212765957446808,0.9995473064735174,2.0,0.0,9.0,9.0,1.7234042553191489,2.7427795382526026,0.0,0.0,0.0,0.0,0.0,0.0,0.0,0.0,9.0,9.0,3.021276595744681,2.212584880036216,2.0,9.105,63.59,54.485,15.99936879431702,7.041057492068446,9.105,0.0,0.0,0.0,0.0,0.0,0.0,0.0,0.0,0.0,0.0,0.0,0.0,12.0,229.0,217.0,112.08510638297872,102.21457673155274,12.0
-3.078833949362261,1,3.0,73.0,70.0,16.43404255319149,16.045088275237664,8.0,1.0,87.0,86.0,50.191489361702125,37.591670439112725,87.0,6.941,180.94788,174.00688,37.870220893617024,39.44593927931191,15.9994,54.8,3290.0,3235.2,515.7227659574468,505.04563150746935,54.8,1.0,16.0,15.0,9.191489361702128,6.953372566772296,16.0,2.0,6.0,4.0,2.7914893617021272,1.246174739701222,2.0,66.0,215.0,149.0,110.33191489361703,45.2751471253961,66.0,0.89,3.44,2.55,2.284723404255319,1.1798569488456316,3.44,1.0,2.0,1.0,1.7234042553191489,0.4001810774105931,2.0,0.0,4.0,4.0,2.0425531914893615,1.9990946129470348,4.0,0.0,3.0,3.0,0.3191489361702127,0.5052059755545496,0.0,0.0,14.0,14.0,0.3574468085106383,0.6966410140334994,0.0,1.0,19.0,18.0,4.442553191489362,2.333942960615663,6.0,0.0,1.0,1.0,0.2765957446808511,0.4001810774105931,0.0,0.0,2.0,2.0,1.0212765957446808,0.9995473064735174,2.0,0.0,9.0,9.0,1.7659574468085106,2.7954730647351744,0.0,0.0,0.0,0.0,0.0,0.0,0.0,0.0,9.0,9.0,3.0638297872340425,2.254232684472612,2.0,9.105,63.59,54.485,15.907379432614894,6.947110909904572,9.105,0.0,0.0,0.0,0.0,0.0,0.0,0.0,0.0,0.0,0.0,0.0,0.0,12.0,229.0,217.0,111.7872340425532,101.91036668175644,12.0
-3.079876673709276,1,3.0,73.0,70.0,16.365957446808512,15.937890448166595,8.0,1.0,87.0,86.0,50.191489361702125,37.59167043911272,87.0,6.941,180.94788,174.00688,37.68267746808511,39.150658141240385,15.9994,54.8,3290.0,3235.2,513.6610638297873,501.7995473064736,54.8,1.0,16.0,15.0,9.191489361702128,6.953372566772296,16.0,2.0,6.0,4.0,2.7893617021276595,1.2428248076052515,2.0,66.0,215.0,149.0,110.32553191489362,45.26862833861476,66.0,0.89,3.44,2.55,2.284808510638298,1.1797700316885467,3.44,1.0,2.0,1.0,1.7234042553191489,0.4001810774105931,2.0,0.0,4.0,4.0,2.0425531914893615,1.9990946129470348,4.0,0.0,3.0,3.0,0.3191489361702128,0.5038478949751019,0.0,0.0,14.0,14.0,0.32765957446808514,0.6399818922589408,0.0,1.0,19.0,18.0,4.412765957446808,2.3038116794929833,6.0,0.0,1.0,1.0,0.2765957446808511,0.400181077410593,0.0,0.0,2.0,2.0,1.0212765957446808,0.9995473064735174,2.0,0.0,9.0,9.0,1.7872340425531914,2.8215482118605704,0.0,0.0,0.0,0.0,0.0,0.0,0.0,0.0,9.0,9.0,3.0851063829787235,2.274784970574921,2.0,9.105,63.59,54.485,15.86138475176383,6.900137618822635,9.105,0.0,0.0,0.0,0.0,0.0,0.0,0.0,0.0,0.0,0.0,0.0,0.0,12.0,229.0,217.0,111.63829787234043,101.75826165685831,12.0
-3.5686362358410126,1,3.0,57.0,54.0,15.617021276595745,14.758714350384789,8.0,1.0,87.0,86.0,49.244680851063826,38.558623811679496,87.0,6.941,138.90547,131.96447,35.601620106382974,35.87409974196469,15.9994,54.8,2750.0,2695.2,509.4610638297873,495.1867813490267,54.8,1.0,16.0,15.0,9.191489361702128,6.953372566772296,16.0,2.0,6.0,4.0,2.765957446808511,1.20597555454957,2.0,66.0,207.0,141.0,110.31914893617021,45.2621095518334,66.0,0.98,3.44,2.46,2.292127659574468,1.1722951561792665,3.44,1.0,2.0,1.0,1.6702127659574468,0.44205522861023094,2.0,0.0,4.0,4.0,2.0425531914893615,1.9990946129470348,4.0,0.0,4.0,4.0,0.3723404255319149,0.5862381167949298,0.0,0.0,0.0,0.0,0.0,0.0,0.0,1.0,6.0,5.0,4.085106382978723,2.052965142598461,6.0,0.0,1.0,1.0,0.32978723404255317,0.44205522861023094,0.0,0.0,2.0,2.0,1.0212765957446808,0.9995473064735174,2.0,0.0,9.0,9.0,1.7553191489361701,2.763693979176098,0.0,0.0,0.0,0.0,0.0,0.0,0.0,1.0,9.0,8.0,3.106382978723404,2.2951561792666357,2.0,9.105,36.8975,27.7925,15.949273049636169,6.989895880479493,9.105,0.0,0.0,0.0,0.0,0.0,0.0,0.0,0.0,0.0,0.0,0.0,0.0,12.0,229.0,217.0,112.6063829787234,102.74694431869625,12.0
-3.100179497572904,3,3.0,73.0,70.0,16.29787234042553,15.83069262109552,8.0,1.0,87.0,86.0,50.191489361702125,37.59167043911272,87.0,6.941,180.94788,174.00688,37.49513404255319,38.855377003168854,15.9994,54.8,3290.0,3235.2,511.5993617021277,498.5534631054776,54.8,1.0,16.0,15.0,9.191489361702128,6.953372566772296,16.0,2.0,6.0,4.0,2.7872340425531914,1.2394748755092801,2.0,66.0,207.0,141.0,110.31914893617021,45.2621095518334,66.0,0.98,3.44,2.46,2.2848936170212766,1.1796831145314621,3.44,1.0,2.0,1.0,1.7234042553191489,0.4001810774105931,2.0,0.0,4.0,4.0,2.0425531914893615,1.9990946129470348,4.0,0.0,3.0,3.0,0.3191489361702128,0.5024898143956542,0.0,0.0,14.0,14.0,0.2978723404255319,0.5830692621095519,0.0,1.0,19.0,18.0,4.382978723404255,2.273426889995473,6.0,0.0,1.0,1.0,0.2765957446808511,0.400181077410593,0.0,0.0,2.0,2.0,1.0212765957446808,0.9995473064735174,2.0,0.0,9.0,9.0,1.8085106382978724,2.8474422815753737,0.0,0.0,0.0,0.0,0.0,0.0,0.0,1.0,9.0,8.0,3.106382978723404,2.295156179266636,2.0,9.105,36.8975,27.7925,15.815390070912766,6.853164327740697,9.105,0.0,0.0,0.0,0.0,0.0,0.0,0.0,0.0,0.0,0.0,0.0,0.0,12.0,229.0,217.0,111.48936170212765,101.60615663196018,12.0
-3.4775557664936803,1,3.0,57.0,54.0,15.617021276595745,14.758714350384789,8.0,1.0,87.0,86.0,50.170212765957444,37.61339972838388,87.0,6.941,138.90547,131.96447,35.636498297872336,35.92901434133092,15.9994,54.8,2896.0,2841.2,495.046170212766,472.49099139882304,54.8,1.0,16.0,15.0,9.191489361702128,6.953372566772296,16.0,2.0,6.0,4.0,2.765957446808511,1.20597555454957,2.0,66.0,207.0,141.0,110.20212765957447,45.142598460842,66.0,0.98,3.44,2.46,2.2901063829787236,1.1743594386600271,3.44,1.0,2.0,1.0,1.7127659574468086,0.4094612947034857,2.0,0.0,4.0,4.0,2.0425531914893615,1.9990946129470348,4.0,0.0,5.0,5.0,0.32978723404255317,0.5192394748755093,0.0,0.0,0.0,0.0,0.0,0.0,0.0,1.0,6.0,5.0,4.085106382978723,1.9963784517881396,6.0,0.0,1.0,1.0,0.2872340425531915,0.40946129470348575,0.0,0.0,2.0,2.0,1.0212765957446808,0.9995473064735174,2.0,0.0,9.0,9.0,1.797872340425532,2.830692621095518,0.0,0.0,0.0,0.0,0.0,0.0,0.0,1.0,9.0,8.0,3.106382978723404,2.2951561792666357,2.0,9.105,36.8975,27.7925,15.843528368785107,6.885167873839791,9.105,0.0,0.0,0.0,0.0,0.0,0.0,0.0,0.0,0.0,0.0,0.0,0.0,12.0,229.0,217.0,111.11702127659575,101.2258940697148,12.0
-2.9913998282380825,1,3.0,57.0,54.0,15.72340425531915,14.92621095518334,8.0,1.0,90.0,89.0,50.59574468085106,38.017202354006336,87.0,6.941,138.90547,131.96447,35.973094042553186,36.45897359891354,15.9994,54.8,2128.0,2073.2,471.92553191489367,436.08828429153465,54.8,1.0,16.0,15.0,9.297872340425531,6.987324581258487,16.0,2.0,6.0,4.0,2.765957446808511,1.20597555454957,2.0,66.0,207.0,141.0,110.03191489361703,44.9687641466727,66.0,0.98,3.44,2.46,2.289468085106383,1.1750113173381618,3.44,1.0,2.0,1.0,1.7234042553191489,0.4001810774105931,2.0,0.0,4.0,4.0,2.0851063829787235,1.9963784517881396,4.0,0.0,10.0,10.0,0.3829787234042553,0.602987777274785,0.0,0.0,0.0,0.0,0.0,0.0,0.0,1.0,16.0,15.0,4.191489361702128,2.098234495246718,6.0,0.0,1.0,1.0,0.2765957446808511,0.400181077410593,0.0,0.0,2.0,2.0,1.0425531914893618,0.9981892258940698,2.0,0.0,9.0,9.0,1.7446808510638299,2.7840651878678133,0.0,0.0,0.0,0.0,0.0,0.0,0.0,1.0,9.0,8.0,3.0638297872340425,2.2507922136713447,2.0,9.105,36.8975,27.7925,16.04643617020319,7.08912630148411,9.105,0.0,0.464,0.464,0.004936170212765958,0.009767315527387958,0.0,0.0,0.0,0.0,0.0,0.0,0.0,12.0,229.0,217.0,110.29787234042553,100.389316432775,12.0
-3.397940008672037,1,3.0,73.0,70.0,16.199575371549894,15.698694109745267,8.0,1.0,87.0,86.0,50.07855626326963,37.626949031062786,87.0,6.941,180.94788,174.00688,37.23976670912951,38.50032462457345,15.9994,54.8,3290.0,3235.2,509.0093205944798,493.66058573482803,54.8,1.0,16.0,15.0,9.171974522292993,6.958497302121789,16.0,2.0,6.0,4.0,2.7834394904458604,1.234208284311737,2.0,66.0,207.0,141.0,110.36730360934183,45.21508648085791,66.0,0.98,3.44,2.46,2.2817622080679407,1.1803697242619713,3.44,1.0,2.0,1.0,1.721868365180467,0.4015488570642939,2.0,0.0,4.0,4.0,2.038216560509554,1.9992697472514096,4.0,0.0,3.0,3.0,0.31634819532908703,0.498365946781704,0.0,0.0,14.0,14.0,0.267515923566879,0.5248083086534951,0.0,1.0,19.0,18.0,4.343949044585987,2.247799099354943,6.0,0.0,1.0,1.0,0.2781316348195329,0.4015488570642938,0.0,0.0,2.0,2.0,1.019108280254777,0.9996348736257048,2.0,0.0,9.0,9.0,1.8067940552016983,2.846371951082081,0.0,0.0,0.0,0.0,0.0,0.0,0.0,1.0,9.0,8.0,3.1040339702760082,2.295526976528234,2.0,9.105,36.8975,27.7925,15.827816702043098,6.851278167687235,9.105,0.0,0.0,0.0,0.0,0.0,0.0,0.0,0.0,0.0,0.0,0.0,0.0,12.0,229.0,217.0,111.66454352441612,101.56896155354511,12.0
-3.6458915608525992,1,3.0,73.0,70.0,15.720338983050846,14.9659580580293,8.0,1.0,87.0,86.0,49.94491525423729,37.68313702958919,87.0,6.941,180.94788,174.00688,35.926167457627116,36.476552094225795,15.9994,54.8,3290.0,3235.2,519.2692372881355,509.02150962367125,54.8,1.0,16.0,15.0,9.152542372881355,6.963516230968112,16.0,2.0,6.0,4.0,2.758474576271186,1.195561620224073,2.0,66.0,207.0,141.0,110.05508474576271,44.801781097385806,66.0,0.98,3.44,2.46,2.281186440677966,1.1784544671071528,3.44,1.0,2.0,1.0,1.7203389830508473,0.4029014650962367,2.0,0.0,4.0,4.0,2.0338983050847457,1.9994254524561907,4.0,0.0,3.0,3.0,0.3135593220338983,0.4942545245619075,0.0,0.0,14.0,14.0,0.23728813559322035,0.46653260557311116,0.0,1.0,19.0,18.0,4.305084745762711,2.2217753519103707,6.0,0.0,1.0,1.0,0.2796610169491525,0.4029014650962367,0.0,0.0,2.0,2.0,1.0169491525423728,0.9997127262280954,2.0,0.0,9.0,9.0,1.8050847457627115,2.845303073829359,0.0,0.0,0.0,0.0,0.0,0.0,0.0,1.0,9.0,8.0,3.101694915254237,2.2958919850617634,2.0,9.105,36.8975,27.7925,15.744163135583896,6.751691324322607,9.105,0.0,0.0,0.0,0.0,0.0,0.0,0.0,0.0,0.0,0.0,0.0,0.0,12.0,229.0,217.0,111.83898305084743,101.53116920425164,12.0
-3.360513510731414,1,3.0,73.0,70.0,15.911016949152541,15.266518241884514,8.0,1.0,87.0,86.0,49.95550847457627,37.672364263142775,87.0,6.941,180.94788,174.00688,36.45582444915254,37.31143514866417,15.9994,54.8,3290.0,3235.2,512.8497457627118,498.90265010054566,54.8,1.0,16.0,15.0,9.152542372881355,6.963516230968112,16.0,2.0,6.0,4.0,2.769067796610169,1.2122594082160296,2.0,66.0,207.0,141.0,110.23516949152543,44.984918126975,66.0,0.98,3.44,2.46,2.279915254237288,1.1797471990807238,3.44,1.0,2.0,1.0,1.7203389830508473,0.4029014650962367,2.0,0.0,4.0,4.0,2.0338983050847457,1.9994254524561907,4.0,0.0,3.0,3.0,0.3135593220338983,0.49425452456190744,0.0,0.0,14.0,14.0,0.23728813559322035,0.46653260557311116,0.0,1.0,19.0,18.0,4.305084745762711,2.2217753519103707,6.0,0.0,1.0,1.0,0.2796610169491525,0.4029014650962367,0.0,0.0,2.0,2.0,1.0169491525423728,0.9997127262280954,2.0,0.0,9.0,9.0,1.8050847457627115,2.845303073829359,0.0,0.0,0.0,0.0,0.0,0.0,0.0,1.0,9.0,8.0,3.101694915254237,2.2958919850617634,2.0,9.105,36.8975,27.7925,15.792176906770337,6.8005188882410215,9.105,0.0,0.0,0.0,0.0,0.0,0.0,0.0,0.0,0.0,0.0,0.0,0.0,12.0,229.0,217.0,111.83898305084743,101.53116920425164,12.0
-3.4989407377822483,1,3.0,73.0,70.0,16.006355932203387,15.41679833381212,8.0,1.0,87.0,86.0,49.960805084745765,37.666977879919564,87.0,6.941,180.94788,174.00688,36.72065294491525,37.72887667588336,15.9994,54.8,3290.0,3235.2,509.63999999999993,493.84322033898303,54.8,1.0,16.0,15.0,9.152542372881355,6.963516230968112,16.0,2.0,6.0,4.0,2.7743644067796605,1.2206083022120076,2.0,66.0,207.0,141.0,110.32521186440678,45.0764866417696,66.0,0.98,3.44,2.46,2.279279661016949,1.180393565067509,3.44,1.0,2.0,1.0,1.7203389830508473,0.4029014650962367,2.0,0.0,4.0,4.0,2.0338983050847457,1.9994254524561907,4.0,0.0,3.0,3.0,0.3135593220338983,0.4942545245619075,0.0,0.0,14.0,14.0,0.23728813559322035,0.46653260557311116,0.0,1.0,19.0,18.0,4.305084745762711,2.2217753519103707,6.0,0.0,1.0,1.0,0.2796610169491525,0.4029014650962367,0.0,0.0,2.0,2.0,1.0169491525423728,0.9997127262280954,2.0,0.0,9.0,9.0,1.8050847457627115,2.845303073829359,0.0,0.0,0.0,0.0,0.0,0.0,0.0,1.0,9.0,8.0,3.101694915254237,2.2958919850617634,2.0,9.105,36.8975,27.7925,15.816183792363557,6.824932670200229,9.105,0.0,0.0,0.0,0.0,0.0,0.0,0.0,0.0,0.0,0.0,0.0,0.0,12.0,229.0,217.0,111.83898305084743,101.53116920425164,12.0
-3.113509274827518,1,3.0,57.0,54.0,15.728813559322033,14.979316288422865,8.0,1.0,87.0,86.0,50.593220338983045,38.190175237000865,87.0,6.941,138.90547,131.96447,35.9822970338983,36.56502752800919,15.9994,54.8,2128.0,2073.2,465.9858474576271,425.0324375179546,54.8,1.0,16.0,15.0,9.322033898305085,6.983625395001435,16.0,2.0,6.0,4.0,2.7627118644067794,1.2022407354208557,2.0,66.0,207.0,141.0,109.88983050847456,44.6337259408216,66.0,0.98,3.44,2.46,2.287966101694915,1.171559896581442,3.44,1.0,2.0,1.0,1.7203389830508473,0.4029014650962367,2.0,0.0,4.0,4.0,2.084745762711864,1.9787417408790575,4.0,0.0,10.0,10.0,0.43220338983050843,0.6812697500718184,0.0,0.0,0.0,0.0,0.0,0.0,0.0,1.0,15.0,14.0,4.23728813559322,2.1574260270037344,6.0,0.0,1.0,1.0,0.2796610169491525,0.4029014650962367,0.0,0.0,3.0,3.0,1.0677966101694913,1.0135018672795173,2.0,0.0,9.0,9.0,1.6864406779661014,2.7154553289284684,0.0,0.0,0.0,0.0,0.0,0.0,0.0,1.0,9.0,8.0,3.033898305084746,2.190175237000862,2.0,9.105,36.8975,27.7925,16.06798728812627,7.081004021823326,9.105,0.0,0.0,0.0,0.0,0.0,0.0,0.0,0.0,0.0,0.0,0.0,0.0,12.0,229.0,217.0,110.77118644067795,100.44527434645215,12.0
-3.3279021420642825,3,3.0,73.0,70.0,16.101694915254235,15.56707842573973,8.0,1.0,87.0,86.0,49.96610169491525,37.661591496696346,87.0,6.941,180.94788,174.00688,36.985481440677965,38.14631820310255,15.9994,54.8,3290.0,3235.2,506.43025423728807,488.7837905774202,54.8,1.0,16.0,15.0,9.152542372881355,6.963516230968112,16.0,2.0,6.0,4.0,2.7796610169491522,1.228957196207986,2.0,66.0,207.0,141.0,110.41525423728814,45.16805515656421,66.0,0.98,3.44,2.46,2.27864406779661,1.1810399310542947,3.44,1.0,2.0,1.0,1.7203389830508473,0.4029014650962367,2.0,0.0,4.0,4.0,2.0338983050847457,1.9994254524561907,4.0,0.0,3.0,3.0,0.3135593220338983,0.49425452456190744,0.0,0.0,14.0,14.0,0.23728813559322035,0.46653260557311116,0.0,1.0,19.0,18.0,4.305084745762711,2.2217753519103707,6.0,0.0,1.0,1.0,0.2796610169491525,0.4029014650962367,0.0,0.0,2.0,2.0,1.0169491525423728,0.9997127262280954,2.0,0.0,9.0,9.0,1.8050847457627115,2.8453030738293594,0.0,0.0,0.0,0.0,0.0,0.0,0.0,1.0,9.0,8.0,3.101694915254237,2.2958919850617634,2.0,9.105,36.8975,27.7925,15.840190677956778,6.849346452159437,9.105,0.0,0.0,0.0,0.0,0.0,0.0,0.0,0.0,0.0,0.0,0.0,0.0,12.0,229.0,217.0,111.83898305084743,101.53116920425164,12.0
-3.5072396109731625,1,3.0,57.0,54.0,15.559322033898304,14.71215168055156,8.0,1.0,87.0,86.0,49.94915254237288,37.67968974432634,87.0,6.941,138.90547,131.96447,35.50487330508474,35.812478260557306,15.9994,54.8,2896.0,2841.2,493.243813559322,467.998384085033,54.8,1.0,16.0,15.0,9.152542372881355,6.963516230968112,16.0,2.0,6.0,4.0,2.7627118644067794,1.202240735420856,2.0,66.0,207.0,141.0,110.32203389830508,45.07325481183568,66.0,0.98,3.44,2.46,2.2827966101694916,1.1768170066072967,3.44,1.0,2.0,1.0,1.711864406779661,0.4102269462798047,2.0,0.0,4.0,4.0,2.0338983050847457,1.9994254524561907,4.0,0.0,5.0,5.0,0.3220338983050847,0.5076127549554725,0.0,0.0,0.0,0.0,0.0,0.0,0.0,1.0,6.0,5.0,4.067796610169491,1.997701809824763,6.0,0.0,1.0,1.0,0.28813559322033894,0.41022694627980455,0.0,0.0,2.0,2.0,1.0169491525423728,0.9997127262280954,2.0,0.0,9.0,9.0,1.7966101694915253,2.831944843435794,0.0,0.0,0.0,0.0,0.0,0.0,0.0,1.0,9.0,8.0,3.101694915254237,2.2958919850617634,2.0,9.105,36.8975,27.7925,15.862605932194063,6.8750671502345435,9.105,0.0,0.0,0.0,0.0,0.0,0.0,0.0,0.0,0.0,0.0,0.0,0.0,12.0,229.0,217.0,111.54237288135592,101.22953174375178,12.0
-3.337242168318426,1,3.0,73.0,70.0,16.004228329809727,15.435844258008576,8.0,1.0,87.0,86.0,49.854122621564485,37.695604950632244,87.0,6.941,180.94788,174.00688,36.73227137420719,37.79335400667773,15.9994,54.8,3290.0,3235.2,503.86209302325585,483.9230050641625,54.8,1.0,16.0,15.0,9.133192389006343,6.968430556610901,16.0,2.0,6.0,4.0,2.775898520084567,1.2237215559896129,2.0,66.0,207.0,141.0,110.46300211416491,45.1210169446071,66.0,0.98,3.44,2.46,2.2755391120507404,1.181693924345972,3.44,1.0,2.0,1.0,1.718816067653277,0.404239057073513,2.0,0.0,4.0,4.0,2.0295983086680764,1.9995619700619949,4.0,0.0,3.0,3.0,0.3107822410147992,0.49015550062799196,0.0,0.0,14.0,14.0,0.20718816067653276,0.40824390222099055,0.0,1.0,19.0,18.0,4.266384778012686,2.1953613523503885,6.0,0.0,1.0,1.0,0.28118393234672306,0.4042390570735131,0.0,0.0,2.0,2.0,1.0147991543340382,0.9997809850309974,2.0,0.0,9.0,9.0,1.8033826638477806,2.844235660106648,0.0,0.0,0.0,0.0,0.0,0.0,0.0,1.0,9.0,8.0,3.0993657505285412,2.296251268275458,2.0,9.105,36.8975,27.7925,15.85251233261924,6.847369809000496,9.105,0.0,0.0,0.0,0.0,0.0,0.0,0.0,0.0,0.0,0.0,0.0,0.0,12.0,229.0,217.0,112.0126849894292,101.49278814994926,12.0
-3.161150909262745,1,3.0,73.0,70.0,15.907172995780591,15.304990297138994,8.0,1.0,87.0,86.0,49.74261603375528,37.728996421513656,87.0,6.941,180.94788,174.00688,36.48012970464135,37.441428310277914,15.9994,54.8,3290.0,3235.2,501.3047679324895,479.0781569905108,54.8,1.0,16.0,15.0,9.113924050632912,6.973241467713508,16.0,2.0,6.0,4.0,2.772151898734177,1.21850130855098,2.0,66.0,207.0,141.0,110.51054852320675,45.07397318805747,66.0,0.98,3.44,2.46,2.2724472573839662,1.182331891256743,3.44,1.0,2.0,1.0,1.7172995780590719,0.4055617867506988,2.0,0.0,4.0,4.0,2.0253164556962027,1.999679538535491,4.0,0.0,3.0,3.0,0.3080168776371308,0.48606882800121065,0.0,0.0,14.0,14.0,0.17721518987341772,0.34994391924371093,0.0,1.0,19.0,18.0,4.227848101265823,2.1685627303316775,6.0,0.0,1.0,1.0,0.28270042194092826,0.4055617867506988,0.0,0.0,2.0,2.0,1.0126582278481013,0.9998397692677455,2.0,0.0,9.0,9.0,1.8016877637130804,2.843169719952287,0.0,0.0,0.0,0.0,0.0,0.0,0.0,1.0,9.0,8.0,3.09704641350211,2.2966048888176758,2.0,9.105,36.8975,27.7925,15.864781997177635,6.845348857901405,9.105,0.0,0.0,0.0,0.0,0.0,0.0,0.0,0.0,0.0,0.0,0.0,0.0,12.0,229.0,217.0,112.18565400843883,101.45382684398868,12.0
-4.928117992693875,1,3.0,73.0,70.0,18.16842105263158,18.897506925207754,8.0,1.0,87.0,86.0,49.63157894736842,37.7617728531856,87.0,6.941,180.94788,174.00688,42.72397463157895,47.345682049861495,15.9994,54.8,3290.0,3235.2,570.1582105263158,586.9860166204986,54.8,1.0,16.0,15.0,9.094736842105263,6.977950138504156,16.0,2.0,6.0,4.0,2.8421052631578947,1.3296398891966759,2.0,66.0,215.0,149.0,110.77894736842106,45.25030470914127,66.0,0.89,3.44,2.55,2.266421052631579,1.1859324099722992,3.44,1.0,2.0,1.0,1.7157894736842105,0.40686980609418283,2.0,0.0,4.0,4.0,2.0210526315789474,1.9997783933518007,4.0,0.0,3.0,3.0,0.30526315789473685,0.5269806094182824,0.0,0.0,14.0,14.0,1.1789473684210525,2.1593351800554017,0.0,1.0,19.0,18.0,5.221052631578948,3.1078116343490305,6.0,0.0,1.0,1.0,0.28421052631578947,0.40686980609418283,0.0,0.0,2.0,2.0,1.0105263157894737,0.9998891966759004,2.0,0.0,9.0,9.0,1.063157894736842,1.8353462603878115,0.0,0.0,0.0,0.0,0.0,0.0,0.0,0.0,9.0,9.0,2.357894736842105,1.4809972299168972,2.0,9.105,63.59,54.485,17.469868421043156,8.951160664823933,9.105,0.0,0.0,0.0,0.0,0.0,0.0,0.0,0.0,0.0,0.0,0.0,0.0,12.0,229.0,217.0,117.51578947368421,106.62648199445984,12.0
-3.096910013008056,1,3.0,57.0,54.0,15.473684210526315,14.642659279778394,8.0,1.0,87.0,86.0,49.62105263157895,37.772409972299165,87.0,6.941,138.90547,131.96447,35.30229705263157,35.62724376731302,15.9994,54.8,2750.0,2695.2,493.074,465.2741052631579,54.8,1.0,16.0,15.0,9.094736842105263,6.977950138504156,16.0,2.0,6.0,4.0,2.7578947368421054,1.1966759002770084,2.0,66.0,207.0,141.0,110.49473684210527,44.96310249307479,66.0,0.98,3.44,2.46,2.270421052631579,1.1818903047091414,3.44,1.0,2.0,1.0,1.7052631578947368,0.4157340720221607,2.0,0.0,4.0,4.0,2.0210526315789474,1.9997783933518007,4.0,0.0,4.0,4.0,0.3157894736842105,0.4986149584487534,0.0,0.0,0.0,0.0,0.0,0.0,0.0,1.0,6.0,5.0,4.042105263157895,1.9986703601108036,6.0,0.0,1.0,1.0,0.29473684210526313,0.41573407202216067,0.0,0.0,2.0,2.0,1.0105263157894737,0.9998891966759004,2.0,0.0,9.0,9.0,1.7894736842105263,2.8254847645429364,0.0,0.0,0.0,0.0,0.0,0.0,0.0,1.0,9.0,8.0,3.094736842105263,2.2969529085872575,2.0,9.105,36.8975,27.7925,15.877631578937896,6.843922437663557,9.105,0.0,0.0,0.0,0.0,0.0,0.0,0.0,0.0,0.0,0.0,0.0,0.0,12.0,229.0,217.0,112.3578947368421,101.41429362880885,12.0
-3.1305700989639,2,3.0,73.0,70.0,15.810526315789474,15.174515235457063,8.0,1.0,87.0,86.0,49.63157894736842,37.7617728531856,87.0,6.941,180.94788,174.00688,36.22904968421053,37.09053739612188,15.9994,54.8,3290.0,3235.2,498.7582105263158,474.24917451523544,54.8,1.0,16.0,15.0,9.094736842105263,6.977950138504156,16.0,2.0,6.0,4.0,2.768421052631579,1.213296398891967,2.0,66.0,207.0,141.0,110.5578947368421,45.02692520775622,66.0,0.98,3.44,2.46,2.2693684210526315,1.1829540166204986,3.44,1.0,2.0,1.0,1.7157894736842105,0.4068698060941828,2.0,0.0,4.0,4.0,2.0210526315789474,1.9997783933518007,4.0,0.0,3.0,3.0,0.30526315789473685,0.48199445983379496,0.0,0.0,14.0,14.0,0.14736842105263157,0.29163434903047086,0.0,1.0,19.0,18.0,4.189473684210526,2.1413850415512465,6.0,0.0,1.0,1.0,0.28421052631578947,0.4068698060941828,0.0,0.0,2.0,2.0,1.0105263157894737,0.9998891966759004,2.0,0.0,9.0,9.0,1.8,2.8421052631578947,0.0,0.0,0.0,0.0,0.0,0.0,0.0,1.0,9.0,8.0,3.094736842105263,2.2969529085872575,2.0,9.105,36.8975,27.7925,15.876999999990526,6.843284210516743,9.105,0.0,0.0,0.0,0.0,0.0,0.0,0.0,0.0,0.0,0.0,0.0,0.0,12.0,229.0,217.0,112.3578947368421,101.41429362880885,12.0
-3.4814860601221125,1,3.0,57.0,54.0,15.526315789473685,14.725761772853186,8.0,1.0,90.0,89.0,49.83157894736842,37.982493074792245,87.0,6.941,138.90547,131.96447,35.47604042105263,35.90157540166205,15.9994,54.8,2128.0,2073.2,479.1301052631579,443.2574293628808,54.8,1.0,16.0,15.0,9.147368421052631,6.996897506925207,16.0,2.0,6.0,4.0,2.7578947368421054,1.1966759002770084,2.0,66.0,207.0,141.0,110.41578947368421,44.883324099722984,66.0,0.98,3.44,2.46,2.2716315789473684,1.1806670360110805,3.44,1.0,2.0,1.0,1.7157894736842105,0.4068698060941828,2.0,0.0,4.0,4.0,2.042105263157895,1.9991135734072023,4.0,0.0,10.0,10.0,0.3368421052631579,0.5318559556786704,0.0,0.0,0.0,0.0,0.0,0.0,0.0,1.0,16.0,15.0,4.094736842105263,2.0506371191135733,6.0,0.0,1.0,1.0,0.28421052631578947,0.4068698060941828,0.0,0.0,2.0,2.0,1.0210526315789474,0.9995567867036012,2.0,0.0,9.0,9.0,1.768421052631579,2.810858725761773,0.0,0.0,0.0,0.0,0.0,0.0,0.0,1.0,9.0,8.0,3.0736842105263156,2.275013850415512,2.0,9.105,36.8975,27.7925,15.991307017534211,6.958794459824044,9.105,0.0,0.464,0.464,0.0024421052631578948,0.004858504155124654,0.0,0.0,0.0,0.0,0.0,0.0,0.0,12.0,229.0,217.0,111.76842105263158,100.81861495844875,12.0
-4.229147988357856,1,3.0,57.0,54.0,15.52941176470588,14.752347998022737,8.0,1.0,87.0,86.0,49.831932773109244,38.071463879669516,87.0,6.941,138.90547,131.96447,35.4816474789916,35.9549052609279,15.9994,54.8,2128.0,2073.2,476.1700840336134,437.7567714144481,54.8,1.0,16.0,15.0,9.159663865546218,6.995974860532448,16.0,2.0,6.0,4.0,2.756302521008403,1.1948308735258806,2.0,66.0,207.0,141.0,110.34453781512605,44.71718099004307,66.0,0.98,3.44,2.46,2.2709243697478994,1.1788997952122025,3.44,1.0,2.0,1.0,1.7142857142857142,0.40816326530612246,2.0,0.0,4.0,4.0,2.042016806722689,1.9905373914271591,4.0,0.0,10.0,10.0,0.36134453781512604,0.5708636395734763,0.0,0.0,0.0,0.0,0.0,0.0,0.0,1.0,15.0,14.0,4.117647058823529,2.0810677212061295,6.0,0.0,1.0,1.0,0.2857142857142857,0.4081632653061224,0.0,0.0,3.0,3.0,1.0336134453781514,1.0075559635618954,2.0,0.0,9.0,9.0,1.7394957983193275,2.7773462326106912,0.0,0.0,0.0,0.0,0.0,0.0,0.0,1.0,9.0,8.0,3.0588235294117645,2.245180425111221,2.0,9.105,36.8975,27.7925,16.00210784312773,6.955066732565778,9.105,0.0,0.0,0.0,0.0,0.0,0.0,0.0,0.0,0.0,0.0,0.0,0.0,12.0,229.0,217.0,111.99999999999997,100.84033613445378,12.0
-3.344759554268663,2,3.0,73.0,70.0,15.714285714285714,15.044417767106843,8.0,1.0,87.0,86.0,49.52100840336134,37.79394110585411,87.0,6.941,180.94788,174.00688,35.97902462184874,36.74067755384507,15.9994,54.8,3290.0,3235.2,496.2223529411765,469.43598615916954,54.8,1.0,16.0,15.0,9.07563025210084,6.982557728973942,16.0,2.0,6.0,4.0,2.7647058823529416,1.2081067721206131,2.0,66.0,207.0,141.0,110.60504201680672,44.97987430266224,66.0,0.98,3.44,2.46,2.2663025210084036,1.183560483016736,3.44,1.0,2.0,1.0,1.7142857142857142,0.40816326530612246,2.0,0.0,4.0,4.0,2.0168067226890756,1.9998587670362262,4.0,0.0,3.0,3.0,0.3025210084033613,0.4779323494103523,0.0,0.0,14.0,14.0,0.11764705882352942,0.23331685615422643,0.0,1.0,19.0,18.0,4.15126050420168,2.113833768801638,6.0,0.0,1.0,1.0,0.2857142857142857,0.4081632653061224,0.0,0.0,2.0,2.0,1.0084033613445378,0.9999293835181131,2.0,0.0,9.0,9.0,1.7983193277310923,2.84104229927265,0.0,0.0,0.0,0.0,0.0,0.0,0.0,1.0,9.0,8.0,3.0924369747899156,2.2972953887437324,2.0,9.105,36.8975,27.7925,15.889166666657145,6.841176470578631,9.105,0.0,0.0,0.0,0.0,0.0,0.0,0.0,0.0,0.0,0.0,0.0,0.0,12.0,229.0,217.0,112.52941176470587,101.37419673751855,12.0
-4.096910013008056,1,3.0,57.0,54.0,15.445378151260503,14.619589012075418,8.0,1.0,87.0,86.0,49.51260504201681,37.80651083962997,87.0,6.941,138.90547,131.96447,35.244941596638654,35.58094974931149,15.9994,54.8,2896.0,2841.2,489.68453781512613,459.1073370524681,54.8,1.0,16.0,15.0,9.07563025210084,6.9825577289739424,16.0,2.0,6.0,4.0,2.756302521008403,1.1948308735258806,2.0,66.0,207.0,141.0,110.55882352941177,44.93326742461691,66.0,0.98,3.44,2.46,2.2683613445378152,1.1814843584492618,3.44,1.0,2.0,1.0,1.7100840336134455,0.4117293976414094,2.0,0.0,4.0,4.0,2.0168067226890756,1.9998587670362262,4.0,0.0,5.0,5.0,0.3067226890756302,0.4845702987077183,0.0,0.0,0.0,0.0,0.0,0.0,0.0,1.0,6.0,5.0,4.033613445378151,1.9994350681449047,6.0,0.0,1.0,1.0,0.2899159663865546,0.4117293976414094,0.0,0.0,2.0,2.0,1.0084033613445378,0.9999293835181131,2.0,0.0,9.0,9.0,1.7941176470588236,2.834404349975284,0.0,0.0,0.0,0.0,0.0,0.0,0.0,1.0,9.0,8.0,3.0924369747899156,2.2972953887437324,2.0,9.105,36.8975,27.7925,15.900280112035293,6.854150366019081,9.105,0.0,0.0,0.0,0.0,0.0,0.0,0.0,0.0,0.0,0.0,0.0,0.0,12.0,229.0,217.0,112.38235294117646,101.22590212555609,12.0
-5.54515513999149,1,3.0,73.0,70.0,18.0,18.75,8.0,1.0,87.0,86.0,49.083333333333336,37.916666666666664,87.0,6.941,180.94788,174.00688,42.334792916666665,46.98177211805555,15.9994,54.8,3290.0,3235.2,566.9345833333333,578.1939236111111,54.8,1.0,16.0,15.0,9.0,7.0,16.0,2.0,6.0,4.0,2.8333333333333335,1.3194444444444446,2.0,66.0,215.0,149.0,111.04166666666667,45.041666666666664,66.0,0.89,3.44,2.55,2.250833333333333,1.1891666666666667,3.44,1.0,2.0,1.0,1.7083333333333333,0.4131944444444445,2.0,0.0,4.0,4.0,2.0,2.0,4.0,0.0,3.0,3.0,0.2916666666666667,0.5104166666666666,0.0,0.0,14.0,14.0,1.1666666666666667,2.138888888888889,0.0,1.0,19.0,18.0,5.166666666666667,3.138888888888889,6.0,0.0,1.0,1.0,0.2916666666666667,0.4131944444444444,0.0,0.0,2.0,2.0,1.0,1.0,2.0,0.0,9.0,9.0,0.9583333333333334,1.6770833333333333,0.0,0.0,0.0,0.0,0.0,0.0,0.0,0.0,9.0,9.0,2.25,1.3541666666666667,2.0,9.105,63.59,54.485,17.7387847222125,9.301964699078127,9.105,0.0,0.0,0.0,0.0,0.0,0.0,0.0,0.0,0.0,0.0,0.0,0.0,12.0,229.0,217.0,119.04166666666667,107.04166666666667,12.0
-5.576754126063192,1,3.0,73.0,70.0,17.68,18.288,8.0,1.0,87.0,86.0,50.92,37.523199999999996,87.0,6.941,180.94788,174.00688,41.4076548,45.725911679999996,15.9994,54.8,3290.0,3235.2,561.8892,587.9643199999999,54.8,1.0,16.0,15.0,9.36,6.9056,16.0,2.0,6.0,4.0,2.8,1.28,2.0,66.0,207.0,141.0,108.6,44.304,66.0,0.98,3.44,2.46,2.3152,1.169792,3.44,1.0,2.0,1.0,1.72,0.4032,2.0,0.0,4.0,4.0,2.08,1.9968000000000001,4.0,0.0,3.0,3.0,0.36,0.576,0.0,0.0,14.0,14.0,1.12,2.0608,0.0,1.0,19.0,18.0,5.28,2.9440000000000004,6.0,0.0,1.0,1.0,0.28,0.4032,0.0,0.0,2.0,2.0,1.04,0.9984000000000001,2.0,0.0,9.0,9.0,1.64,2.6239999999999997,0.0,0.0,0.0,0.0,0.0,0.0,0.0,1.0,9.0,8.0,2.96,2.096,2.0,9.105,36.8975,27.7925,15.258033333323999,6.399154666656959,9.105,0.0,0.0,0.0,0.0,0.0,0.0,0.0,0.0,0.0,0.0,0.0,0.0,12.0,229.0,217.0,111.96,103.9584,12.0
-3.4685210829577446,1,3.0,57.0,54.0,15.205906821963396,14.329710119850168,8.0,1.0,87.0,86.0,49.25582362728785,37.9776824399711,87.0,6.941,138.90547,131.96447,34.682063260815305,34.90303499622405,15.9994,54.8,2128.0,2073.2,481.4629991680533,442.12703695449346,54.8,1.0,16.0,15.0,9.04783693843594,6.989915241098447,16.0,2.0,6.0,4.0,2.74126455906822,1.1717160251494323,2.0,66.0,207.0,141.0,110.56156405990018,44.48741836262912,66.0,0.98,3.44,2.46,2.2543760399334443,1.1836512080531338,3.44,1.0,2.0,1.0,1.7088186356073212,0.4127895548461937,2.0,0.0,4.0,4.0,2.002911813643927,1.9937652442822698,4.0,0.0,2.0,2.0,0.28202995008319465,0.44932392213753564,0.0,0.0,0.0,0.0,0.0,0.0,0.0,1.0,6.0,5.0,3.9937603993344424,2.003882533547803,6.0,0.0,1.0,1.0,0.2911813643926789,0.4127895548461938,0.0,0.0,5.0,5.0,1.0295341098169717,1.0183993815078032,2.0,0.0,9.0,9.0,1.7520798668885191,2.791375162305752,0.0,0.0,0.0,0.0,0.0,0.0,0.0,1.0,9.0,8.0,3.07279534109817,2.2781290749471905,2.0,9.105,36.8975,27.7925,15.907503466435106,6.791184825060008,9.105,0.0,0.0,0.0,0.0,0.0,0.0,0.0,0.0,0.0,0.0,0.0,0.0,12.0,229.0,217.0,113.53618968386023,101.36724427673236,12.0
-3.0915149811213505,1,3.0,57.0,54.0,15.300083125519535,14.500381078337684,8.0,1.0,87.0,86.0,48.8836242726517,38.02132242129506,87.0,6.941,138.90547,131.96447,34.91361517040732,35.283229023105854,15.9994,54.8,2128.0,2073.2,485.2831005818786,447.9504985112723,54.8,1.0,16.0,15.0,8.977556109725686,7.004931561370887,16.0,2.0,6.0,4.0,2.7481296758104734,1.1853160117163448,2.0,66.0,207.0,141.0,110.87198669991687,44.76008648370761,66.0,0.98,3.44,2.46,2.250714879467997,1.1863193222264372,3.44,1.0,2.0,1.0,1.7065669160432255,0.41466021839278216,2.0,0.0,4.0,4.0,1.9950124688279303,1.9999875622664038,4.0,0.0,2.0,2.0,0.2884455527847049,0.4570051734061908,0.0,0.0,0.0,0.0,0.0,0.0,0.0,1.0,6.0,5.0,3.9900249376558605,2.0065712692499837,6.0,0.0,1.0,1.0,0.29343308395677475,0.41466021839278233,0.0,0.0,2.0,2.0,0.9975062344139651,0.9999937811332019,2.0,0.0,9.0,9.0,1.7896924355777226,2.8355393035836567,0.0,0.0,0.0,0.0,0.0,0.0,0.0,1.0,9.0,8.0,3.0806317539484627,2.2989892959482705,2.0,9.105,36.8975,27.7925,15.961830146845305,6.839730819795814,9.105,0.0,0.0,0.0,0.0,0.0,0.0,0.0,0.0,0.0,0.0,0.0,0.0,12.0,229.0,217.0,113.49709060681629,101.24398065517836,12.0
-7.498940737782249,1,3.0,51.0,48.0,11.555555555555555,5.6913580246913575,8.0,1.0,87.0,86.0,80.66666666666667,9.703703703703699,87.0,6.941,121.76,114.819,24.477590255555555,13.252763702469135,15.9994,54.8,933.47,878.6700000000001,216.6911111111111,215.8548148148148,54.8,1.0,16.0,15.0,14.777777777777779,1.7283950617283945,16.0,2.0,5.0,3.0,2.388888888888889,0.5617283950617284,2.0,66.0,139.0,73.0,83.38888888888889,23.185185185185187,66.0,0.98,3.44,2.46,2.916111111111111,0.6985185185185185,3.44,1.0,2.0,1.0,1.9444444444444444,0.1049382716049383,2.0,0.0,4.0,4.0,3.388888888888889,0.8148148148148148,4.0,0.0,10.0,10.0,0.5555555555555556,1.0493827160493827,0.0,0.0,0.0,0.0,0.0,0.0,0.0,1.0,15.0,14.0,5.888888888888889,1.1604938271604937,6.0,0.0,1.0,1.0,0.05555555555555555,0.10493827160493827,0.0,0.0,5.0,5.0,2.2777777777777777,0.6234567901234568,2.0,0.0,0.0,0.0,0.0,0.0,0.0,0.0,0.0,0.0,0.0,0.0,0.0,1.0,5.0,4.0,2.3333333333333335,0.5925925925925927,2.0,9.105,31.56,22.455,13.422447089938892,5.75659611991852,9.105,0.0,1.625,1.625,0.2708333333333333,0.4513888888888889,0.0,0.0,0.0,0.0,0.0,0.0,0.0,2.0,229.0,227.0,42.77777777777778,54.629629629629626,12.0
-6.187086643357144,1,3.0,73.0,70.0,12.777777777777779,7.45679012345679,8.0,1.0,87.0,86.0,78.61111111111111,12.648148148148145,87.0,6.941,180.94788,174.00688,27.765805811111115,18.089549195061732,15.9994,54.8,3290.0,3235.2,349.25888888888886,403.2648148148148,54.8,1.0,16.0,15.0,14.222222222222221,2.62962962962963,16.0,2.0,6.0,4.0,2.4444444444444446,0.6419753086419754,2.0,66.0,170.0,104.0,85.11111111111111,25.48148148148148,66.0,0.98,3.44,2.46,2.8855555555555554,0.7392592592592593,3.44,1.0,2.0,1.0,1.9444444444444444,0.1049382716049383,2.0,0.0,4.0,4.0,3.2222222222222223,1.037037037037037,4.0,0.0,3.0,3.0,0.16666666666666666,0.3148148148148148,0.0,0.0,14.0,14.0,0.7777777777777778,1.4691358024691357,0.0,1.0,19.0,18.0,6.111111111111111,1.4320987654320985,6.0,0.0,1.0,1.0,0.05555555555555555,0.10493827160493827,0.0,0.0,5.0,5.0,2.111111111111111,0.617283950617284,2.0,0.0,7.0,7.0,0.3888888888888889,0.7345679012345678,0.0,0.0,0.0,0.0,0.0,0.0,0.0,1.0,7.0,6.0,2.5555555555555554,0.9135802469135802,2.0,9.105,22.5702380952,13.4652380952,12.675780423272222,4.761040564362963,9.105,0.0,1.625,1.625,0.2708333333333333,0.4513888888888889,0.0,0.0,0.0,0.0,0.0,0.0,0.0,2.0,229.0,227.0,46.27777777777778,60.46296296296296,12.0
-9.795880017344077,1,3.0,7.0,4.0,4.666666666666667,1.6666666666666667,3.0,1.0,82.0,81.0,39.833333333333336,38.833333333333336,1.0,6.941,14.0067,7.0657000000000005,9.941233333333335,3.000233333333334,6.941,63.05,2348.0,2284.95,639.1949999999999,569.6016666666666,453.69,1.0,15.0,14.0,7.666666666666667,6.666666666666667,1.0,2.0,2.0,0.0,2.0,0.0,2.0,71.0,128.0,57.0,101.66666666666667,26.333333333333332,128.0,0.98,3.04,2.06,1.8433333333333335,0.8633333333333333,0.98,1.0,2.0,1.0,1.5,0.5,1.0,0.0,3.0,3.0,1.1666666666666667,1.2222222222222223,0.0,0.0,0.0,0.0,0.0,0.0,0.0,0.0,0.0,0.0,0.0,0.0,0.0,1.0,5.0,4.0,2.6666666666666665,1.6666666666666667,1.0,0.0,1.0,1.0,0.5,0.5,1.0,0.0,5.0,5.0,1.8333333333333333,1.8333333333333337,0.0,0.0,0.0,0.0,0.0,0.0,0.0,0.0,0.0,0.0,0.0,0.0,0.0,1.0,5.0,4.0,2.3333333333333335,1.3333333333333333,1.0,7.1725,16.5933333333,9.4208333333,14.414999999983332,2.414166666661112,16.5933333333,0.0,6.437,6.437,2.3996666666666666,2.691555555555555,0.0,0.0,0.0,0.0,0.0,0.0,0.0,166.0,229.0,63.0,206.83333333333334,22.166666666666668,229.0
-11.017728766960431,1,3.0,15.0,12.0,7.714285714285714,2.4081632653061225,8.0,1.0,87.0,86.0,66.92857142857143,28.255102040816325,87.0,6.941,30.973762,24.032762,15.826908857142858,4.52480506122449,15.9994,54.8,2348.0,2293.2,341.57642857142855,334.68061224489793,54.8,1.0,16.0,15.0,12.428571428571429,4.8979591836734695,16.0,2.0,3.0,1.0,2.142857142857143,0.24489795918367344,2.0,66.0,128.0,62.0,86.42857142857143,23.69387755102041,66.0,0.98,3.44,2.46,2.634285714285714,0.9208163265306123,3.44,1.0,2.0,1.0,1.7857142857142858,0.33673469387755095,2.0,0.0,4.0,4.0,2.7857142857142856,1.4489795918367345,4.0,0.0,0.0,0.0,0.0,0.0,0.0,0.0,0.0,0.0,0.0,0.0,0.0,1.0,6.0,5.0,4.571428571428571,1.7551020408163267,6.0,0.0,1.0,1.0,0.21428571428571427,0.336734693877551,0.0,0.0,5.0,5.0,1.9285714285714286,0.826530612244898,2.0,0.0,0.0,0.0,0.0,0.0,0.0,0.0,0.0,0.0,0.0,0.0,0.0,1.0,5.0,4.0,2.142857142857143,0.6530612244897959,2.0,7.1725,22.5702380952,15.397738095200001,12.495212585021429,4.634916180741837,9.105,0.0,1.625,1.625,0.341,0.5358571428571429,0.0,0.0,0.0,0.0,0.0,0.0,0.0,2.0,229.0,227.0,68.07142857142857,82.9591836734694,12.0
-9.447331783887806,1,3.0,51.0,48.0,12.166666666666666,6.574074074074074,8.0,1.0,87.0,86.0,79.33333333333333,12.074074074074078,87.0,6.941,121.76,114.819,25.86728811111111,15.260105049382716,15.9994,54.8,2180.0,2125.2,285.9427777777778,308.1903703703704,54.8,1.0,16.0,15.0,14.38888888888889,2.4197530864197527,16.0,2.0,5.0,3.0,2.4444444444444446,0.6419753086419754,2.0,66.0,139.0,73.0,84.38888888888889,24.51851851851852,66.0,0.98,3.44,2.46,2.918888888888889,0.6948148148148148,3.44,1.0,2.0,1.0,1.8888888888888888,0.19753086419753088,2.0,0.0,4.0,4.0,3.3333333333333335,0.8888888888888887,4.0,0.0,10.0,10.0,0.8333333333333334,1.4814814814814814,0.0,0.0,0.0,0.0,0.0,0.0,0.0,1.0,15.0,14.0,6.055555555555555,0.9938271604938271,6.0,0.0,1.0,1.0,0.1111111111111111,0.19753086419753085,0.0,0.0,3.0,3.0,2.0,0.4444444444444444,2.0,0.0,5.0,5.0,0.2777777777777778,0.5246913580246914,0.0,0.0,0.0,0.0,0.0,0.0,0.0,1.0,6.0,5.0,2.388888888888889,0.6728395061728394,2.0,9.105,31.56,22.455,13.12855820105,5.580139623738889,9.105,0.0,1.625,1.625,0.2708333333333333,0.4513888888888889,0.0,0.0,0.0,0.0,0.0,0.0,0.0,2.0,229.0,227.0,43.0,55.0,12.0
-13.0,1,3.0,29.0,26.0,7.0,3.0476190476190474,8.0,1.0,87.0,86.0,58.476190476190474,32.843537414965986,87.0,6.941,63.546,56.605,14.687142857142858,5.902993197278912,15.9994,54.8,2348.0,2293.2,667.6147619047618,705.875827664399,54.8,1.0,16.0,15.0,10.904761904761905,5.6598639455782305,16.0,2.0,4.0,2.0,2.0952380952380953,0.1814058956916101,2.0,66.0,132.0,66.0,90.28571428571429,25.523809523809526,66.0,0.98,3.44,2.46,2.397142857142857,0.9931972789115645,3.44,1.0,2.0,1.0,1.6666666666666667,0.44444444444444436,2.0,0.0,4.0,4.0,2.0952380952380953,1.8140589569161,4.0,0.0,10.0,10.0,0.47619047619047616,0.9070294784580499,0.0,0.0,0.0,0.0,0.0,0.0,0.0,1.0,11.0,10.0,4.238095238095238,2.3219954648526078,6.0,0.0,1.0,1.0,0.3333333333333333,0.44444444444444436,0.0,0.0,5.0,5.0,1.9047619047619047,1.26984126984127,2.0,0.0,0.0,0.0,0.0,0.0,0.0,0.0,0.0,0.0,0.0,0.0,0.0,1.0,5.0,4.0,2.238095238095238,1.0521541950113378,2.0,7.1725,16.5933333333,9.4208333333,10.969999999990476,3.2228571428444432,9.105,0.0,1.524,1.524,0.2902857142857143,0.4699863945578232,0.0,0.0,0.0,0.0,0.0,0.0,0.0,12.0,229.0,217.0,113.47619047619048,96.64399092970523,12.0
-5.863279432843593,1,3.0,51.0,48.0,12.277777777777779,6.734567901234568,8.0,1.0,87.0,86.0,79.66666666666667,11.481481481481477,87.0,6.941,121.76,114.819,26.081115888888892,15.568967395061732,15.9994,54.8,1811.0,1756.2,265.4427777777778,280.85703703703706,54.8,1.0,16.0,15.0,14.5,2.2222222222222223,16.0,2.0,5.0,3.0,2.4444444444444446,0.6419753086419754,2.0,66.0,139.0,73.0,84.0,24.0,66.0,0.98,3.44,2.46,2.9283333333333332,0.6822222222222223,3.44,1.0,2.0,1.0,1.9444444444444444,0.1049382716049383,2.0,0.0,4.0,4.0,3.3333333333333335,0.8888888888888887,4.0,0.0,10.0,10.0,0.8888888888888888,1.5802469135802468,0.0,0.0,0.0,0.0,0.0,0.0,0.0,1.0,15.0,14.0,6.166666666666667,1.1851851851851853,6.0,0.0,1.0,1.0,0.05555555555555555,0.10493827160493827,0.0,0.0,3.0,3.0,2.0,0.4444444444444444,2.0,0.0,4.0,4.0,0.2222222222222222,0.41975308641975306,0.0,0.0,0.0,0.0,0.0,0.0,0.0,1.0,4.0,3.0,2.2777777777777777,0.5123456790123456,2.0,9.105,31.56,22.455,13.103002645494447,5.594337154603086,9.105,0.0,1.625,1.625,0.2708333333333333,0.4513888888888889,0.0,0.0,2.1106628,2.1106628,0.11725904444444445,0.2214893061728395,0.0,2.0,229.0,227.0,43.0,55.0,12.0
-6.356261496491642,2,3.0,72.0,69.0,16.0,12.444444444444445,8.0,1.0,87.0,86.0,76.88888888888889,15.51851851851852,87.0,6.941,178.49,171.549,36.04639366666667,31.65413474074074,15.9994,54.8,2506.0,2451.2,393.0661111111111,476.2768518518518,54.8,1.0,16.0,15.0,13.666666666666666,3.5555555555555562,16.0,2.0,6.0,4.0,2.611111111111111,0.882716049382716,2.0,66.0,175.0,109.0,88.38888888888889,29.85185185185185,66.0,0.98,3.44,2.46,2.8572222222222226,0.777037037037037,3.44,1.0,2.0,1.0,1.9444444444444444,0.1049382716049383,2.0,0.0,4.0,4.0,3.1666666666666665,1.1111111111111112,4.0,0.0,2.0,2.0,0.2222222222222222,0.3950617283950617,0.0,0.0,14.0,14.0,1.5555555555555556,2.7654320987654324,0.0,1.0,18.0,17.0,6.888888888888889,2.469135802469136,6.0,0.0,1.0,1.0,0.05555555555555555,0.10493827160493827,0.0,0.0,3.0,3.0,1.8333333333333333,0.6111111111111112,2.0,0.0,8.0,8.0,0.8888888888888888,1.5802469135802468,0.0,0.0,0.0,0.0,0.0,0.0,0.0,1.0,8.0,7.0,2.7777777777777777,1.234567901234568,2.0,9.105,22.5702380952,13.4652380952,13.220224867716668,5.486966490288889,9.105,0.0,1.625,1.625,0.2708333333333333,0.4513888888888889,0.0,0.0,0.0,0.0,0.0,0.0,0.0,2.0,229.0,227.0,42.611111111111114,54.351851851851855,12.0
-2.690369832574101,1,3.0,49.0,46.0,16.0,7.8,17.0,1.0,94.0,93.0,64.2,37.92,94.0,6.941,114.818,107.877,34.8359,16.736940000000004,35.453,171.6,453.69,282.09000000000003,282.04200000000003,132.53040000000001,171.6,1.0,17.0,16.0,11.8,6.480000000000001,17.0,2.0,5.0,3.0,2.9,0.54,3.0,102.0,142.0,40.0,113.8,14.16,102.0,0.98,3.16,2.18,2.368,0.9504000000000001,3.16,1.0,2.0,1.0,1.7,0.41999999999999993,2.0,0.0,5.0,5.0,3.1,2.28,5.0,0.0,10.0,10.0,1.0,1.8,0.0,0.0,0.0,0.0,0.0,0.0,0.0,1.0,13.0,12.0,5.8,2.88,7.0,0.0,1.0,1.0,0.3,0.41999999999999993,0.0,0.0,5.0,5.0,1.1,0.78,1.0,0.0,0.0,0.0,0.0,0.0,0.0,0.0,0.0,0.0,0.0,0.0,0.0,1.0,5.0,4.0,1.4,0.72,1.0,16.5933333333,24.4975,7.9041666667,22.10249999999,3.3055000000140007,24.4975,0.0,2.493,2.493,1.4957999999999998,1.19664,2.493,0.0,0.0,0.0,0.0,0.0,0.0,64.0,229.0,165.0,121.0,68.4,64.0
-6.42021640338319,1,1.0,74.0,73.0,8.542056074766355,7.341776574373307,1.0,1.0,92.0,91.0,83.75700934579439,10.300637610271645,92.0,1.00794,183.84,182.83206,17.90852504672897,16.889627555244996,1.00794,14.01,3695.0,3680.99,319.45252336448596,466.2037295833697,14.01,1.0,16.0,15.0,8.149532710280374,7.043409904795178,1.0,1.0,6.0,5.0,1.897196261682243,0.7881911083937462,1.0,31.0,162.0,131.0,62.757009345794394,27.898681107520307,31.0,0.98,3.44,2.46,2.6562616822429908,0.5859725740239322,2.2,1.0,2.0,1.0,1.4579439252336448,0.4964625731504935,1.0,0.0,4.0,4.0,1.794392523364486,1.978862782775788,0.0,0.0,5.0,5.0,0.411214953271028,0.7532535592628177,0.0,0.0,14.0,14.0,0.1308411214953271,0.25923661455148916,0.0,1.0,20.0,19.0,3.794392523364486,2.6115817975369033,1.0,0.0,1.0,1.0,0.5420560747663551,0.4964625731504935,1.0,0.0,2.0,2.0,0.897196261682243,0.989431391387894,0.0,0.0,6.0,6.0,0.42990654205607476,0.7874923574111276,0.0,0.0,0.0,0.0,0.0,0.0,0.0,1.0,6.0,5.0,1.8691588785046729,0.8122980172940868,1.0,6.615,25.786875,19.171875,10.025700934578504,3.6846912394080347,6.615,0.0,7.853,7.853,3.614084112149533,3.7239074154948035,7.853,0.0,0.0,0.0,0.0,0.0,0.0,12.0,229.0,217.0,120.61682242990655,88.77770984365446,194.0
-3.680893940690224,1,3.0,7.0,4.0,4.0,1.5,3.0,1.0,82.0,81.0,21.25,30.375,1.0,6.941,14.0067,7.0657000000000005,8.707425,2.6496375000000008,6.941,63.05,453.69,390.64,356.03,146.49,453.69,1.0,15.0,14.0,4.5,5.25,1.0,2.0,2.0,0.0,2.0,0.0,2.0,71.0,128.0,57.0,113.75,21.375,128.0,0.98,3.04,2.06,1.495,0.7725000000000001,0.98,1.0,2.0,1.0,1.25,0.375,1.0,0.0,3.0,3.0,0.75,1.125,0.0,0.0,0.0,0.0,0.0,0.0,0.0,0.0,0.0,0.0,0.0,0.0,0.0,1.0,5.0,4.0,2.0,1.5,1.0,0.0,1.0,1.0,0.75,0.375,1.0,0.0,3.0,3.0,0.75,1.125,0.0,0.0,0.0,0.0,0.0,0.0,0.0,0.0,0.0,0.0,0.0,0.0,0.0,1.0,3.0,2.0,1.5,0.75,1.0,14.76875,16.5933333333,1.824583333299998,16.137187499975,0.6842187499874992,16.5933333333,0.0,6.437,6.437,1.60925,2.413875,0.0,0.0,0.0,0.0,0.0,0.0,0.0,194.0,229.0,35.0,220.25,13.125,229.0
-12.882728704344236,1,3.0,23.0,20.0,7.800000000000001,3.5999999999999996,8.0,1.0,87.0,86.0,50.55,38.0725,87.0,6.941,50.9415,44.000499999999995,16.47106905,7.619220837500001,15.9994,54.8,2183.0,2128.2,423.76625,374.2895625,54.8,1.0,16.0,15.0,9.25,7.0375,16.0,2.0,4.0,2.0,2.225,0.39375000000000004,2.0,66.0,153.0,87.0,98.975,32.975,66.0,0.98,3.44,2.46,2.30525,1.13475,3.44,1.0,2.0,1.0,1.625,0.46875,2.0,0.0,4.0,4.0,2.075,1.97125,4.0,0.0,3.0,3.0,0.30000000000000004,0.54,0.0,0.0,0.0,0.0,0.0,0.0,0.0,1.0,6.0,5.0,4.0,2.25,6.0,0.0,1.0,1.0,0.375,0.46875,0.0,0.0,3.0,3.0,1.075,1.02125,2.0,0.0,7.0,7.0,0.7000000000000001,1.26,0.0,0.0,0.0,0.0,0.0,0.0,0.0,1.0,7.0,6.0,2.1500000000000004,1.0125000000000002,2.0,9.105,22.5702380952,13.4652380952,12.6402559523675,3.535255952367499,9.105,0.0,1.625,1.625,0.040625,0.07921875,0.0,0.0,0.0,0.0,0.0,0.0,0.0,2.0,229.0,227.0,114.825,108.46625,12.0
-3.153044674980176,1,3.0,15.0,12.0,6.0,4.5,3.0,1.0,83.0,82.0,21.5,30.75,1.0,6.941,30.973762,24.032762,12.9491905,9.01228575,6.941,317.3,453.69,136.39,419.5925,51.14625000000001,453.69,1.0,15.0,14.0,4.5,5.25,1.0,2.0,3.0,1.0,2.25,0.375,2.0,107.0,128.0,21.0,122.75,7.875,128.0,0.98,2.19,1.21,1.2825,0.45375,0.98,1.0,2.0,1.0,1.25,0.375,1.0,0.0,3.0,3.0,0.75,1.125,0.0,0.0,0.0,0.0,0.0,0.0,0.0,0.0,0.0,0.0,0.0,0.0,0.0,1.0,5.0,4.0,2.0,1.5,1.0,0.0,1.0,1.0,0.75,0.375,1.0,0.0,3.0,3.0,0.75,1.125,0.0,0.0,0.0,0.0,0.0,0.0,0.0,0.0,0.0,0.0,0.0,0.0,0.0,1.0,3.0,2.0,1.5,0.75,1.0,16.5933333333,22.5702380952,5.976904761900002,18.087559523775,2.2413392857125007,16.5933333333,0.0,1.625,1.625,0.40625,0.609375,0.0,0.0,0.0,0.0,0.0,0.0,0.0,2.0,229.0,227.0,172.25,85.125,229.0
-6.585026652029182,1,3.0,16.0,13.0,11.0,6.0,16.0,1.0,88.0,87.0,54.75,40.3125,88.0,6.941,32.065,25.124,22.50709525,11.6745714375,32.065,317.3,453.69,136.39,403.97625,37.28531249999999,388.36,1.0,16.0,15.0,10.25,6.9375,16.0,2.0,3.0,1.0,2.625,0.46875,3.0,105.0,128.0,23.0,113.875,10.59375,105.0,0.98,2.58,1.6,1.93125,0.7134375000000001,2.58,1.0,2.0,1.0,1.625,0.46875,2.0,0.0,4.0,4.0,2.375,1.78125,4.0,0.0,0.0,0.0,0.0,0.0,0.0,0.0,0.0,0.0,0.0,0.0,0.0,1.0,6.0,5.0,4.0,2.25,6.0,0.0,1.0,1.0,0.375,0.46875,0.0,0.0,3.0,3.0,1.375,1.03125,2.0,0.0,0.0,0.0,0.0,0.0,0.0,0.0,0.0,0.0,0.0,0.0,0.0,1.0,3.0,2.0,1.75,0.5625,2.0,16.5933333333,25.786875,9.1935416667,21.937217261887497,4.007912946440626,25.786875,0.0,2.202,2.202,1.304125,0.97809375,2.202,0.0,0.0,0.0,0.0,0.0,0.0,2.0,229.0,227.0,121.125,80.90625,70.0
-8.318758762624412,1,3.0,51.0,48.0,15.5,9.375,16.0,1.0,88.0,87.0,55.0,40.5,88.0,6.941,121.76,114.819,33.855374999999995,21.97615625,32.065,388.36,903.78,515.42,477.28625,106.6234375,388.36,1.0,16.0,15.0,10.25,6.9375,16.0,2.0,5.0,3.0,2.875,0.65625,3.0,105.0,139.0,34.0,117.875,12.875,105.0,0.98,2.58,1.6,1.91375,0.7003125,2.58,1.0,2.0,1.0,1.625,0.46875,2.0,0.0,4.0,4.0,2.375,1.78125,4.0,0.0,10.0,10.0,1.25,2.1875,0.0,0.0,0.0,0.0,0.0,0.0,0.0,1.0,15.0,14.0,5.25,3.1875,6.0,0.0,1.0,1.0,0.375,0.46875,0.0,0.0,3.0,3.0,1.375,1.03125,2.0,0.0,0.0,0.0,0.0,0.0,0.0,0.0,0.0,0.0,0.0,0.0,0.0,1.0,3.0,2.0,1.75,0.5625,2.0,16.5933333333,31.56,14.9666666667,23.0609374999875,4.850703125015625,25.786875,0.0,2.202,2.202,1.101,1.101,2.202,0.0,0.0,0.0,0.0,0.0,0.0,70.0,229.0,159.0,141.625,71.625,70.0
-7.494850021680094,1,3.0,40.0,37.0,12.344444444444445,6.830864197530865,8.0,1.0,87.0,86.0,76.77222222222223,15.712962962962958,87.0,6.941,91.224,84.283,26.10929922222222,15.609676654320989,15.9994,54.8,2128.0,2073.2,350.02722222222224,404.5453703703704,54.8,1.0,16.0,15.0,13.666666666666666,3.5555555555555562,16.0,2.0,5.0,3.0,2.494444444444444,0.7141975308641973,2.0,66.0,175.0,109.0,88.30555555555556,29.74074074074074,66.0,0.98,3.44,2.46,2.8617222222222227,0.7710370370370369,3.44,1.0,2.0,1.0,1.9444444444444444,0.1049382716049383,2.0,0.0,4.0,4.0,3.1666666666666665,1.1111111111111112,4.0,0.0,2.0,2.0,0.2222222222222222,0.3950617283950617,0.0,0.0,0.0,0.0,0.0,0.0,0.0,1.0,6.0,5.0,5.333333333333333,0.8888888888888891,6.0,0.0,1.0,1.0,0.05555555555555555,0.10493827160493827,0.0,0.0,3.0,3.0,1.8333333333333333,0.6111111111111112,2.0,0.0,8.0,8.0,0.8888888888888888,1.5802469135802468,0.0,0.0,0.0,0.0,0.0,0.0,0.0,1.0,8.0,7.0,2.7777777777777777,1.234567901234568,2.0,9.105,23.195,14.09,13.294641534383333,5.5861887125111105,9.105,0.0,1.625,1.625,0.2708333333333333,0.4513888888888889,0.0,0.0,2.25333333333e-05,2.25333333333e-05,1.2518518518500002e-07,2.4897942386794446e-07,0.0,2.0,229.0,227.0,42.611111111111114,54.351851851851855,12.0
-7.251811972993799,1,3.0,40.0,37.0,12.244444444444445,6.686419753086421,8.0,1.0,87.0,86.0,76.76666666666667,15.722222222222221,87.0,6.941,91.224,84.283,25.868427,15.261750111111112,15.9994,54.8,2128.0,2073.2,348.9883333333333,402.8138888888888,54.8,1.0,16.0,15.0,13.666666666666666,3.5555555555555562,16.0,2.0,5.0,3.0,2.488888888888889,0.7061728395061728,2.0,66.0,175.0,109.0,88.22222222222223,29.629629629629633,66.0,0.98,3.44,2.46,2.862888888888889,0.7694814814814813,3.44,1.0,2.0,1.0,1.9444444444444444,0.1049382716049383,2.0,0.0,4.0,4.0,3.1666666666666665,1.1111111111111112,4.0,0.0,2.0,2.0,0.2222222222222222,0.3950617283950617,0.0,0.0,0.0,0.0,0.0,0.0,0.0,1.0,6.0,5.0,5.333333333333333,0.8888888888888891,6.0,0.0,1.0,1.0,0.05555555555555555,0.10493827160493827,0.0,0.0,3.0,3.0,1.8333333333333333,0.6111111111111112,2.0,0.0,8.0,8.0,0.8888888888888888,1.5802469135802468,0.0,0.0,0.0,0.0,0.0,0.0,0.0,1.0,8.0,7.0,2.7777777777777777,1.234567901234568,2.0,9.105,23.195,14.09,13.258502645494445,5.538003527325926,9.105,0.0,1.625,1.625,0.2708333333333333,0.4513888888888889,0.0,0.0,2.25333333333e-05,2.25333333333e-05,2.5037037037000004e-07,4.951769547317778e-07,0.0,2.0,229.0,227.0,42.611111111111114,54.351851851851855,12.0
-7.070581074285707,1,3.0,40.0,37.0,10.644444444444444,4.375308641975308,8.0,1.0,87.0,86.0,76.67777777777779,15.870370370370361,87.0,6.941,91.224,84.283,22.014471444444442,9.694925419753085,15.9994,54.8,2128.0,2073.2,332.36611111111114,375.1101851851851,54.8,1.0,16.0,15.0,13.666666666666666,3.5555555555555562,16.0,2.0,5.0,3.0,2.4,0.5777777777777777,2.0,66.0,175.0,109.0,86.88888888888889,27.85185185185185,66.0,0.98,3.44,2.46,2.881555555555556,0.7445925925925925,3.44,1.0,2.0,1.0,1.9444444444444444,0.1049382716049383,2.0,0.0,4.0,4.0,3.1666666666666665,1.1111111111111112,4.0,0.0,2.0,2.0,0.2222222222222222,0.3950617283950617,0.0,0.0,0.0,0.0,0.0,0.0,0.0,1.0,6.0,5.0,5.333333333333333,0.8888888888888891,6.0,0.0,1.0,1.0,0.05555555555555555,0.10493827160493827,0.0,0.0,3.0,3.0,1.8333333333333333,0.6111111111111112,2.0,0.0,8.0,8.0,0.8888888888888888,1.5802469135802468,0.0,0.0,0.0,0.0,0.0,0.0,0.0,1.0,8.0,7.0,2.7777777777777777,1.234567901234568,2.0,9.105,23.195,14.09,12.680280423272224,4.767040564362964,9.105,0.0,1.625,1.625,0.2708333333333333,0.4513888888888889,0.0,0.0,2.25333333333e-05,2.25333333333e-05,2.25333333333e-06,4.055999999994e-06,0.0,2.0,229.0,227.0,42.611111111111114,54.351851851851855,12.0
-5.501689446210399,1,3.0,50.0,47.0,12.933333333333334,7.681481481481482,8.0,1.0,87.0,86.0,79.95555555555556,10.415308641975301,87.0,6.941,118.71,111.76899999999999,27.829882555555557,18.094963691358025,15.9994,54.8,1941.0,1886.2,202.65099999999998,197.13466666666667,54.8,1.0,16.0,15.0,14.555555555555555,2.074074074074074,16.0,2.0,5.0,3.0,2.477777777777778,0.6901234567901234,2.0,66.0,160.0,94.0,84.85555555555555,25.14074074074074,66.0,0.98,3.44,2.46,2.9212222222222226,0.6917037037037035,3.44,1.0,2.0,1.0,1.9444444444444444,0.1049382716049383,2.0,0.0,4.0,4.0,3.3444444444444446,0.874074074074074,4.0,0.0,10.0,10.0,0.9333333333333333,1.6592592592592592,0.0,0.0,0.0,0.0,0.0,0.0,0.0,1.0,14.0,13.0,6.222222222222222,1.382716049382716,6.0,0.0,1.0,1.0,0.05555555555555555,0.10493827160493827,0.0,0.0,4.0,4.0,2.188888888888889,0.5923456790123458,2.0,0.0,8.0,8.0,0.17777777777777778,0.3476543209876543,0.0,0.0,0.0,0.0,0.0,0.0,0.0,1.0,8.0,7.0,2.4222222222222225,0.7209876543209878,2.0,9.105,33.285,24.179999999999996,14.083113756605556,6.637485008807407,9.105,0.0,1.625,1.625,0.2708333333333333,0.4513888888888889,0.0,0.0,2.25333333333e-05,2.25333333333e-05,5.007407407400001e-07,9.792263374471112e-07,0.0,2.0,229.0,227.0,37.9,46.49999999999999,12.0
-5.025949097207123,1,3.0,50.0,47.0,12.622222222222222,7.232098765432098,8.0,1.0,87.0,86.0,79.54444444444444,11.163456790123464,87.0,6.941,118.71,111.76899999999999,27.042738111111113,16.95797727160494,15.9994,54.8,1941.0,1886.2,218.60566666666668,218.40755555555555,54.8,1.0,16.0,15.0,14.444444444444445,2.259259259259259,16.0,2.0,5.0,3.0,2.4666666666666663,0.6740740740740739,2.0,66.0,160.0,94.0,85.08888888888889,25.451851851851853,66.0,0.98,3.44,2.46,2.9165555555555556,0.697925925925926,3.44,1.0,2.0,1.0,1.9444444444444444,0.1049382716049383,2.0,0.0,4.0,4.0,3.3222222222222224,0.9037037037037037,4.0,0.0,10.0,10.0,0.8444444444444444,1.5012345679012344,0.0,0.0,0.0,0.0,0.0,0.0,0.0,1.0,14.0,13.0,6.111111111111111,1.2271604938271603,6.0,0.0,1.0,1.0,0.05555555555555555,0.10493827160493827,0.0,0.0,4.0,4.0,2.1444444444444444,0.5738271604938271,2.0,0.0,8.0,8.0,0.26666666666666666,0.5155555555555554,0.0,0.0,0.0,0.0,0.0,0.0,0.0,1.0,8.0,7.0,2.4666666666666663,0.785185185185185,2.0,9.105,33.285,24.179999999999996,13.898724867716666,6.391633156955555,9.105,0.0,1.625,1.625,0.2708333333333333,0.4513888888888889,0.0,0.0,2.25333333333e-05,2.25333333333e-05,7.5111111111e-07,1.452148148146e-06,0.0,2.0,229.0,227.0,38.48888888888889,47.48148148148148,12.0
-4.642065152999546,1,3.0,50.0,47.0,11.377777777777778,5.434567901234568,8.0,1.0,87.0,86.0,77.9,13.973333333333331,87.0,6.941,118.71,111.76899999999999,23.894160333333335,12.410031592592595,15.9994,54.8,1941.0,1886.2,282.4243333333333,303.49911111111106,54.8,1.0,16.0,15.0,14.0,3.0,16.0,2.0,5.0,3.0,2.4222222222222225,0.6098765432098766,2.0,66.0,160.0,94.0,86.02222222222223,26.6962962962963,66.0,0.98,3.44,2.46,2.8978888888888887,0.7228148148148149,3.44,1.0,2.0,1.0,1.9444444444444444,0.1049382716049383,2.0,0.0,4.0,4.0,3.2333333333333334,1.0222222222222224,4.0,0.0,10.0,10.0,0.4888888888888889,0.8691358024691357,0.0,0.0,0.0,0.0,0.0,0.0,0.0,1.0,14.0,13.0,5.666666666666667,0.9999999999999998,6.0,0.0,1.0,1.0,0.05555555555555555,0.10493827160493827,0.0,0.0,4.0,4.0,1.9666666666666668,0.5244444444444443,2.0,0.0,8.0,8.0,0.6222222222222222,1.1476543209876542,0.0,0.0,0.0,0.0,0.0,0.0,0.0,1.0,8.0,7.0,2.644444444444445,1.0419753086419756,2.0,9.105,33.285,24.179999999999996,13.16116931216111,5.408225749548148,9.105,0.0,1.625,1.625,0.2708333333333333,0.4513888888888889,0.0,0.0,2.25333333333e-05,2.25333333333e-05,1.7525925925900001e-06,3.232559670777112e-06,0.0,2.0,229.0,227.0,40.84444444444445,51.40740740740742,12.0
-13.036212172654444,1,3.0,23.0,20.0,8.0,3.75,8.0,1.0,87.0,86.0,49.625,37.375,87.0,6.941,50.9415,44.000499999999995,16.9702625,8.492809375,15.9994,54.8,2183.0,2128.2,470.40874999999994,428.14781249999993,54.8,1.0,16.0,15.0,9.0,7.0,16.0,2.0,4.0,2.0,2.25,0.4375,2.0,66.0,153.0,87.0,100.125,34.125,66.0,0.98,3.44,2.46,2.29125,1.14875,3.44,1.0,2.0,1.0,1.625,0.46875,2.0,0.0,4.0,4.0,2.0,2.0,4.0,0.0,3.0,3.0,0.375,0.65625,0.0,0.0,0.0,0.0,0.0,0.0,0.0,1.0,6.0,5.0,4.0,2.25,6.0,0.0,1.0,1.0,0.375,0.46875,0.0,0.0,2.0,2.0,1.0,1.0,2.0,0.0,7.0,7.0,0.875,1.53125,0.0,0.0,0.0,0.0,0.0,0.0,0.0,1.0,7.0,6.0,2.25,1.1875,2.0,9.105,16.5933333333,7.488333333299998,12.401249999987499,3.2962499999874995,9.105,0.0,0.0,0.0,0.0,0.0,0.0,0.0,0.0,0.0,0.0,0.0,0.0,12.0,229.0,217.0,120.5,108.5,12.0
-2.7166987712964503,1,3.0,39.0,36.0,25.8,13.680000000000001,35.0,1.0,95.0,94.0,58.5,43.8,95.0,6.941,88.90585,81.96485,58.915285,31.184570999999995,79.904,265.8,1799.0,1533.2,475.48699999999997,264.70259999999996,265.8,1.0,17.0,16.0,10.8,7.44,17.0,2.0,5.0,3.0,3.5,0.9,4.0,120.0,190.0,70.0,129.4,12.120000000000005,120.0,0.98,2.96,1.98,2.1919999999999997,0.9216000000000001,2.96,1.0,2.0,1.0,1.7,0.41999999999999993,2.0,0.0,5.0,5.0,3.0,2.4,5.0,0.0,10.0,10.0,6.1,4.68,10.0,0.0,0.0,0.0,0.0,0.0,0.0,1.0,17.0,16.0,10.8,7.44,17.0,0.0,1.0,1.0,0.3,0.41999999999999993,0.0,0.0,1.0,1.0,0.6,0.4800000000000001,1.0,0.0,9.0,9.0,0.9,1.6200000000000003,0.0,0.0,0.0,0.0,0.0,0.0,0.0,1.0,9.0,8.0,1.8,1.4400000000000002,1.0,16.5933333333,32.365,15.771666666700003,25.90249999999,5.585500000014002,29.48,0.0,1.457,1.457,0.8742000000000001,0.6993600000000001,1.457,0.0,0.0,0.0,0.0,0.0,0.0,64.0,229.0,165.0,126.5,75.0,64.0
-9.0,1,3.0,40.0,37.0,12.444444444444445,6.975308641975309,8.0,1.0,87.0,86.0,76.77777777777777,15.703703703703708,87.0,6.941,91.224,84.283,26.350171444444445,15.957603197530865,15.9994,54.8,2128.0,2073.2,351.0661111111111,406.2768518518518,54.8,1.0,16.0,15.0,13.666666666666666,3.5555555555555562,16.0,2.0,5.0,3.0,2.5,0.7222222222222222,2.0,66.0,175.0,109.0,88.38888888888889,29.85185185185185,66.0,0.98,3.44,2.46,2.8605555555555555,0.7725925925925926,3.44,1.0,2.0,1.0,1.9444444444444444,0.1049382716049383,2.0,0.0,4.0,4.0,3.1666666666666665,1.1111111111111112,4.0,0.0,2.0,2.0,0.2222222222222222,0.3950617283950617,0.0,0.0,0.0,0.0,0.0,0.0,0.0,1.0,6.0,5.0,5.333333333333333,0.8888888888888891,6.0,0.0,1.0,1.0,0.05555555555555555,0.10493827160493827,0.0,0.0,3.0,3.0,1.8333333333333333,0.6111111111111112,2.0,0.0,8.0,8.0,0.8888888888888888,1.5802469135802468,0.0,0.0,0.0,0.0,0.0,0.0,0.0,1.0,8.0,7.0,2.7777777777777777,1.234567901234568,2.0,9.105,23.195,14.09,13.330780423272223,5.634373897696297,9.105,0.0,1.625,1.625,0.2708333333333333,0.4513888888888889,0.0,0.0,0.0,0.0,0.0,0.0,0.0,2.0,229.0,227.0,42.611111111111114,54.351851851851855,12.0
-2.958607314841775,1,3.0,22.0,19.0,10.398891966759004,4.050475364676453,8.0,1.0,87.0,86.0,76.54016620498615,16.05512542107565,87.0,6.941,47.867,40.925999999999995,21.434452239889197,8.91288107817773,15.9994,54.8,1941.0,1886.2,327.8392243767313,366.5471873297474,54.8,1.0,16.0,15.0,13.65650969529086,3.562587764059514,16.0,2.0,4.0,2.0,2.3850415512465375,0.5567636835199239,2.0,66.0,160.0,94.0,86.7285318559557,27.56148280016268,66.0,0.98,3.44,2.46,2.878808864265928,0.7461821195356082,3.44,1.0,2.0,1.0,1.9418282548476455,0.10957558643656806,2.0,0.0,4.0,4.0,3.1606648199445986,1.1160135358077363,4.0,0.0,2.0,2.0,0.21606648199445982,0.3854482393474574,0.0,0.0,0.0,0.0,0.0,0.0,0.0,1.0,6.0,5.0,5.3185595567867034,0.9060703954082613,6.0,0.0,1.0,1.0,0.05817174515235457,0.10957558643656819,0.0,0.0,5.0,5.0,1.8421052631578947,0.6123341594984693,2.0,0.0,8.0,8.0,0.8642659279778393,1.5417929573898297,0.0,0.0,0.0,0.0,0.0,0.0,0.0,1.0,8.0,7.0,2.7645429362880884,1.2218598690924716,2.0,9.105,22.5702380952,13.4652380952,12.61846062523906,4.6716373964397455,9.105,0.0,1.625,1.625,0.2700831024930748,0.45038788836795307,0.0,0.0,2.25333333333e-05,2.25333333333e-05,2.434349030467313e-06,4.34271682997493e-06,0.0,2.0,229.0,227.0,43.21329639889197,55.20215467959884,12.0
-3.744727494896694,1,3.0,24.0,21.0,10.429362880886426,4.094535800062921,8.0,1.0,87.0,86.0,76.47368421052632,16.16562181075959,87.0,6.941,51.9961,45.055099999999996,21.50374465373961,9.013076756930962,15.9994,54.8,2180.0,2125.2,331.292216066482,372.28623168944375,54.8,1.0,16.0,15.0,13.637119113573409,3.5948158777173282,16.0,2.0,4.0,2.0,2.3878116343490308,0.5607691776459667,2.0,66.0,160.0,94.0,86.77839335180056,27.627780633973035,66.0,0.98,3.44,2.46,2.878947368421053,0.7459979588861348,3.44,1.0,2.0,1.0,1.9390581717451525,0.11445584364760847,2.0,0.0,4.0,4.0,3.1578947368421053,1.1196967487972007,4.0,0.0,5.0,5.0,0.2299168975069252,0.4088826819929252,0.0,0.0,0.0,0.0,0.0,0.0,0.0,1.0,6.0,5.0,5.326869806094183,0.8987500095917006,6.0,0.0,1.0,1.0,0.060941828254847646,0.1144558436476086,0.0,0.0,3.0,3.0,1.8282548476454294,0.617858978982666,2.0,0.0,8.0,8.0,0.8781163434903047,1.5616362673705697,0.0,0.0,0.0,0.0,0.0,0.0,0.0,1.0,8.0,7.0,2.7673130193905817,1.2258653632185144,2.0,9.105,22.5702380952,13.4652380952,12.603806885626872,4.659985924853605,9.105,0.0,1.625,1.625,0.2700831024930748,0.45038788836795307,0.0,0.0,2.25333333333e-05,2.25333333333e-05,2.434349030467313e-06,4.34271682997493e-06,0.0,2.0,229.0,227.0,43.22437673130194,55.220570744546166,12.0
-3.886056647693163,1,3.0,26.0,23.0,10.434903047091412,4.102546788315006,8.0,1.0,87.0,86.0,76.49030470914127,16.137997713338606,87.0,6.941,55.845,48.903999999999996,21.514406426592796,9.028493503272689,15.9994,54.8,1941.0,1886.2,330.27005540166203,370.58734969805323,54.8,1.0,16.0,15.0,13.642659279778394,3.5856078452436666,16.0,2.0,4.0,2.0,2.3878116343490308,0.5607691776459667,2.0,66.0,160.0,94.0,86.7590027700831,27.60199814304678,66.0,0.98,3.44,2.46,2.8794182825484764,0.745371812677926,3.44,1.0,2.0,1.0,1.9418282548476455,0.10957558643656806,2.0,0.0,4.0,4.0,3.1578947368421053,1.1196967487972007,4.0,0.0,6.0,6.0,0.23268698060941828,0.4138089793663339,0.0,0.0,0.0,0.0,0.0,0.0,0.0,1.0,8.0,7.0,5.332409972299169,0.9024332225811649,6.0,0.0,1.0,1.0,0.05817174515235457,0.10957558643656819,0.0,0.0,3.0,3.0,1.8282548476454294,0.617858978982666,2.0,0.0,8.0,8.0,0.8753462603878116,1.5567099699971607,0.0,0.0,0.0,0.0,0.0,0.0,0.0,1.0,8.0,7.0,2.761772853185596,1.2178543749664292,2.0,9.105,22.5702380952,13.4652380952,12.602532647399725,4.6608330638411815,9.105,0.0,1.625,1.625,0.2700831024930748,0.45038788836795307,0.0,0.0,2.1106628,2.1106628,0.005849145706371187,0.011661017475310963,0.0,2.0,229.0,227.0,43.22437673130194,55.220570744546166,12.0
-5.537602002101044,1,3.0,32.0,29.0,11.403314917127073,5.534080156283387,8.0,1.0,87.0,86.0,80.19337016574586,9.95574005677482,87.0,6.941,72.64,65.699,23.937201097237573,12.591097720863225,15.9994,54.8,1211.4,1156.6000000000001,248.8158011049724,257.25852080217334,54.8,1.0,16.0,15.0,14.696132596685084,1.8296144806324588,16.0,2.0,4.0,2.0,2.38121546961326,0.5518146576722324,2.0,66.0,128.0,62.0,82.53591160220995,21.92607063276457,66.0,0.98,3.44,2.46,2.9230939226519337,0.685400323555447,3.44,1.0,2.0,1.0,1.9392265193370166,0.11416012942217876,2.0,0.0,4.0,4.0,3.3646408839779007,0.8424651262171485,4.0,0.0,10.0,10.0,1.0497237569060773,1.879063520649553,0.0,0.0,0.0,0.0,0.0,0.0,0.0,1.0,14.0,13.0,6.3535911602209945,1.6053234028265315,6.0,0.0,1.0,1.0,0.06077348066298342,0.1141601294221788,0.0,0.0,5.0,5.0,2.270718232044199,0.6349623027380117,2.0,0.0,0.0,0.0,0.0,0.0,0.0,0.0,0.0,0.0,0.0,0.0,0.0,1.0,5.0,4.0,2.3314917127071824,0.6013857940844297,2.0,9.105,23.005,13.899999999999999,13.291761378576245,5.551506800322091,9.105,0.0,1.625,1.625,0.3095414364640884,0.4514858520802174,0.0,0.0,0.0,0.0,0.0,0.0,0.0,2.0,229.0,227.0,47.06629834254144,61.43585360642226,12.0
-3.5850266520291822,1,3.0,24.0,21.0,10.414364640883978,4.102560971887305,8.0,1.0,87.0,86.0,76.28176795580112,16.439058636793742,87.0,6.941,51.9961,45.055099999999996,21.474922430939227,9.026915342022527,15.9994,54.8,2180.0,2125.2,332.2905524861879,372.91251793290803,54.8,1.0,16.0,15.0,13.607734806629834,3.633588718293093,16.0,2.0,4.0,2.0,2.386740331491713,0.55981197155154,2.0,66.0,160.0,94.0,86.83425414364642,27.625530356216238,66.0,0.98,3.44,2.46,2.8740331491712707,0.7504532828668233,3.44,1.0,2.0,1.0,1.9337016574585637,0.1238057446353895,2.0,0.0,4.0,4.0,3.149171270718232,1.1281706907603553,4.0,0.0,5.0,5.0,0.2375690607734807,0.4226366716522695,0.0,0.0,0.0,0.0,0.0,0.0,0.0,1.0,6.0,5.0,5.320441988950276,0.908580324165929,6.0,0.0,1.0,1.0,0.06629834254143646,0.12380574463538964,0.0,0.0,3.0,3.0,1.8232044198895028,0.6245230609566254,2.0,0.0,8.0,8.0,0.8674033149171272,1.5431152895210771,0.0,0.0,0.0,0.0,0.0,0.0,0.0,1.0,8.0,7.0,2.756906077348066,1.2171789627911236,2.0,9.105,22.5702380952,13.4652380952,12.59963430675304,4.649345316211246,9.105,0.0,1.625,1.625,0.26933701657458564,0.44939104422941917,0.0,0.0,2.25333333333e-05,2.25333333333e-05,2.365377532224862e-06,4.234156466524062e-06,0.0,2.0,229.0,227.0,43.834254143646405,56.07887427123714,12.0
-3.9706162223147903,1,3.0,72.0,69.0,15.674033149171272,11.939440188028449,8.0,1.0,87.0,86.0,76.52486187845305,16.036140532950757,87.0,6.941,178.49,171.549,35.20799370165746,30.30933840847349,15.9994,54.8,2506.0,2451.2,389.56127071823204,467.836360306462,54.8,1.0,16.0,15.0,13.61878453038674,3.6152742590275024,16.0,2.0,6.0,4.0,2.5966850828729284,0.8637098989652332,2.0,66.0,175.0,109.0,88.37016574585635,29.662098226549865,66.0,0.98,3.44,2.46,2.8497790055248617,0.7826134733371998,3.44,1.0,2.0,1.0,1.9392265193370166,0.11416012942217876,2.0,0.0,4.0,4.0,3.149171270718232,1.1281706907603553,4.0,0.0,6.0,6.0,0.2430939226519337,0.4324654314581362,0.0,0.0,14.0,14.0,1.4696132596685083,2.630688928909374,0.0,1.0,18.0,17.0,6.801104972375692,2.3643966911876935,6.0,0.0,1.0,1.0,0.06077348066298342,0.1141601294221788,0.0,0.0,3.0,3.0,1.8232044198895028,0.6245230609566254,2.0,0.0,8.0,8.0,0.8618784530386742,1.5332865297152103,0.0,0.0,0.0,0.0,0.0,0.0,0.0,1.0,8.0,7.0,2.74585635359116,1.201184335032508,2.0,9.105,22.5702380952,13.4652380952,13.1754906603442,5.4243576784712495,9.105,0.0,1.625,1.625,0.26933701657458564,0.44939104422941917,0.0,0.0,2.1106628,2.1106628,0.011661120441988951,0.023193388724397915,0.0,2.0,229.0,227.0,43.834254143646405,56.07887427123714,12.0
-3.2006594505464183,1,3.0,26.0,23.0,10.425414364640885,4.118555599645921,8.0,1.0,87.0,86.0,76.31491712707182,16.384115258996978,87.0,6.941,55.845,48.903999999999996,21.496187071823208,9.057696203412597,15.9994,54.8,1941.0,1886.2,330.25187845303867,369.5335001984066,54.8,1.0,16.0,15.0,13.61878453038674,3.6152742590275024,16.0,2.0,4.0,2.0,2.386740331491713,0.55981197155154,2.0,66.0,160.0,94.0,86.79558011049724,27.57424987027258,66.0,0.98,3.44,2.46,2.8749723756906076,0.7492078996367633,3.44,1.0,2.0,1.0,1.9392265193370166,0.11416012942217876,2.0,0.0,4.0,4.0,3.149171270718232,1.1281706907603553,4.0,0.0,6.0,6.0,0.2430939226519337,0.4324654314581362,0.0,0.0,0.0,0.0,0.0,0.0,0.0,1.0,8.0,7.0,5.331491712707183,0.915906107872165,6.0,0.0,1.0,1.0,0.06077348066298342,0.1141601294221788,0.0,0.0,3.0,3.0,1.8232044198895028,0.6245230609566254,2.0,0.0,8.0,8.0,0.8618784530386742,1.5332865297152103,0.0,0.0,0.0,0.0,0.0,0.0,0.0,1.0,8.0,7.0,2.74585635359116,1.201184335032508,2.0,9.105,22.5702380952,13.4652380952,12.597092870288952,4.65103024646368,9.105,0.0,1.625,1.625,0.26933701657458564,0.44939104422941917,0.0,0.0,2.1106628,2.1106628,0.011663485819521176,0.023193362587629603,0.0,2.0,229.0,227.0,43.834254143646405,56.07887427123714,12.0
-4.289882634888183,1,3.0,72.0,69.0,15.801104972375692,12.165501663563386,8.0,1.0,87.0,86.0,76.6353591160221,15.852995940294864,87.0,6.941,178.49,171.549,35.53381138121547,30.888969860504872,15.9994,54.8,2506.0,2451.2,381.93005524861877,455.1879368761637,54.8,1.0,16.0,15.0,13.646408839779006,3.569488110863526,16.0,2.0,6.0,4.0,2.6022099447513813,0.8717072128445409,2.0,66.0,175.0,109.0,88.42541436464089,29.735356063612222,66.0,0.98,3.44,2.46,2.8495027624309395,0.7829797625225114,3.44,1.0,2.0,1.0,1.9392265193370166,0.11416012942217876,2.0,0.0,4.0,4.0,3.1546961325966856,1.1208449070541193,4.0,0.0,10.0,10.0,0.2651933701657459,0.4717804706816032,0.0,0.0,14.0,14.0,1.4696132596685083,2.630688928909374,0.0,1.0,18.0,17.0,6.828729281767957,2.4135404902170277,6.0,0.0,1.0,1.0,0.06077348066298342,0.1141601294221788,0.0,0.0,5.0,5.0,1.850828729281768,0.6135343853972711,2.0,0.0,8.0,8.0,0.839779005524862,1.5032508165196425,0.0,0.0,0.0,0.0,0.0,0.0,0.0,1.0,8.0,7.0,2.7513812154696136,1.2091816489118161,2.0,9.105,24.26,15.155000000000001,13.25024204155967,5.496453535769726,9.105,0.0,1.625,1.625,0.26933701657458564,0.44939104422941917,0.0,0.0,0.0,0.0,0.0,0.0,0.0,2.0,229.0,227.0,43.33701657458563,55.25472360428559,12.0
-4.230622673923862,1,3.0,72.0,69.0,15.922651933701658,12.381734379292455,8.0,1.0,87.0,86.0,76.44751381215471,16.164341747809885,87.0,6.941,178.49,171.549,35.866125193370166,31.480157968315986,15.9994,54.8,2506.0,2451.2,390.25187845303867,468.9810140105614,54.8,1.0,16.0,15.0,13.591160220994476,3.6610604071914774,16.0,2.0,6.0,4.0,2.6077348066298343,0.8797045267238486,2.0,66.0,187.0,121.0,88.67403314917128,30.06501633039285,66.0,0.98,3.44,2.46,2.846685082872928,0.7867159122126921,3.44,1.0,2.0,1.0,1.9392265193370166,0.11416012942217876,2.0,0.0,4.0,4.0,3.149171270718232,1.1281706907603553,4.0,0.0,2.0,2.0,0.21546961325966854,0.3833216324288026,0.0,0.0,14.0,14.0,1.5469613259668509,2.752052745642685,0.0,1.0,18.0,17.0,6.850828729281768,2.4528555294404937,6.0,0.0,1.0,1.0,0.06077348066298342,0.1141601294221788,0.0,0.0,3.0,3.0,1.8232044198895028,0.6245230609566254,2.0,0.0,9.0,9.0,0.8895027624309394,1.5824303287445443,0.0,0.0,0.0,0.0,0.0,0.0,0.0,1.0,9.0,8.0,2.7734806629834257,1.2411709044290467,2.0,9.105,28.865,19.759999999999998,13.275684030509945,5.530188769736943,9.105,0.0,1.625,1.625,0.26933701657458564,0.44939104422941917,0.0,0.0,0.0022471,0.0022471,1.2414917127071824e-05,2.4692652849424623e-05,0.0,2.0,229.0,227.0,43.64088397790055,55.75837123408932,12.0
-4.610833915635467,1,3.0,72.0,69.0,15.646408839779006,11.890296388999117,8.0,1.0,87.0,86.0,76.28176795580112,16.439058636793742,87.0,6.941,178.49,171.549,35.14783299447514,30.202312178016548,15.9994,54.8,2506.0,2451.2,389.57784530386743,467.86383199536033,54.8,1.0,16.0,15.0,13.591160220994476,3.6610604071914774,16.0,2.0,6.0,4.0,2.5966850828729284,0.8637098989652332,2.0,66.0,175.0,109.0,88.58011049723757,29.940478007386833,66.0,0.98,3.44,2.46,2.847182320441989,0.7860565916791307,3.44,1.0,2.0,1.0,1.9392265193370166,0.11416012942217876,2.0,0.0,4.0,4.0,3.149171270718232,1.1281706907603553,4.0,0.0,2.0,2.0,0.21546961325966854,0.3833216324288026,0.0,0.0,14.0,14.0,1.4696132596685083,2.630688928909374,0.0,1.0,18.0,17.0,6.773480662983426,2.3569488110863532,6.0,0.0,1.0,1.0,0.06077348066298342,0.1141601294221788,0.0,0.0,3.0,3.0,1.8232044198895028,0.6245230609566254,2.0,0.0,9.0,9.0,0.8895027624309394,1.5824303287445443,0.0,0.0,0.0,0.0,0.0,0.0,0.0,1.0,9.0,8.0,2.7734806629834257,1.2411709044290467,2.0,9.105,22.5702380952,13.4652380952,13.239054196255802,5.481618823764599,9.105,0.0,1.625,1.625,0.26933701657458564,0.44939104422941917,0.0,0.0,6.35e-06,6.35e-06,3.5082872928176794e-08,6.97780898018986e-08,0.0,2.0,229.0,227.0,43.64088397790055,55.75837123408932,12.0
-3.801342913045578,1,3.0,22.0,19.0,10.39779005524862,4.078569030249382,8.0,1.0,87.0,86.0,76.07182320441989,16.787033362839964,87.0,6.941,47.867,40.925999999999995,21.436026364640888,8.970612748817194,15.9994,54.8,1941.0,1886.2,330.26845303867407,369.5609718873051,54.8,1.0,16.0,15.0,13.591160220994476,3.6610604071914774,16.0,2.0,4.0,2.0,2.386740331491713,0.55981197155154,2.0,66.0,170.0,104.0,87.00552486187846,27.852629651109552,66.0,0.98,3.44,2.46,2.872375690607735,0.7526510179786942,3.44,1.0,2.0,1.0,1.9392265193370166,0.11416012942217876,2.0,0.0,4.0,4.0,3.149171270718232,1.1281706907603553,4.0,0.0,2.0,2.0,0.21546961325966854,0.3833216324288026,0.0,0.0,0.0,0.0,0.0,0.0,0.0,1.0,6.0,5.0,5.303867403314918,0.923048746985745,6.0,0.0,1.0,1.0,0.06077348066298342,0.1141601294221788,0.0,0.0,3.0,3.0,1.8232044198895028,0.6245230609566254,2.0,0.0,9.0,9.0,0.8895027624309394,1.5824303287445443,0.0,0.0,0.0,0.0,0.0,0.0,0.0,1.0,9.0,8.0,2.7734806629834257,1.2411709044290467,2.0,9.105,22.5702380952,13.4652380952,12.660656406200554,4.714682527558745,9.105,0.0,1.625,1.625,0.26933701657458564,0.44939104422941917,0.0,0.0,2.25333333333e-05,2.25333333333e-05,2.4004604051530385e-06,4.2704323229794385e-06,0.0,2.0,229.0,227.0,43.64088397790055,55.75837123408932,12.0
-3.282329496997738,1,3.0,26.0,23.0,10.415977961432507,4.134447404169417,8.0,1.0,87.0,86.0,76.14049586776859,16.627279557407284,87.0,6.941,55.845,48.903999999999996,21.47806809917355,9.086682700179859,15.9994,54.8,1941.0,1886.2,330.23380165289257,368.48562256676456,54.8,1.0,16.0,15.0,13.59504132231405,3.644559797828017,16.0,2.0,4.0,2.0,2.3856749311294765,0.5588567872564867,2.0,66.0,160.0,94.0,86.831955922865,27.546387997176875,66.0,0.98,3.44,2.46,2.870550964187328,0.7529904605787401,3.44,1.0,2.0,1.0,1.9366391184573002,0.11869256046566345,2.0,0.0,4.0,4.0,3.140495867768595,1.1365343897274778,4.0,0.0,6.0,6.0,0.2534435261707989,0.4510317297695209,0.0,0.0,0.0,0.0,0.0,0.0,0.0,1.0,8.0,7.0,5.330578512396694,0.9293081073697153,6.0,0.0,1.0,1.0,0.06336088154269973,0.1186925604656634,0.0,0.0,3.0,3.0,1.8181818181818181,0.6311044327573253,2.0,0.0,8.0,8.0,0.8484848484848484,1.5099757909675262,0.0,0.0,0.0,0.0,0.0,0.0,0.0,1.0,8.0,7.0,2.7300275482093666,1.184557824678035,2.0,9.105,22.5702380952,13.4652380952,12.591683064401927,4.6412616234141515,9.105,0.0,1.625,1.625,0.26859504132231404,0.44839833344716895,0.0,0.0,2.1106628,2.1106628,0.017445791000918268,0.0345986282479187,0.0,2.0,229.0,227.0,44.44077134986226,56.926894793160756,12.0
-4.1487416512809245,1,3.0,40.0,37.0,12.358126721763083,6.948690511425295,8.0,1.0,87.0,86.0,75.8870523415978,17.046194476697856,87.0,6.941,91.224,84.283,26.17060680440771,15.886339336414483,15.9994,54.8,2128.0,2073.2,349.19523415977955,399.82683332194966,54.8,1.0,16.0,15.0,13.553719008264462,3.7128611433645244,16.0,2.0,5.0,3.0,2.4958677685950414,0.7185301550440544,2.0,66.0,190.0,124.0,88.84022038567494,30.201944311636275,66.0,0.98,3.44,2.46,2.8441046831955923,0.7879607494934316,3.44,1.0,2.0,1.0,1.9366391184573002,0.11869256046566345,2.0,0.0,4.0,4.0,3.140495867768595,1.1365343897274778,4.0,0.0,2.0,2.0,0.2121212121212121,0.37749394774188155,0.0,0.0,0.0,0.0,0.0,0.0,0.0,1.0,6.0,5.0,5.289256198347108,0.9398265145823372,6.0,0.0,1.0,1.0,0.06336088154269973,0.1186925604656634,0.0,0.0,3.0,3.0,1.8181818181818181,0.6311044327573253,2.0,0.0,9.0,9.0,0.8898071625344351,1.5835135729951655,0.0,0.0,0.0,0.0,0.0,0.0,0.0,1.0,9.0,8.0,2.771349862258953,1.2444353375983728,2.0,9.105,32.365,23.26,13.433528794429476,5.723674438915009,9.105,0.0,1.625,1.625,0.26859504132231404,0.44839833344716895,0.0,0.0,0.0,0.0,0.0,0.0,0.0,2.0,229.0,227.0,44.151515151515156,56.44878537440521,12.0
-4.405114521826564,2,3.0,32.0,29.0,8.923076923076923,7.289940828402367,3.0,1.0,83.0,82.0,32.23076923076923,38.43786982248521,1.0,6.941,72.64,65.699,19.389465230769233,15.321187976331363,6.941,317.3,1211.4,894.1000000000001,470.0092307692308,114.06011834319528,453.69,1.0,15.0,14.0,6.3076923076923075,6.532544378698225,1.0,2.0,4.0,2.0,2.4615384615384617,0.5680473372781065,2.0,107.0,128.0,21.0,120.92307692307692,8.710059171597633,128.0,0.98,2.19,1.21,1.4315384615384614,0.5557396449704142,0.98,1.0,2.0,1.0,1.3846153846153846,0.47337278106508873,1.0,0.0,3.0,3.0,1.0769230769230769,1.3254437869822484,0.0,0.0,10.0,10.0,0.7692307692307693,1.4201183431952662,0.0,0.0,0.0,0.0,0.0,0.0,0.0,1.0,14.0,13.0,3.230769230769231,2.745562130177515,1.0,0.0,1.0,1.0,0.6153846153846154,0.47337278106508873,1.0,0.0,4.0,4.0,1.2307692307692308,1.5147928994082842,0.0,0.0,0.0,0.0,0.0,0.0,0.0,0.0,0.0,0.0,0.0,0.0,0.0,1.0,4.0,3.0,1.8461538461538463,1.0414201183431953,1.0,16.5933333333,23.005,6.4116666667,18.925586080553845,2.870464919697042,16.5933333333,0.0,1.625,1.625,0.5294615384615384,0.6741775147928994,0.0,0.0,0.0,0.0,0.0,0.0,0.0,2.0,229.0,227.0,158.84615384615384,96.5207100591716,229.0
-4.346787486224656,1,3.0,15.0,12.0,7.538461538461538,5.585798816568047,3.0,1.0,83.0,82.0,32.15384615384615,38.34319526627219,1.0,6.941,30.973762,24.032762,15.962196000000002,11.103010461538462,6.941,317.3,1687.0,1369.7,506.5938461538462,181.60094674556214,453.69,1.0,15.0,14.0,6.3076923076923075,6.532544378698225,1.0,2.0,3.0,1.0,2.3846153846153846,0.47337278106508873,2.0,107.0,128.0,21.0,120.23076923076923,9.562130177514794,128.0,0.98,2.19,1.21,1.4230769230769231,0.5453254437869822,0.98,1.0,2.0,1.0,1.3846153846153846,0.47337278106508873,1.0,0.0,3.0,3.0,1.0769230769230769,1.3254437869822484,0.0,0.0,0.0,0.0,0.0,0.0,0.0,0.0,0.0,0.0,0.0,0.0,0.0,1.0,5.0,4.0,2.4615384615384617,1.7988165680473374,1.0,0.0,1.0,1.0,0.6153846153846154,0.47337278106508873,1.0,0.0,4.0,4.0,1.2307692307692308,1.5147928994082842,0.0,0.0,0.0,0.0,0.0,0.0,0.0,0.0,0.0,0.0,0.0,0.0,0.0,1.0,4.0,3.0,1.8461538461538463,1.0414201183431953,1.0,16.5933333333,22.5702380952,5.976904761900002,18.728278388246153,2.6276246830106516,16.5933333333,0.0,1.625,1.625,0.5594615384615385,0.688568047337278,0.0,0.0,0.0,0.0,0.0,0.0,0.0,2.0,229.0,227.0,159.0,96.61538461538461,229.0
-5.800000874803203,1,3.0,83.0,80.0,10.857142857142858,10.306122448979592,3.0,1.0,87.0,86.0,43.92857142857143,42.92857142857143,1.0,6.941,208.9804,202.0394,25.254557142857145,26.246548979591836,6.941,54.8,544.4,489.59999999999997,289.21642857142854,200.92836734693878,453.69,1.0,16.0,15.0,8.428571428571429,7.428571428571429,1.0,2.0,6.0,4.0,2.2857142857142856,0.5306122448979591,2.0,66.0,148.0,82.0,102.85714285714286,31.591836734693878,128.0,0.98,3.44,2.46,2.1085714285714285,1.1412244897959185,0.98,1.0,2.0,1.0,1.5,0.5,1.0,0.0,4.0,4.0,1.9285714285714286,1.9285714285714286,0.0,0.0,10.0,10.0,0.7142857142857143,1.326530612244898,0.0,0.0,14.0,14.0,1.0,1.8571428571428572,0.0,1.0,29.0,28.0,5.142857142857143,4.142857142857143,1.0,0.0,1.0,1.0,0.5,0.5,1.0,0.0,3.0,3.0,1.0714285714285714,1.0714285714285714,0.0,0.0,0.0,0.0,0.0,0.0,0.0,0.0,0.0,0.0,0.0,0.0,0.0,1.0,3.0,2.0,1.5714285714285714,0.5714285714285714,1.0,9.105,32.95,23.845000000000002,14.552380952364286,4.669183673455101,16.5933333333,0.0,0.0,0.0,0.0,0.0,0.0,0.0,0.0,0.0,0.0,0.0,0.0,12.0,229.0,217.0,120.5,108.5,229.0
-7.173925197299173,1,3.0,51.0,48.0,8.571428571428571,6.061224489795919,3.0,1.0,87.0,86.0,43.857142857142854,42.857142857142854,1.0,6.941,121.76,114.819,19.02452857142857,14.676495918367346,6.941,54.8,903.78,848.98,314.88642857142855,222.93122448979594,453.69,1.0,16.0,15.0,8.428571428571429,7.428571428571429,1.0,2.0,5.0,3.0,2.2142857142857144,0.3979591836734695,2.0,66.0,139.0,73.0,102.21428571428571,31.04081632653061,128.0,0.98,3.44,2.46,2.1107142857142858,1.1393877551020408,0.98,1.0,2.0,1.0,1.5,0.5,1.0,0.0,4.0,4.0,1.9285714285714286,1.9285714285714286,0.0,0.0,10.0,10.0,0.7142857142857143,1.326530612244898,0.0,0.0,0.0,0.0,0.0,0.0,0.0,1.0,15.0,14.0,4.142857142857143,3.142857142857143,1.0,0.0,1.0,1.0,0.5,0.5,1.0,0.0,3.0,3.0,1.0714285714285714,1.0714285714285714,0.0,0.0,0.0,0.0,0.0,0.0,0.0,0.0,0.0,0.0,0.0,0.0,0.0,1.0,3.0,2.0,1.5714285714285714,0.5714285714285714,1.0,9.105,31.56,22.455,14.453095238078571,4.584081632638775,16.5933333333,0.0,0.0,0.0,0.0,0.0,0.0,0.0,0.0,0.0,0.0,0.0,0.0,12.0,229.0,217.0,131.5,102.42857142857143,229.0
-15.0,1,3.0,31.0,28.0,9.310344827586206,4.492271105826397,8.0,1.0,87.0,86.0,64.62068965517241,30.713436385255644,87.0,6.941,69.723,62.782,19.433636137931035,9.82042973602854,15.9994,54.8,692.68,637.88,217.84206896551726,179.90848989298453,54.8,1.0,16.0,15.0,12.0,5.310344827586207,16.0,2.0,4.0,2.0,2.2758620689655173,0.4375743162901309,2.0,66.0,128.0,62.0,90.48275862068965,27.015457788347206,66.0,0.98,3.44,2.46,2.5558620689655176,0.9756004756242569,3.44,1.0,2.0,1.0,1.7586206896551724,0.36623067776456597,2.0,0.0,4.0,4.0,2.6551724137931036,1.5790725326991675,4.0,0.0,10.0,10.0,0.6896551724137931,1.2841854934601664,0.0,0.0,0.0,0.0,0.0,0.0,0.0,1.0,13.0,12.0,5.103448275862069,2.009512485136742,6.0,0.0,1.0,1.0,0.2413793103448276,0.36623067776456597,0.0,0.0,5.0,5.0,1.6896551724137931,0.9322235434007135,2.0,0.0,0.0,0.0,0.0,0.0,0.0,0.0,0.0,0.0,0.0,0.0,0.0,0.0,5.0,5.0,1.9310344827586208,0.5826397146254458,2.0,9.105,22.5702380952,13.4652380952,13.273509852203448,4.599735009327942,9.105,0.0,1.625,1.625,0.22413793103448276,0.3864447086801427,0.0,0.0,0.0,0.0,0.0,0.0,0.0,2.0,229.0,227.0,71.06896551724138,84.72057074910819,12.0
-6.785156151952302,1,3.0,15.0,12.0,6.6295005807200935,3.043553332496989,8.0,1.0,87.0,86.0,50.0418118466899,41.12449262869931,87.0,6.941,30.973762,24.032762,13.688986701509872,5.65859047443685,15.9994,54.8,1687.0,1632.2,371.8462137049941,297.7517789189838,54.8,1.0,16.0,15.0,9.507549361207898,7.13408901137294,16.0,2.0,3.0,1.0,2.116144018583043,0.20530917106084942,2.0,66.0,128.0,62.0,97.10569105691057,28.90191968121772,66.0,0.98,3.44,2.46,2.238130081300813,1.1167200173743896,3.44,1.0,2.0,1.0,1.580720092915215,0.48696853319951816,2.0,0.0,4.0,4.0,2.1196283391405344,1.7982763202445364,4.0,0.0,0.0,0.0,0.0,0.0,0.0,0.0,0.0,0.0,0.0,0.0,0.0,1.0,6.0,5.0,3.7003484320557494,2.2644036793777595,6.0,0.0,1.0,1.0,0.41927990708478513,0.48696853319951816,0.0,0.0,4.0,4.0,1.364692218350755,1.1443760530188678,2.0,0.0,0.0,0.0,0.0,0.0,0.0,0.0,0.0,0.0,0.0,0.0,0.0,1.0,4.0,3.0,1.78397212543554,0.6574075198193495,2.0,9.105,22.5702380952,13.4652380952,13.62305375807352,4.197959357095024,9.105,0.0,1.625,1.625,0.11451800232288038,0.20243484266599762,0.0,0.0,0.0,0.0,0.0,0.0,0.0,2.0,229.0,227.0,121.42160278745646,108.60436976694307,12.0
-4.208116183410695,2,3.0,32.0,29.0,11.252747252747252,5.377611399589421,8.0,1.0,87.0,86.0,79.72527472527473,10.672624079217483,87.0,6.941,72.64,65.699,23.592944709890112,12.209326392368071,15.9994,54.8,1211.4,1156.6000000000001,248.41439560439562,255.31568651129092,54.8,1.0,16.0,15.0,14.615384615384615,1.9526627218934913,16.0,2.0,4.0,2.0,2.3736263736263736,0.54196353097452,2.0,66.0,128.0,62.0,82.79120879120879,22.14225335104456,66.0,0.98,3.44,2.46,2.91021978021978,0.698611278831059,3.44,1.0,2.0,1.0,1.9340659340659339,0.12317352976693653,2.0,0.0,4.0,4.0,3.340659340659341,0.8694602101195507,4.0,0.0,10.0,10.0,0.9890109890109889,1.782393430745079,0.0,0.0,0.0,0.0,0.0,0.0,0.0,1.0,14.0,13.0,6.263736263736264,1.530249969810409,6.0,0.0,1.0,1.0,0.06593406593406594,0.12317352976693634,0.0,0.0,5.0,5.0,2.2637362637362637,0.6462987561888661,2.0,0.0,0.0,0.0,0.0,0.0,0.0,0.0,0.0,0.0,0.0,0.0,0.0,1.0,5.0,4.0,2.32967032967033,0.6100712474338849,2.0,9.105,23.005,13.899999999999999,13.274050235470332,5.497648662158678,9.105,0.0,1.625,1.625,0.3057362637362637,0.45020504769955316,0.0,0.0,0.0,0.0,0.0,0.0,0.0,2.0,229.0,227.0,48.065934065934066,62.74604516362758,12.0
-2.848283166996897,2,3.0,22.0,19.0,10.263736263736263,3.9430020528921625,8.0,1.0,87.0,86.0,76.16483516483517,16.54148049752445,87.0,6.941,47.867,40.925999999999995,21.142867786813188,8.655368657794952,15.9994,54.8,1941.0,1886.2,320.5726373626374,351.5483033450066,54.8,1.0,16.0,15.0,13.626373626373626,3.5829006158676493,16.0,2.0,4.0,2.0,2.3736263736263736,0.54196353097452,2.0,66.0,160.0,94.0,86.74725274725274,27.35901461176186,66.0,0.98,3.44,2.46,2.8637362637362638,0.7599082236444874,3.44,1.0,2.0,1.0,1.9340659340659339,0.12317352976693653,2.0,0.0,4.0,4.0,3.142857142857143,1.130298273155416,4.0,0.0,2.0,2.0,0.19780219780219782,0.35647868614901584,0.0,0.0,0.0,0.0,0.0,0.0,0.0,1.0,6.0,5.0,5.274725274725275,0.9564062311315058,6.0,0.0,1.0,1.0,0.06593406593406594,0.12317352976693634,0.0,0.0,5.0,5.0,1.8681318681318682,0.6158676488346818,2.0,0.0,8.0,8.0,0.7912087912087913,1.4259147445960634,0.0,0.0,0.0,0.0,0.0,0.0,0.0,1.0,8.0,7.0,2.7252747252747254,1.1839149861127884,2.0,9.105,22.5702380952,13.4652380952,12.64948979590989,4.674052478122932,9.105,0.0,1.625,1.625,0.26785714285714285,0.4474097331240189,0.0,0.0,2.25333333333e-05,2.25333333333e-05,2.228571428568132e-06,4.016326530606304e-06,0.0,2.0,229.0,227.0,45.0,57.69230769230769,12.0
-6.187086643357144,1,3.0,73.0,70.0,12.34065934065934,6.955681680956406,8.0,1.0,87.0,86.0,77.8956043956044,13.68856418306968,87.0,6.941,180.94788,174.00688,26.690992882417582,16.703198466803524,15.9994,54.8,3290.0,3235.2,337.45851648351646,379.3821700277744,54.8,1.0,16.0,15.0,14.12087912087912,2.76778166888057,16.0,2.0,6.0,4.0,2.4230769230769234,0.6136939983093831,2.0,66.0,170.0,104.0,85.31318681318682,25.467938654751844,66.0,0.98,3.44,2.46,2.86521978021978,0.7579519381717185,3.44,1.0,2.0,1.0,1.9340659340659339,0.12317352976693653,2.0,0.0,4.0,4.0,3.1923076923076925,1.0650887573964496,4.0,0.0,3.0,3.0,0.14835164835164838,0.28203115565752934,0.0,0.0,14.0,14.0,0.6923076923076924,1.3161453930684701,0.0,1.0,19.0,18.0,5.967032967032967,1.3324477720082113,6.0,0.0,1.0,1.0,0.06593406593406594,0.12317352976693634,0.0,0.0,5.0,5.0,2.1153846153846154,0.6403212172442941,2.0,0.0,7.0,7.0,0.3461538461538462,0.6580726965342351,0.0,0.0,0.0,0.0,0.0,0.0,0.0,1.0,7.0,6.0,2.5274725274725274,0.8969931167733365,2.0,9.105,22.5702380952,13.4652380952,12.709819466239562,4.753608087348871,9.105,0.0,1.625,1.625,0.26785714285714285,0.4474097331240189,0.0,0.0,0.0,0.0,0.0,0.0,0.0,2.0,229.0,227.0,48.26373626373627,63.07209274242241,12.0
-3.299299729609228,2,3.0,26.0,23.0,10.406593406593407,4.150223402970656,8.0,1.0,87.0,86.0,75.96703296703296,16.86752807631929,87.0,6.941,55.845,48.903999999999996,21.460048681318682,9.115455230044681,15.9994,54.8,1941.0,1886.2,330.21582417582425,367.443666223886,54.8,1.0,16.0,15.0,13.571428571428571,3.6734693877551026,16.0,2.0,4.0,2.0,2.384615384615384,0.5579036348267115,2.0,66.0,160.0,94.0,86.86813186813187,27.51841565028378,66.0,0.98,3.44,2.46,2.8661538461538463,0.756720202874049,3.44,1.0,2.0,1.0,1.9340659340659339,0.12317352976693653,2.0,0.0,4.0,4.0,3.131868131868132,1.1447892766574086,4.0,0.0,6.0,6.0,0.26373626373626374,0.4695085134645574,0.0,0.0,0.0,0.0,0.0,0.0,0.0,1.0,8.0,7.0,5.329670329670329,0.942639777804613,6.0,0.0,1.0,1.0,0.06593406593406594,0.12317352976693634,0.0,0.0,3.0,3.0,1.8131868131868132,0.6376041540876705,2.0,0.0,8.0,8.0,0.8351648351648352,1.4867769593044318,0.0,0.0,0.0,0.0,0.0,0.0,0.0,1.0,8.0,7.0,2.714285714285714,1.1679748822605964,2.0,9.105,22.5702380952,13.4652380952,12.586302982723076,4.63152707573863,9.105,0.0,1.625,1.625,0.26785714285714285,0.4474097331240189,0.0,0.0,2.1106628,2.1106628,0.023196325274725274,0.045878384059896145,0.0,2.0,229.0,227.0,45.043956043956044,57.76476270981766,12.0
-3.790484985457369,1,3.0,31.0,28.0,10.461538461538462,4.229923922231614,8.0,1.0,87.0,86.0,76.17582417582418,16.523366743146962,87.0,6.941,69.723,62.782,21.612554175824176,9.3366719913054,15.9994,54.8,1941.0,1886.2,313.64340659340667,341.56786378456707,54.8,1.0,16.0,15.0,13.626373626373626,3.5829006158676493,16.0,2.0,4.0,2.0,2.384615384615384,0.5579036348267115,2.0,66.0,160.0,94.0,86.75824175824175,27.373505615263856,66.0,0.98,3.44,2.46,2.8659340659340664,0.7570100229440886,3.44,1.0,2.0,1.0,1.9340659340659339,0.12317352976693653,2.0,0.0,4.0,4.0,3.142857142857143,1.130298273155416,4.0,0.0,10.0,10.0,0.3076923076923077,0.547759932375317,0.0,0.0,0.0,0.0,0.0,0.0,0.0,1.0,13.0,12.0,5.384615384615384,0.9788672865595944,6.0,0.0,1.0,1.0,0.06593406593406594,0.12317352976693634,0.0,0.0,5.0,5.0,1.8681318681318682,0.6158676488346818,2.0,0.0,8.0,8.0,0.7912087912087913,1.4259147445960634,0.0,0.0,0.0,0.0,0.0,0.0,0.0,1.0,8.0,7.0,2.7252747252747254,1.1839149861127884,2.0,9.105,22.5702380952,13.4652380952,12.675616169536264,4.708504838948919,9.105,0.0,1.625,1.625,0.26785714285714285,0.4474097331240189,0.0,0.0,2.25333333333e-05,2.25333333333e-05,2.228571428568132e-06,4.016326530606304e-06,0.0,2.0,229.0,227.0,43.23076923076923,54.7759932375317,12.0
-5.3979400086720375,1,3.0,72.0,69.0,15.604395604395604,11.889143823209757,8.0,1.0,87.0,86.0,76.38461538461539,16.17920540997464,87.0,6.941,178.49,171.549,35.02686186813187,30.130975413597394,15.9994,54.8,2506.0,2451.2,370.9163736263736,434.53248399951696,54.8,1.0,16.0,15.0,13.626373626373626,3.5829006158676493,16.0,2.0,6.0,4.0,2.593406593406594,0.8607656080183556,2.0,66.0,175.0,109.0,88.46153846153845,29.619611158072694,66.0,0.98,3.44,2.46,2.841868131868132,0.7887453206134525,3.44,1.0,2.0,1.0,1.9340659340659339,0.12317352976693653,2.0,0.0,4.0,4.0,3.142857142857143,1.130298273155416,4.0,0.0,10.0,10.0,0.3076923076923077,0.547759932375317,0.0,0.0,14.0,14.0,1.3846153846153848,2.495350803043111,0.0,1.0,18.0,17.0,6.769230769230769,2.3584108199492815,6.0,0.0,1.0,1.0,0.06593406593406594,0.12317352976693634,0.0,0.0,5.0,5.0,1.8681318681318682,0.6158676488346818,2.0,0.0,8.0,8.0,0.7912087912087913,1.4259147445960634,0.0,0.0,0.0,0.0,0.0,0.0,0.0,1.0,8.0,7.0,2.7252747252747254,1.1839149861127884,2.0,9.105,24.26,15.155000000000001,13.27992935634945,5.505401349032242,9.105,0.0,1.625,1.625,0.26785714285714285,0.4474097331240189,0.0,0.0,0.0,0.0,0.0,0.0,0.0,2.0,229.0,227.0,44.05494505494506,56.134524815843506,12.0
-3.747031787716725,2,3.0,49.0,46.0,10.659340659340659,4.516845791571066,8.0,1.0,87.0,86.0,76.18681318681318,16.505252988769477,87.0,6.941,114.818,107.877,22.108103626373627,10.055490974519985,15.9994,54.8,1941.0,1886.2,315.0372527472528,343.1700036227509,54.8,1.0,16.0,15.0,13.626373626373626,3.5829006158676493,16.0,2.0,5.0,3.0,2.3956043956043955,0.5738437386789036,2.0,66.0,160.0,94.0,86.97802197802197,27.663325685303704,66.0,0.98,3.44,2.46,2.8656043956043953,0.7574447530491487,3.44,1.0,2.0,1.0,1.9340659340659339,0.12317352976693653,2.0,0.0,4.0,4.0,3.142857142857143,1.130298273155416,4.0,0.0,10.0,10.0,0.3076923076923077,0.547759932375317,0.0,0.0,0.0,0.0,0.0,0.0,0.0,1.0,13.0,12.0,5.384615384615384,0.9788672865595944,6.0,0.0,1.0,1.0,0.06593406593406594,0.12317352976693634,0.0,0.0,5.0,5.0,1.8681318681318682,0.6158676488346818,2.0,0.0,8.0,8.0,0.7912087912087913,1.4259147445960634,0.0,0.0,0.0,0.0,0.0,0.0,0.0,1.0,8.0,7.0,2.7252747252747254,1.1839149861127884,2.0,9.105,24.26,15.155000000000001,12.734984301404397,4.7867924853684345,9.105,0.0,1.625,1.625,0.26785714285714285,0.4474097331240189,0.0,0.0,2.25333333333e-05,2.25333333333e-05,2.228571428568132e-06,4.016326530606304e-06,0.0,2.0,229.0,227.0,44.05494505494506,56.134524815843506,12.0
-3.687138045237122,2,3.0,57.0,54.0,10.747252747252746,4.6443666223886,8.0,1.0,87.0,86.0,75.50549450549451,17.628305760173888,87.0,6.941,138.90547,131.96447,22.3728010989011,10.43944774785654,15.9994,54.8,1941.0,1886.2,323.4246153846154,356.2493660185968,54.8,1.0,16.0,15.0,13.516483516483516,3.764038159642555,16.0,2.0,6.0,4.0,2.4065934065934065,0.5897838425310953,2.0,66.0,207.0,141.0,87.6923076923077,28.60524091293322,66.0,0.98,3.44,2.46,2.858131868131868,0.7672986354305036,3.44,1.0,2.0,1.0,1.9340659340659339,0.12317352976693653,2.0,0.0,4.0,4.0,3.131868131868132,1.1447892766574086,4.0,0.0,2.0,2.0,0.2087912087912088,0.37169423982610794,0.0,0.0,0.0,0.0,0.0,0.0,0.0,1.0,6.0,5.0,5.274725274725275,0.9564062311315058,6.0,0.0,1.0,1.0,0.06593406593406594,0.12317352976693634,0.0,0.0,3.0,3.0,1.8131868131868132,0.6376041540876705,2.0,0.0,9.0,9.0,0.8901098901098902,1.5845912329428813,0.0,0.0,0.0,0.0,0.0,0.0,0.0,1.0,9.0,8.0,2.769230769230769,1.2476754015215554,2.0,9.105,36.8975,27.7925,12.873857927778024,4.969922542124865,9.105,0.0,1.625,1.625,0.26785714285714285,0.4474097331240189,0.0,0.0,2.25333333333e-05,2.25333333333e-05,2.228571428568132e-06,4.016326530606304e-06,0.0,2.0,229.0,227.0,44.65934065934066,57.13078130660547,12.0
-4.009217308196862,1,3.0,72.0,69.0,15.846153846153847,12.319526627218934,8.0,1.0,87.0,86.0,76.01098901098901,16.795073058809326,87.0,6.941,178.49,171.549,35.687837692307696,31.307657650042266,15.9994,54.8,2506.0,2451.2,387.4685714285714,461.8163265306122,54.8,1.0,16.0,15.0,13.516483516483516,3.764038159642555,16.0,2.0,6.0,4.0,2.604395604395604,0.8767057118705469,2.0,66.0,187.0,121.0,88.95604395604396,30.27170631566236,66.0,0.98,3.44,2.46,2.8362637362637364,0.7961357323994686,3.44,1.0,2.0,1.0,1.9340659340659339,0.12317352976693653,2.0,0.0,4.0,4.0,3.131868131868132,1.1447892766574086,4.0,0.0,2.0,2.0,0.2087912087912088,0.37169423982610794,0.0,0.0,14.0,14.0,1.5384615384615388,2.7387996618765857,0.0,1.0,18.0,17.0,6.813186813186813,2.4366622388600407,6.0,0.0,1.0,1.0,0.06593406593406594,0.12317352976693634,0.0,0.0,3.0,3.0,1.8131868131868132,0.6376041540876705,2.0,0.0,9.0,9.0,0.8901098901098902,1.5845912329428813,0.0,0.0,0.0,0.0,0.0,0.0,0.0,1.0,9.0,8.0,2.769230769230769,1.2476754015215554,2.0,9.105,28.865,19.759999999999998,13.330533751953846,5.572132420158917,9.105,0.0,1.625,1.625,0.26785714285714285,0.4474097331240189,0.0,0.0,0.0022471,0.0022471,2.4693406593406593e-05,4.8844100953991066e-05,0.0,2.0,229.0,227.0,44.65934065934066,57.13078130660547,12.0
-3.3851079010796825,2,3.0,22.0,19.0,10.351648351648352,4.070522883709697,8.0,1.0,87.0,86.0,75.48351648351648,17.664533268928874,87.0,6.941,47.867,40.925999999999995,21.34038837362637,8.941882036469025,15.9994,54.8,1941.0,1886.2,330.24879120879126,367.49800748701847,54.8,1.0,16.0,15.0,13.516483516483516,3.764038159642555,16.0,2.0,4.0,2.0,2.384615384615384,0.5579036348267115,2.0,66.0,170.0,104.0,87.28571428571429,28.0690737833595,66.0,0.98,3.44,2.46,2.860989010989011,0.7635309745199855,3.44,1.0,2.0,1.0,1.9340659340659339,0.12317352976693653,2.0,0.0,4.0,4.0,3.131868131868132,1.1447892766574086,4.0,0.0,2.0,2.0,0.2087912087912088,0.37169423982610794,0.0,0.0,0.0,0.0,0.0,0.0,0.0,1.0,6.0,5.0,5.274725274725275,0.9564062311315058,6.0,0.0,1.0,1.0,0.06593406593406594,0.12317352976693634,0.0,0.0,3.0,3.0,1.8131868131868132,0.6376041540876705,2.0,0.0,9.0,9.0,0.8901098901098902,1.5845912329428813,0.0,0.0,0.0,0.0,0.0,0.0,0.0,1.0,9.0,8.0,2.769230769230769,1.2476754015215554,2.0,9.105,22.5702380952,13.4652380952,12.712731554151649,4.7574482032768985,9.105,0.0,1.625,1.625,0.26785714285714285,0.4474097331240189,0.0,0.0,2.25333333333e-05,2.25333333333e-05,2.298351648348352e-06,4.091571066290473e-06,0.0,2.0,229.0,227.0,44.65934065934066,57.13078130660547,12.0
-2.3169529617611504,1,3.0,22.0,19.0,10.263736263736265,3.943002052892163,8.0,1.0,87.0,86.0,76.16483516483517,16.54148049752445,87.0,6.941,47.867,40.925999999999995,21.142867786813188,8.655368657794952,15.9994,54.8,1941.0,1886.2,320.5726373626374,351.5483033450066,54.8,1.0,16.0,15.0,13.626373626373626,3.5829006158676493,16.0,2.0,4.0,2.0,2.3736263736263736,0.54196353097452,2.0,66.0,160.0,94.0,86.74725274725274,27.35901461176186,66.0,0.98,3.44,2.46,2.8637362637362638,0.7599082236444874,3.44,1.0,2.0,1.0,1.9340659340659339,0.12317352976693653,2.0,0.0,4.0,4.0,3.142857142857143,1.130298273155416,4.0,0.0,2.0,2.0,0.19780219780219782,0.35647868614901584,0.0,0.0,0.0,0.0,0.0,0.0,0.0,1.0,6.0,5.0,5.274725274725275,0.9564062311315058,6.0,0.0,1.0,1.0,0.06593406593406594,0.12317352976693634,0.0,0.0,5.0,5.0,1.8681318681318682,0.6158676488346818,2.0,0.0,8.0,8.0,0.7912087912087913,1.4259147445960634,0.0,0.0,0.0,0.0,0.0,0.0,0.0,1.0,8.0,7.0,2.7252747252747254,1.1839149861127884,2.0,9.105,22.5702380952,13.4652380952,12.64948979590989,4.674052478122932,9.105,0.0,1.625,1.625,0.26785714285714285,0.4474097331240189,0.0,0.0,2.25333333333e-05,2.25333333333e-05,2.228571428568132e-06,4.016326530606304e-06,0.0,2.0,229.0,227.0,45.0,57.69230769230769,12.0
-4.000869458712629,1,3.0,22.0,19.0,10.351648351648352,4.070522883709697,8.0,1.0,87.0,86.0,75.48351648351648,17.664533268928878,87.0,6.941,47.867,40.925999999999995,21.34038837362637,8.941882036469025,15.9994,54.8,1941.0,1886.2,330.24879120879126,367.49800748701847,54.8,1.0,16.0,15.0,13.516483516483516,3.764038159642555,16.0,2.0,4.0,2.0,2.384615384615384,0.5579036348267115,2.0,66.0,170.0,104.0,87.28571428571429,28.0690737833595,66.0,0.98,3.44,2.46,2.860989010989011,0.7635309745199855,3.44,1.0,2.0,1.0,1.9340659340659339,0.12317352976693653,2.0,0.0,4.0,4.0,3.131868131868132,1.1447892766574086,4.0,0.0,2.0,2.0,0.2087912087912088,0.371694239826108,0.0,0.0,0.0,0.0,0.0,0.0,0.0,1.0,6.0,5.0,5.274725274725275,0.9564062311315058,6.0,0.0,1.0,1.0,0.06593406593406594,0.12317352976693634,0.0,0.0,3.0,3.0,1.8131868131868132,0.6376041540876705,2.0,0.0,9.0,9.0,0.8901098901098902,1.5845912329428813,0.0,0.0,0.0,0.0,0.0,0.0,0.0,1.0,9.0,8.0,2.769230769230769,1.2476754015215554,2.0,9.105,22.5702380952,13.4652380952,12.712731554151649,4.7574482032768985,9.105,0.0,1.625,1.625,0.26785714285714285,0.4474097331240189,0.0,0.0,2.25333333333e-05,2.25333333333e-05,2.298351648348352e-06,4.091571066290473e-06,0.0,2.0,229.0,227.0,44.65934065934066,57.130781306605485,12.0
-4.0655015487564325,1,3.0,22.0,19.0,10.351648351648352,4.070522883709697,8.0,1.0,87.0,86.0,75.78021978021978,17.065571790846516,87.0,6.941,47.867,40.925999999999995,21.34063920879121,8.942245885279556,15.9994,54.8,1941.0,1886.2,346.6960439560439,393.96279676367584,54.8,1.0,16.0,15.0,13.516483516483516,3.742060137664533,16.0,2.0,4.0,2.0,2.384615384615384,0.5579036348267115,2.0,66.0,160.0,94.0,87.21978021978022,27.982127762347538,66.0,0.98,3.44,2.46,2.85978021978022,0.7651249849052045,3.44,1.0,2.0,1.0,1.9340659340659339,0.12317352976693653,2.0,0.0,4.0,4.0,3.120879120879121,1.159280280159401,4.0,0.0,2.0,2.0,0.21978021978021978,0.39125709455379787,0.0,0.0,0.0,0.0,0.0,0.0,0.0,1.0,6.0,5.0,5.274725274725275,0.9564062311315058,6.0,0.0,1.0,1.0,0.06593406593406594,0.12317352976693634,0.0,0.0,4.0,4.0,1.8241758241758241,0.641468421688202,2.0,0.0,8.0,8.0,0.8791208791208791,1.5650283782151915,0.0,0.0,0.0,0.0,0.0,0.0,0.0,1.0,8.0,7.0,2.769230769230769,1.2476754015215554,2.0,9.105,22.5702380952,13.4652380952,12.62838827838022,4.646226301160729,9.105,0.0,1.625,1.625,0.25849450549450553,0.43177104214466855,0.0,0.0,2.25333333333e-05,2.25333333333e-05,2.476190476186813e-06,4.408163265299601e-06,0.0,2.0,229.0,227.0,47.13186813186813,60.21446685182949,12.0
-11.24795155218056,1,3.0,31.0,28.0,9.210884353741497,4.444536998472858,8.0,1.0,87.0,86.0,63.68707482993198,31.55675875792494,87.0,6.941,69.723,62.782,19.20457986394558,9.662133933083437,15.9994,54.8,692.68,637.88,226.35387755102042,186.72530889906986,54.8,1.0,16.0,15.0,11.83673469387755,5.455226988754686,16.0,2.0,4.0,2.0,2.272108843537415,0.4331528529779258,2.0,66.0,128.0,62.0,90.99319727891157,27.203480031468374,66.0,0.98,3.44,2.46,2.532244897959184,0.9880327641260587,3.44,1.0,2.0,1.0,1.748299319727891,0.376694895645333,2.0,0.0,4.0,4.0,2.6054421768707483,1.625248738951363,4.0,0.0,10.0,10.0,0.6802721088435374,1.2679901892729881,0.0,0.0,0.0,0.0,0.0,0.0,0.0,1.0,13.0,12.0,5.034013605442177,2.0399833402748855,6.0,0.0,1.0,1.0,0.25170068027210885,0.37669489564533293,0.0,0.0,5.0,5.0,1.598639455782313,0.9570086538016569,2.0,0.0,0.0,0.0,0.0,0.0,0.0,0.0,0.0,0.0,0.0,0.0,0.0,0.0,5.0,5.0,1.8503401360544218,0.6042852515155722,2.0,9.105,22.5702380952,13.4652380952,13.252044865551701,4.513790329852191,9.105,0.0,1.625,1.625,0.22108843537414968,0.382016752279143,0.0,0.0,0.0,0.0,0.0,0.0,0.0,2.0,229.0,227.0,74.98639455782315,88.86528761164331,12.0
-6.2564902352715706,1,3.0,15.0,12.0,6.571428571428571,3.0612244897959187,8.0,1.0,87.0,86.0,49.25714285714286,41.36326530612245,87.0,6.941,30.973762,24.032762,13.581018914285712,5.69144478367347,15.9994,54.8,1687.0,1632.2,373.1557142857143,294.25983673469386,54.8,1.0,16.0,15.0,9.371428571428572,7.1755102040816325,16.0,2.0,3.0,1.0,2.1142857142857143,0.20244897959183678,2.0,66.0,128.0,62.0,97.6,28.891428571428573,66.0,0.98,3.44,2.46,2.218,1.1172571428571427,3.44,1.0,2.0,1.0,1.5714285714285714,0.48979591836734704,2.0,0.0,4.0,4.0,2.085714285714286,1.8024489795918366,4.0,0.0,0.0,0.0,0.0,0.0,0.0,0.0,0.0,0.0,0.0,0.0,0.0,1.0,6.0,5.0,3.657142857142857,2.2775510204081635,6.0,0.0,1.0,1.0,0.42857142857142855,0.4897959183673469,0.0,0.0,4.0,4.0,1.3428571428571427,1.1510204081632656,2.0,0.0,0.0,0.0,0.0,0.0,0.0,0.0,0.0,0.0,0.0,0.0,0.0,1.0,4.0,3.0,1.7714285714285714,0.6612244897959183,2.0,9.105,22.5702380952,13.4652380952,13.670578231277142,4.174242954310531,9.105,0.0,1.625,1.625,0.11268571428571428,0.199614693877551,0.0,0.0,0.0,0.0,0.0,0.0,0.0,2.0,229.0,227.0,123.14285714285714,108.53877551020409,12.0
-3.3690665543562783,2,3.0,22.0,19.0,10.262295081967213,3.998745856848518,8.0,1.0,87.0,86.0,75.24043715846994,17.96649646152468,87.0,6.941,47.867,40.925999999999995,21.147574986885246,8.770125390773089,15.9994,54.8,1941.0,1886.2,325.41770491803277,357.57000806234885,54.8,1.0,16.0,15.0,13.497267759562842,3.774970885962555,16.0,2.0,4.0,2.0,2.377049180327869,0.548060557197886,2.0,66.0,170.0,104.0,87.29508196721312,27.92797635044343,66.0,0.98,3.44,2.46,2.8510928961748636,0.7723371853444413,3.44,1.0,2.0,1.0,1.92896174863388,0.13198363641792815,2.0,0.0,4.0,4.0,3.120218579234973,1.1538116993639702,4.0,0.0,2.0,2.0,0.19672131147540983,0.3525933888739586,0.0,0.0,0.0,0.0,0.0,0.0,0.0,1.0,6.0,5.0,5.245901639344263,0.9889814565976887,6.0,0.0,1.0,1.0,0.07103825136612021,0.1319836364179283,0.0,0.0,5.0,5.0,1.830601092896175,0.6402102182806295,2.0,0.0,9.0,9.0,0.8415300546448087,1.5083161635163786,0.0,0.0,0.0,0.0,0.0,0.0,0.0,1.0,9.0,8.0,2.7431693989071038,1.2223118038758995,2.0,9.105,22.5702380952,13.4652380952,12.732789487371038,4.757756704748903,9.105,0.0,1.625,1.625,0.26639344262295084,0.44544477291050794,0.0,0.0,2.25333333333e-05,2.25333333333e-05,2.162659380689071e-06,3.876241950087515e-06,0.0,2.0,229.0,227.0,45.8360655737705,58.74764848159098,12.0
-4.136677139879544,1,3.0,39.0,36.0,10.459016393442624,4.2846904953865455,8.0,1.0,87.0,86.0,75.25136612021859,17.948580130789207,87.0,6.941,88.90585,81.96485,21.627902178142076,9.468305898283019,15.9994,54.8,1941.0,1886.2,325.2537704918032,357.3012631013168,54.8,1.0,16.0,15.0,13.497267759562842,3.774970885962555,16.0,2.0,5.0,3.0,2.3879781420765025,0.5639463704499984,2.0,66.0,190.0,124.0,87.5136612021858,28.214637642210878,66.0,0.98,3.44,2.46,2.8495628415300547,0.7743438143868137,3.44,1.0,2.0,1.0,1.92896174863388,0.13198363641792815,2.0,0.0,4.0,4.0,3.120218579234973,1.1538116993639702,4.0,0.0,2.0,2.0,0.19672131147540983,0.3525933888739586,0.0,0.0,0.0,0.0,0.0,0.0,0.0,1.0,6.0,5.0,5.245901639344263,0.9889814565976887,6.0,0.0,1.0,1.0,0.07103825136612021,0.1319836364179283,0.0,0.0,5.0,5.0,1.830601092896175,0.6402102182806295,2.0,0.0,9.0,9.0,0.8415300546448087,1.5083161635163786,0.0,0.0,0.0,0.0,0.0,0.0,0.0,1.0,9.0,8.0,2.7431693989071038,1.2223118038758995,2.0,9.105,32.365,23.26,12.8434998698847,4.902950649029114,9.105,0.0,1.625,1.625,0.26639344262295084,0.44544477291050794,0.0,0.0,2.25333333333e-05,2.25333333333e-05,2.093260473585246e-06,3.7976091651929054e-06,0.0,2.0,229.0,227.0,45.8360655737705,58.74764848159098,12.0
-2.906578314837765,1,3.0,22.0,19.0,10.240437158469947,3.9669742303442925,8.0,1.0,87.0,86.0,75.40983606557377,17.688793335124966,87.0,6.941,47.867,40.925999999999995,21.09846467704918,8.698741005984054,15.9994,54.8,1941.0,1886.2,323.0118852459017,353.626041386724,54.8,1.0,16.0,15.0,13.524590163934427,3.730180059123891,16.0,2.0,4.0,2.0,2.3743169398907105,0.5440891038848578,2.0,66.0,170.0,104.0,87.16120218579235,27.752396309235866,66.0,0.98,3.44,2.46,2.851775956284153,0.7714413688076681,3.44,1.0,2.0,1.0,1.92896174863388,0.13198363641792815,2.0,0.0,4.0,4.0,3.122950819672131,1.1502284332168773,4.0,0.0,2.0,2.0,0.19398907103825133,0.3487563080414464,0.0,0.0,0.0,0.0,0.0,0.0,0.0,1.0,6.0,5.0,5.245901639344263,0.9889814565976887,6.0,0.0,1.0,1.0,0.07103825136612021,0.1319836364179283,0.0,0.0,5.0,5.0,1.8442622950819672,0.6349099704380544,2.0,0.0,9.0,9.0,0.8169398907103824,1.468706142315387,0.0,0.0,0.0,0.0,0.0,0.0,0.0,1.0,9.0,8.0,2.73224043715847,1.2064259906237869,2.0,9.105,22.5702380952,13.4652380952,12.717065443655192,4.737135008072382,9.105,0.0,1.625,1.625,0.26639344262295084,0.44544477291050794,0.0,0.0,2.25333333333e-05,2.25333333333e-05,2.145309653913115e-06,3.856868175614288e-06,0.0,2.0,229.0,227.0,45.92076502732241,58.88650004479083,12.0
-4.721246399047171,1,3.0,39.0,36.0,10.387978142076502,4.1814327092478125,8.0,1.0,87.0,86.0,75.41803278688525,17.675356087073364,87.0,6.941,88.90585,81.96485,21.458710070491804,9.222376386616503,15.9994,54.8,1941.0,1886.2,322.8889344262295,353.42448266594994,54.8,1.0,16.0,15.0,13.524590163934427,3.730180059123891,16.0,2.0,5.0,3.0,2.382513661202186,0.5560034638239424,2.0,66.0,190.0,124.0,87.32513661202185,27.96739227806145,66.0,0.98,3.44,2.46,2.850628415300547,0.7729463405894472,3.44,1.0,2.0,1.0,1.92896174863388,0.13198363641792815,2.0,0.0,4.0,4.0,3.122950819672131,1.1502284332168773,4.0,0.0,2.0,2.0,0.19398907103825133,0.3487563080414464,0.0,0.0,0.0,0.0,0.0,0.0,0.0,1.0,6.0,5.0,5.245901639344263,0.9889814565976887,6.0,0.0,1.0,1.0,0.07103825136612021,0.1319836364179283,0.0,0.0,5.0,5.0,1.8442622950819672,0.6349099704380544,2.0,0.0,9.0,9.0,0.8169398907103824,1.468706142315387,0.0,0.0,0.0,0.0,0.0,0.0,0.0,1.0,9.0,8.0,2.73224043715847,1.2064259906237869,2.0,9.105,32.365,23.26,12.800098230540437,4.84603046628254,9.105,0.0,1.625,1.625,0.26639344262295084,0.44544477291050794,0.0,0.0,2.25333333333e-05,2.25333333333e-05,2.093260473585246e-06,3.7976091651929054e-06,0.0,2.0,229.0,227.0,45.92076502732241,58.88650004479083,12.0
-3.2912907275356584,2,3.0,22.0,19.0,10.218579234972678,3.935202603840067,8.0,1.0,87.0,86.0,75.5792349726776,17.411090208725252,87.0,6.941,47.867,40.925999999999995,21.049354367213116,8.62735662119502,15.9994,54.8,1941.0,1886.2,320.6060655737705,349.6820747110992,54.8,1.0,16.0,15.0,13.551912568306012,3.6853892322852277,16.0,2.0,4.0,2.0,2.371584699453552,0.5401176505718296,2.0,66.0,170.0,104.0,87.02732240437159,27.576816268028306,66.0,0.98,3.44,2.46,2.852459016393443,0.7705455522708947,3.44,1.0,2.0,1.0,1.92896174863388,0.13198363641792815,2.0,0.0,4.0,4.0,3.1256830601092895,1.1466451670697841,4.0,0.0,2.0,2.0,0.19125683060109291,0.34488936665770853,0.0,0.0,0.0,0.0,0.0,0.0,0.0,1.0,6.0,5.0,5.245901639344263,0.9889814565976887,6.0,0.0,1.0,1.0,0.07103825136612021,0.1319836364179283,0.0,0.0,5.0,5.0,1.8579234972677596,0.6294604198393503,2.0,0.0,9.0,9.0,0.7923497267759563,1.4288273761533639,0.0,0.0,0.0,0.0,0.0,0.0,0.0,1.0,9.0,8.0,2.7213114754098364,1.1905401773716744,2.0,9.105,22.5702380952,13.4652380952,12.701341399939343,4.71651331139586,9.105,0.0,1.625,1.625,0.26639344262295084,0.44544477291050794,0.0,0.0,2.25333333333e-05,2.25333333333e-05,2.1279599271371586e-06,3.837304786640778e-06,0.0,2.0,229.0,227.0,46.005464480874316,59.025351607990686,12.0
-3.9208187539523753,1,3.0,39.0,36.0,10.316939890710382,4.07817492310908,8.0,1.0,87.0,86.0,75.58469945355192,17.402132043357515,87.0,6.941,88.90585,81.96485,21.28951796284153,8.976446874949984,15.9994,54.8,1941.0,1886.2,320.52409836065567,349.5477022305831,54.8,1.0,16.0,15.0,13.551912568306012,3.6853892322852277,16.0,2.0,5.0,3.0,2.377049180327869,0.548060557197886,2.0,66.0,190.0,124.0,87.13661202185793,27.720146913912032,66.0,0.98,3.44,2.46,2.851693989071038,0.771548866792081,3.44,1.0,2.0,1.0,1.92896174863388,0.13198363641792815,2.0,0.0,4.0,4.0,3.1256830601092895,1.1466451670697841,4.0,0.0,2.0,2.0,0.19125683060109291,0.34488936665770853,0.0,0.0,0.0,0.0,0.0,0.0,0.0,1.0,6.0,5.0,5.245901639344263,0.9889814565976887,6.0,0.0,1.0,1.0,0.07103825136612021,0.1319836364179283,0.0,0.0,5.0,5.0,1.8579234972677596,0.6294604198393503,2.0,0.0,9.0,9.0,0.7923497267759563,1.4288273761533639,0.0,0.0,0.0,0.0,0.0,0.0,0.0,1.0,9.0,8.0,2.7213114754098364,1.1905401773716744,2.0,9.105,32.365,23.26,12.756696591196174,4.789110283535966,9.105,0.0,1.625,1.625,0.26639344262295084,0.44544477291050794,0.0,0.0,2.25333333333e-05,2.25333333333e-05,2.093260473585246e-06,3.7976091651929054e-06,0.0,2.0,229.0,227.0,46.005464480874316,59.025351607990686,12.0
-4.246504090638192,2,3.0,32.0,29.0,11.103825136612022,5.22195347726119,8.0,1.0,87.0,86.0,79.26229508196721,11.373286750873424,87.0,6.941,72.64,65.699,23.252450687431693,11.829671491020934,15.9994,54.8,1211.4,1156.6000000000001,248.01737704918034,253.39983875302343,54.8,1.0,16.0,15.0,14.535519125683061,2.0729194660933437,16.0,2.0,4.0,2.0,2.366120218579235,0.5321747439457734,2.0,66.0,128.0,62.0,83.04371584699454,22.352414225566605,66.0,0.98,3.44,2.46,2.8974863387978145,0.7114933261668009,3.44,1.0,2.0,1.0,1.92896174863388,0.13198363641792815,2.0,0.0,4.0,4.0,3.3169398907103824,0.8958165367732689,4.0,0.0,10.0,10.0,0.9289617486338798,1.6853295111827764,0.0,0.0,0.0,0.0,0.0,0.0,0.0,1.0,14.0,13.0,6.174863387978142,1.4538505180805639,6.0,0.0,1.0,1.0,0.07103825136612021,0.1319836364179283,0.0,0.0,5.0,5.0,2.2568306010928962,0.6574696168891278,2.0,0.0,0.0,0.0,0.0,0.0,0.0,0.0,0.0,0.0,0.0,0.0,0.0,1.0,5.0,4.0,2.3278688524590163,0.6186509002956194,2.0,9.105,23.005,13.899999999999999,13.256532656769945,5.4446329924851735,9.105,0.0,1.625,1.625,0.3019726775956284,0.4488337065902237,0.0,0.0,0.0,0.0,0.0,0.0,0.0,2.0,229.0,227.0,49.05464480874317,64.02400788318552,12.0
-6.279014255846261,1,3.0,72.0,69.0,15.0,10.885245901639342,8.0,1.0,87.0,86.0,75.7103825136612,17.19609423989967,87.0,6.941,178.49,171.549,33.49558557377049,27.545427196990055,15.9994,54.8,2506.0,2451.2,388.71568306010926,461.3371853444414,54.8,1.0,16.0,15.0,13.491803278688526,3.7839290513302872,16.0,2.0,6.0,4.0,2.568306010928962,0.826062289109857,2.0,66.0,175.0,109.0,88.44808743169398,29.440114664516706,66.0,0.98,3.44,2.46,2.8323497267759565,0.7969183911134999,3.44,1.0,2.0,1.0,1.912568306010929,0.15957478575054485,2.0,0.0,4.0,4.0,3.1147540983606556,1.1609782316581565,4.0,0.0,5.0,5.0,0.2677595628415301,0.47699244528053997,0.0,0.0,14.0,14.0,1.3005464480874316,2.359461315655887,0.0,1.0,18.0,17.0,6.595628415300547,2.1188449938785876,6.0,0.0,1.0,1.0,0.08743169398907104,0.15957478575054498,0.0,0.0,3.0,3.0,1.8032786885245902,0.650362805697393,2.0,0.0,8.0,8.0,0.8251366120218578,1.469915494640031,0.0,0.0,0.0,0.0,0.0,0.0,0.0,1.0,8.0,7.0,2.7158469945355193,1.182597270745618,2.0,9.105,22.5702380952,13.4652380952,13.095029924529511,5.295286128056061,9.105,0.0,1.625,1.625,0.26639344262295084,0.44544477291050794,0.0,0.0,0.0,0.0,0.0,0.0,0.0,2.0,229.0,227.0,46.240437158469945,59.41055271880319,12.0
-3.99614744281761,2,3.0,24.0,21.0,10.3551912568306,4.1337752694914744,8.0,1.0,87.0,86.0,75.52459016393443,17.500671862402577,87.0,6.941,51.9961,45.055099999999996,21.361208524590165,9.080652828092806,15.9994,54.8,2180.0,2125.2,336.22934426229506,375.294006987369,54.8,1.0,16.0,15.0,13.491803278688526,3.7839290513302872,16.0,2.0,4.0,2.0,2.382513661202186,0.5560034638239424,2.0,66.0,160.0,94.0,87.05464480874318,27.61264892949924,66.0,0.98,3.44,2.46,2.8546448087431693,0.7676789393532204,3.44,1.0,2.0,1.0,1.912568306010929,0.15957478575054485,2.0,0.0,4.0,4.0,3.1147540983606556,1.1609782316581565,4.0,0.0,5.0,5.0,0.2677595628415301,0.47699244528053997,0.0,0.0,0.0,0.0,0.0,0.0,0.0,1.0,6.0,5.0,5.295081967213115,0.9475947325987638,6.0,0.0,1.0,1.0,0.08743169398907104,0.15957478575054498,0.0,0.0,3.0,3.0,1.8032786885245902,0.650362805697393,2.0,0.0,8.0,8.0,0.8251366120218578,1.469915494640031,0.0,0.0,0.0,0.0,0.0,0.0,0.0,1.0,8.0,7.0,2.7158469945355193,1.182597270745618,2.0,9.105,22.5702380952,13.4652380952,12.58317200103224,4.607214821059733,9.105,0.0,1.625,1.625,0.26639344262295084,0.44544477291050794,0.0,0.0,2.25333333333e-05,2.25333333333e-05,2.093260473585246e-06,3.7976091651929054e-06,0.0,2.0,229.0,227.0,46.240437158469945,59.41055271880319,12.0
-4.267606240177032,1,3.0,72.0,69.0,15.032786885245901,10.943653139836961,8.0,1.0,87.0,86.0,75.80874316939891,17.03484726328048,87.0,6.941,178.49,171.549,33.558682295081965,27.657829006539462,15.9994,54.8,2506.0,2451.2,382.6665027322404,451.42049628236134,54.8,1.0,16.0,15.0,13.524590163934427,3.7301800591238914,16.0,2.0,6.0,4.0,2.568306010928962,0.826062289109857,2.0,66.0,175.0,109.0,88.33333333333333,29.289617486338795,66.0,0.98,3.44,2.46,2.835136612021858,0.7932634596434649,3.44,1.0,2.0,1.0,1.92896174863388,0.13198363641792815,2.0,0.0,4.0,4.0,3.1147540983606556,1.1609782316581565,4.0,0.0,6.0,6.0,0.28415300546448086,0.5061960643793484,0.0,0.0,14.0,14.0,1.3005464480874316,2.359461315655887,0.0,1.0,18.0,17.0,6.628415300546448,2.1577234315745466,6.0,0.0,1.0,1.0,0.07103825136612021,0.1319836364179283,0.0,0.0,3.0,3.0,1.8032786885245902,0.650362805697393,2.0,0.0,8.0,8.0,0.8087431693989071,1.4407118755412223,0.0,0.0,0.0,0.0,0.0,0.0,0.0,1.0,8.0,7.0,2.6830601092896176,1.1349398309892802,2.0,9.105,22.5702380952,13.4652380952,13.087488940922952,5.300231035339048,9.105,0.0,1.625,1.625,0.26639344262295084,0.44544477291050794,0.0,0.0,2.1106628,2.1106628,0.03460102950819672,0.06806759903251813,0.0,2.0,229.0,227.0,46.240437158469945,59.41055271880319,12.0
-3.123668528439514,2,3.0,26.0,23.0,10.387978142076502,4.1814327092478125,8.0,1.0,87.0,86.0,75.62295081967213,17.339424885783394,87.0,6.941,55.845,48.903999999999996,21.42430524590164,9.172367188031892,15.9994,54.8,1941.0,1886.2,330.1801639344262,365.3773179252888,54.8,1.0,16.0,15.0,13.524590163934427,3.7301800591238914,16.0,2.0,4.0,2.0,2.382513661202186,0.5560034638239424,2.0,66.0,160.0,94.0,86.93989071038251,27.462151751321326,66.0,0.98,3.44,2.46,2.857431693989071,0.7640240078831855,3.44,1.0,2.0,1.0,1.92896174863388,0.13198363641792815,2.0,0.0,4.0,4.0,3.1147540983606556,1.1609782316581565,4.0,0.0,6.0,6.0,0.28415300546448086,0.5061960643793484,0.0,0.0,0.0,0.0,0.0,0.0,0.0,1.0,8.0,7.0,5.327868852459017,0.969094329481322,6.0,0.0,1.0,1.0,0.07103825136612021,0.1319836364179283,0.0,0.0,3.0,3.0,1.8032786885245902,0.650362805697393,2.0,0.0,8.0,8.0,0.8087431693989071,1.4407118755412223,0.0,0.0,0.0,0.0,0.0,0.0,0.0,1.0,8.0,7.0,2.6830601092896176,1.1349398309892802,2.0,9.105,22.5702380952,13.4652380952,12.575631017425684,4.612159728342721,9.105,0.0,1.625,1.625,0.26639344262295084,0.44544477291050794,0.0,0.0,2.1106628,2.1106628,0.03460312276867031,0.0680675304010272,0.0,2.0,229.0,227.0,46.240437158469945,59.41055271880319,12.0
-3.583359492661719,1,3.0,31.0,28.0,10.469945355191257,4.300576308638658,8.0,1.0,87.0,86.0,75.9344262295082,16.828809459822622,87.0,6.941,69.723,62.782,21.65181344262295,9.503062162501118,15.9994,54.8,1941.0,1886.2,305.45737704918037,328.81450685299654,54.8,1.0,16.0,15.0,13.60655737704918,3.5958075786079013,16.0,2.0,4.0,2.0,2.382513661202186,0.5560034638239424,2.0,66.0,160.0,94.0,86.77595628415301,27.247155782495746,66.0,0.98,3.44,2.46,2.8571038251366123,0.7644539998208366,3.44,1.0,2.0,1.0,1.92896174863388,0.13198363641792815,2.0,0.0,4.0,4.0,3.1311475409836067,1.1394786347755979,4.0,0.0,10.0,10.0,0.34972677595628415,0.6230105407745827,0.0,0.0,0.0,0.0,0.0,0.0,0.0,1.0,13.0,12.0,5.409836065573771,1.0228433216877184,6.0,0.0,1.0,1.0,0.07103825136612021,0.1319836364179283,0.0,0.0,5.0,5.0,1.8852459016393444,0.6181134103735554,2.0,0.0,8.0,8.0,0.7431693989071038,1.348263608946221,0.0,0.0,0.0,0.0,0.0,0.0,0.0,1.0,8.0,7.0,2.699453551912568,1.158768550867449,2.0,9.105,22.5702380952,13.4652380952,12.708868722343716,4.726385209631103,9.105,0.0,1.625,1.625,0.26639344262295084,0.44544477291050794,0.0,0.0,2.25333333333e-05,2.25333333333e-05,2.093260473585246e-06,3.7976091651929054e-06,0.0,2.0,229.0,227.0,43.53551912568306,54.97626086177551,12.0
-3.4056074496245734,1,3.0,49.0,46.0,10.765027322404372,4.729493266445699,8.0,1.0,87.0,86.0,75.95081967213115,16.80193496371943,87.0,6.941,114.818,107.877,22.39107573770492,10.57761828540715,15.9994,54.8,1941.0,1886.2,307.5367213114754,331.45799516259063,54.8,1.0,16.0,15.0,13.60655737704918,3.5958075786079013,16.0,2.0,5.0,3.0,2.3989071038251364,0.579832183702111,2.0,66.0,160.0,94.0,87.10382513661203,27.67714772014692,66.0,0.98,3.44,2.46,2.8566120218579236,0.7650989877273134,3.44,1.0,2.0,1.0,1.92896174863388,0.13198363641792815,2.0,0.0,4.0,4.0,3.1311475409836067,1.1394786347755979,4.0,0.0,10.0,10.0,0.34972677595628415,0.6230105407745827,0.0,0.0,0.0,0.0,0.0,0.0,0.0,1.0,13.0,12.0,5.409836065573771,1.0228433216877184,6.0,0.0,1.0,1.0,0.07103825136612021,0.1319836364179283,0.0,0.0,5.0,5.0,1.8852459016393444,0.6181134103735554,2.0,0.0,8.0,8.0,0.7431693989071038,1.348263608946221,0.0,0.0,0.0,0.0,0.0,0.0,0.0,1.0,8.0,7.0,2.699453551912568,1.158768550867449,2.0,9.105,24.26,15.155000000000001,12.79743429611421,4.842536781789126,9.105,0.0,1.625,1.625,0.26639344262295084,0.44544477291050794,0.0,0.0,2.25333333333e-05,2.25333333333e-05,2.093260473585246e-06,3.7976091651929054e-06,0.0,2.0,229.0,227.0,44.76502732240437,56.99184806951536,12.0
-3.279432194299457,2,3.0,57.0,54.0,10.89617486338798,4.920123025471051,8.0,1.0,87.0,86.0,74.93442622950819,18.468153722117716,87.0,6.941,138.90547,131.96447,22.78595229508197,11.15159186061095,15.9994,54.8,1941.0,1886.2,320.0490163934426,348.7688793335125,54.8,1.0,16.0,15.0,13.442622950819672,3.864552539639882,16.0,2.0,6.0,4.0,2.4153005464480874,0.6036609035802801,2.0,66.0,207.0,141.0,88.16939890710383,29.07462151751321,66.0,0.98,3.44,2.46,2.845464480874317,0.7797187136074532,3.44,1.0,2.0,1.0,1.92896174863388,0.13198363641792815,2.0,0.0,4.0,4.0,3.1147540983606556,1.1609782316581565,4.0,0.0,2.0,2.0,0.20218579234972678,0.36017796888530557,0.0,0.0,0.0,0.0,0.0,0.0,0.0,1.0,6.0,5.0,5.245901639344263,0.9889814565976887,6.0,0.0,1.0,1.0,0.07103825136612021,0.1319836364179283,0.0,0.0,3.0,3.0,1.8032786885245902,0.650362805697393,2.0,0.0,9.0,9.0,0.8907103825136612,1.5867299710352654,0.0,0.0,0.0,0.0,0.0,0.0,0.0,1.0,9.0,8.0,2.765027322404372,1.2540834303801247,2.0,9.105,36.8975,27.7925,13.004606427261752,5.114237937392458,9.105,0.0,1.625,1.625,0.26639344262295084,0.44544477291050794,0.0,0.0,2.25333333333e-05,2.25333333333e-05,2.093260473585246e-06,3.7976091651929054e-06,0.0,2.0,229.0,227.0,45.666666666666664,58.46994535519126,12.0
-4.448550002027125,1,3.0,72.0,69.0,15.770491803278688,12.257815999283347,8.0,1.0,87.0,86.0,75.5792349726776,17.411090208725252,87.0,6.941,178.49,171.549,35.51149868852459,31.136616680103913,15.9994,54.8,2506.0,2451.2,384.7156830601093,454.7798082952611,54.8,1.0,16.0,15.0,13.442622950819672,3.864552539639882,16.0,2.0,6.0,4.0,2.6010928961748636,0.873719728866195,2.0,66.0,187.0,121.0,89.23497267759564,30.472095314879514,66.0,0.98,3.44,2.46,2.8259562841530057,0.8053032338976978,3.44,1.0,2.0,1.0,1.92896174863388,0.13198363641792815,2.0,0.0,4.0,4.0,3.1147540983606556,1.1609782316581565,4.0,0.0,2.0,2.0,0.20218579234972678,0.36017796888530557,0.0,0.0,14.0,14.0,1.5300546448087429,2.7256711158887987,0.0,1.0,18.0,17.0,6.775956284153006,2.4205560034638247,6.0,0.0,1.0,1.0,0.07103825136612021,0.1319836364179283,0.0,0.0,3.0,3.0,1.8032786885245902,0.650362805697393,2.0,0.0,9.0,9.0,0.8907103825136612,1.5867299710352654,0.0,0.0,0.0,0.0,0.0,0.0,0.0,1.0,9.0,8.0,2.765027322404372,1.2540834303801247,2.0,9.105,28.865,19.759999999999998,13.384784022890162,5.612831505429722,9.105,0.0,1.625,1.625,0.26639344262295084,0.44544477291050794,0.0,0.0,0.0022471,0.0022471,3.683770491803279e-05,7.246761623219565e-05,0.0,2.0,229.0,227.0,45.666666666666664,58.46994535519126,12.0
-4.079876673709276,1,3.0,72.0,69.0,14.950819672131146,10.813759742004835,8.0,1.0,87.0,86.0,75.08743169398907,18.21732509182119,87.0,6.941,178.49,171.549,33.38017265573771,27.339828228254056,15.9994,54.8,2506.0,2451.2,382.71568306010926,451.5011197706709,54.8,1.0,16.0,15.0,13.442622950819672,3.864552539639882,16.0,2.0,6.0,4.0,2.568306010928962,0.826062289109857,2.0,66.0,175.0,109.0,88.95628415300547,30.106602167876023,66.0,0.98,3.44,2.46,2.827431693989071,0.8033682701782675,3.44,1.0,2.0,1.0,1.92896174863388,0.13198363641792815,2.0,0.0,4.0,4.0,3.1147540983606556,1.1609782316581565,4.0,0.0,2.0,2.0,0.20218579234972678,0.36017796888530557,0.0,0.0,14.0,14.0,1.3005464480874316,2.359461315655887,0.0,1.0,18.0,17.0,6.546448087431694,2.1279823225536743,6.0,0.0,1.0,1.0,0.07103825136612021,0.1319836364179283,0.0,0.0,3.0,3.0,1.8032786885245902,0.650362805697393,2.0,0.0,9.0,9.0,0.8907103825136612,1.5867299710352654,0.0,0.0,0.0,0.0,0.0,0.0,0.0,1.0,9.0,8.0,2.765027322404372,1.2540834303801247,2.0,9.105,22.5702380952,13.4652380952,13.276095498300002,5.470289178098361,9.105,0.0,1.625,1.625,0.26639344262295084,0.44544477291050794,0.0,0.0,6.35e-06,6.35e-06,1.0409836065573771e-07,2.0478366030636928e-07,0.0,2.0,229.0,227.0,45.666666666666664,58.46994535519126,12.0
-3.344861565188618,3,3.0,22.0,19.0,10.306010928961747,4.062289109856968,8.0,1.0,87.0,86.0,74.9016393442623,18.521902714324096,87.0,6.941,47.867,40.925999999999995,21.245795606557376,8.91289416035116,15.9994,54.8,1941.0,1886.2,330.2293442622951,365.4579414135985,54.8,1.0,16.0,15.0,13.442622950819672,3.864552539639882,16.0,2.0,4.0,2.0,2.382513661202186,0.5560034638239424,2.0,66.0,170.0,104.0,87.56284153005464,28.27913643285855,66.0,0.98,3.44,2.46,2.849726775956284,0.7741288184179879,3.44,1.0,2.0,1.0,1.92896174863388,0.13198363641792815,2.0,0.0,4.0,4.0,3.1147540983606556,1.1609782316581565,4.0,0.0,2.0,2.0,0.20218579234972678,0.36017796888530557,0.0,0.0,0.0,0.0,0.0,0.0,0.0,1.0,6.0,5.0,5.245901639344263,0.9889814565976887,6.0,0.0,1.0,1.0,0.07103825136612021,0.1319836364179283,0.0,0.0,3.0,3.0,1.8032786885245902,0.650362805697393,2.0,0.0,9.0,9.0,0.8907103825136612,1.5867299710352654,0.0,0.0,0.0,0.0,0.0,0.0,0.0,1.0,9.0,8.0,2.765027322404372,1.2540834303801247,2.0,9.105,22.5702380952,13.4652380952,12.764237574802731,4.799000098101944,9.105,0.0,1.625,1.625,0.26639344262295084,0.44544477291050794,0.0,0.0,2.25333333333e-05,2.25333333333e-05,2.1973588342409837e-06,3.9144206555331185e-06,0.0,2.0,229.0,227.0,45.666666666666664,58.46994535519126,12.0
-3.494850021680094,1,3.0,22.0,19.0,10.306010928961747,4.062289109856968,8.0,1.0,87.0,86.0,75.34426229508196,17.632356893308256,87.0,6.941,47.867,40.925999999999995,21.246169803278686,8.913438074711099,15.9994,54.8,1941.0,1886.2,354.76540983606554,404.45262563826924,54.8,1.0,16.0,15.0,13.442622950819672,3.8317656543939798,16.0,2.0,4.0,2.0,2.382513661202186,0.5560034638239424,2.0,66.0,160.0,94.0,87.46448087431695,28.150138851563206,66.0,0.98,3.44,2.46,2.8479234972677596,0.7764937740750693,3.44,1.0,2.0,1.0,1.92896174863388,0.13198363641792815,2.0,0.0,4.0,4.0,3.098360655737705,1.182477828540715,4.0,0.0,2.0,2.0,0.2185792349726776,0.38938158798411415,0.0,0.0,0.0,0.0,0.0,0.0,0.0,1.0,6.0,5.0,5.245901639344263,0.9889814565976887,6.0,0.0,1.0,1.0,0.07103825136612021,0.1319836364179283,0.0,0.0,4.0,4.0,1.8196721311475412,0.6562751948400966,2.0,0.0,8.0,8.0,0.8743169398907104,1.5575263519364566,0.0,0.0,0.0,0.0,0.0,0.0,0.0,1.0,8.0,7.0,2.765027322404372,1.2540834303801252,2.0,9.105,22.5702380952,13.4652380952,12.638413999471585,4.633985573077488,9.105,0.0,1.625,1.625,0.2524262295081967,0.4220897608169846,0.0,0.0,2.25333333333e-05,2.25333333333e-05,2.4626593806885245e-06,4.387032557947864e-06,0.0,2.0,229.0,227.0,49.3551912568306,62.9640777568754,12.0
-4.496209316942819,1,3.0,72.0,69.0,15.245901639344263,11.323300188121474,8.0,1.0,87.0,86.0,75.10382513661202,18.190450595718,87.0,6.941,178.49,171.549,34.10066344262295,28.623325477022306,15.9994,54.8,2506.0,2451.2,382.469781420765,451.098002329123,54.8,1.0,16.0,15.0,13.442622950819672,3.864552539639882,16.0,2.0,6.0,4.0,2.5846994535519126,0.849891008988026,2.0,66.0,190.0,124.0,89.28415300546447,30.536594105527186,66.0,0.98,3.44,2.46,2.8251366120218577,0.8063782137418257,3.44,1.0,2.0,1.0,1.92896174863388,0.13198363641792815,2.0,0.0,4.0,4.0,3.1147540983606556,1.1609782316581565,4.0,0.0,2.0,2.0,0.20218579234972678,0.36017796888530557,0.0,0.0,14.0,14.0,1.3005464480874316,2.359461315655887,0.0,1.0,18.0,17.0,6.546448087431694,2.1279823225536743,6.0,0.0,1.0,1.0,0.07103825136612021,0.1319836364179283,0.0,0.0,3.0,3.0,1.8032786885245902,0.650362805697393,2.0,0.0,9.0,9.0,0.8907103825136612,1.5867299710352654,0.0,0.0,0.0,0.0,0.0,0.0,0.0,1.0,9.0,8.0,2.765027322404372,1.2540834303801247,2.0,9.105,32.365,23.26,13.442161072070492,5.688080094518678,9.105,0.0,1.625,1.625,0.26639344262295084,0.44544477291050794,0.0,0.0,0.0,0.0,0.0,0.0,0.0,2.0,229.0,227.0,45.666666666666664,58.46994535519126,12.0
-10.8153085691824,1,3.0,22.0,19.0,10.577857142857143,5.100398979591836,8.0,1.0,87.0,86.0,63.97642857142858,26.893196938775507,87.0,6.941,47.867,40.925999999999995,22.139774285714285,11.33836501632653,15.9994,54.8,1941.0,1886.2,578.3195071428571,633.7383966224489,54.8,1.0,16.0,15.0,10.286428571428571,6.5297959183673475,16.0,2.0,4.0,2.0,2.5007142857142854,0.7145908163265304,2.0,66.0,160.0,94.0,100.36642857142859,39.27591836734694,66.0,0.98,3.44,2.46,2.5295214285714285,1.0405469387755102,3.44,1.0,2.0,1.0,1.8578571428571427,0.24387653061224504,2.0,0.0,4.0,4.0,2.2857142857142856,1.9591836734693877,4.0,0.0,2.0,2.0,0.42857142857142855,0.673469387755102,0.0,0.0,0.0,0.0,0.0,0.0,0.0,1.0,6.0,5.0,4.572142857142857,1.6318367346938776,6.0,0.0,1.0,1.0,0.14214285714285715,0.24387653061224487,0.0,0.0,2.0,2.0,1.1428571428571428,0.9795918367346939,2.0,0.0,8.0,8.0,1.7142857142857142,2.693877551020408,0.0,0.0,0.0,0.0,0.0,0.0,0.0,0.0,8.0,8.0,2.999285714285714,2.1431632653061223,2.0,9.105,22.89,13.785,12.789259523804787,4.2105823129197555,9.105,0.0,0.0,0.0,0.0,0.0,0.0,0.0,2.25333333333e-05,2.25333333333e-05,4.828571428564286e-06,7.5877551020295915e-06,0.0,12.0,229.0,217.0,94.97500000000001,94.82857142857142,12.0
-3.255707016877324,1,3.0,32.0,29.0,11.21951219512195,6.415229030339083,16.0,1.0,88.0,87.0,53.34146341463415,40.8518738845925,88.0,6.941,72.64,65.699,23.143684097560975,12.645997344437832,32.065,317.3,1211.4,894.1000000000001,426.99609756097556,59.097870315288496,388.36,1.0,16.0,15.0,10.0,7.024390243902439,16.0,2.0,4.0,2.0,2.6341463414634143,0.49494348602022603,3.0,105.0,128.0,23.0,114.53658536585365,10.774538964901842,105.0,0.98,2.58,1.6,1.9036585365853658,0.7209042236763831,2.58,1.0,2.0,1.0,1.6097560975609753,0.4759071980963712,2.0,0.0,4.0,4.0,2.292682926829268,1.803688280785247,4.0,0.0,10.0,10.0,0.24390243902439024,0.47590719809637116,0.0,0.0,0.0,0.0,0.0,0.0,0.0,1.0,14.0,13.0,4.146341463414634,2.455681142177275,6.0,0.0,1.0,1.0,0.39024390243902435,0.47590719809637116,0.0,0.0,4.0,4.0,1.3658536585365852,1.0660321237358714,2.0,0.0,0.0,0.0,0.0,0.0,0.0,0.0,0.0,0.0,0.0,0.0,0.0,1.0,4.0,3.0,1.7560975609756098,0.5901249256395003,2.0,16.5933333333,25.786875,9.1935416667,21.817482578380485,4.077384776648186,25.786875,0.0,2.202,2.202,1.2420243902439023,1.0112885187388458,2.202,0.0,0.0,0.0,0.0,0.0,0.0,2.0,229.0,227.0,129.1951219512195,82.5698988697204,70.0
-5.494850021680094,1,3.0,16.0,13.0,10.780487804878048,6.072575847709696,16.0,1.0,88.0,87.0,53.3170731707317,40.83283759666865,88.0,6.941,32.065,25.124,22.056988975609755,11.797845054134442,32.065,317.3,1687.0,1369.7,438.5960975609756,72.67835812016655,388.36,1.0,16.0,15.0,10.0,7.024390243902439,16.0,2.0,3.0,1.0,2.6097560975609757,0.47590719809637116,3.0,105.0,128.0,23.0,114.31707317073169,10.679357525282564,105.0,0.98,2.58,1.6,1.9009756097560973,0.7188578227245687,2.58,1.0,2.0,1.0,1.6097560975609753,0.4759071980963712,2.0,0.0,4.0,4.0,2.292682926829268,1.803688280785247,4.0,0.0,0.0,0.0,0.0,0.0,0.0,0.0,0.0,0.0,0.0,0.0,0.0,1.0,6.0,5.0,3.902439024390244,2.265318262938727,6.0,0.0,1.0,1.0,0.39024390243902435,0.47590719809637116,0.0,0.0,4.0,4.0,1.3658536585365852,1.0660321237358714,2.0,0.0,0.0,0.0,0.0,0.0,0.0,0.0,0.0,0.0,0.0,0.0,0.0,1.0,4.0,3.0,1.7560975609756098,0.5901249256395003,2.0,16.5933333333,25.786875,9.1935416667,21.75492160277073,4.092699215331827,25.786875,0.0,2.202,2.202,1.2515365853658535,1.0001522903033908,2.202,0.0,0.0,0.0,0.0,0.0,0.0,2.0,229.0,227.0,129.2439024390244,82.62700773349196,70.0
-2.657577319177794,1,3.0,32.0,29.0,11.272727272727273,6.517906336088154,16.0,1.0,88.0,87.0,53.0,40.96969696969697,88.0,6.941,72.64,65.699,23.298008666666664,12.88734016161616,32.065,317.3,1211.4,894.1000000000001,432.57666666666665,63.83616161616161,388.36,1.0,16.0,15.0,9.93939393939394,7.04315886134068,16.0,2.0,4.0,2.0,2.6363636363636362,0.5013774104683196,3.0,105.0,128.0,23.0,114.6969696969697,10.80257116620753,105.0,0.98,2.58,1.6,1.8969696969696972,0.7224609733700643,2.58,1.0,2.0,1.0,1.606060606060606,0.47750229568411395,2.0,0.0,4.0,4.0,2.272727272727273,1.8071625344352618,4.0,0.0,10.0,10.0,0.30303030303030304,0.5876951331496787,0.0,0.0,0.0,0.0,0.0,0.0,0.0,1.0,14.0,13.0,4.181818181818182,2.506887052341598,6.0,0.0,1.0,1.0,0.3939393939393939,0.4775022956841139,0.0,0.0,4.0,4.0,1.3636363636363635,1.0743801652892564,2.0,0.0,0.0,0.0,0.0,0.0,0.0,0.0,0.0,0.0,0.0,0.0,0.0,1.0,4.0,3.0,1.7575757575757576,0.5968778696051423,2.0,16.5933333333,25.786875,9.1935416667,21.78845598843939,4.093126940412856,25.786875,0.0,2.202,2.202,1.226969696969697,1.0178530762167126,2.202,0.0,0.0,0.0,0.0,0.0,0.0,2.0,229.0,227.0,131.15151515151516,82.78053259871443,70.0
-2.7594507517174,1,3.0,32.0,29.0,11.325301204819278,6.620119030338222,16.0,1.0,88.0,87.0,52.66265060240964,41.08114385251851,88.0,6.941,72.64,65.699,23.45047390361446,13.128015393235595,32.065,317.3,1211.4,894.1000000000001,438.09,68.3067469879518,388.36,1.0,16.0,15.0,9.879518072289157,7.06082159965162,16.0,2.0,4.0,2.0,2.6385542168674703,0.5077660037741326,3.0,105.0,128.0,23.0,114.855421686747,10.824212512701411,105.0,0.98,2.58,1.6,1.8903614457831326,0.7239018725504428,2.58,1.0,2.0,1.0,1.6024096385542173,0.4790245318623893,2.0,0.0,4.0,4.0,2.253012048192771,1.8098417767455366,4.0,0.0,10.0,10.0,0.3614457831325301,0.6967629554362028,0.0,0.0,0.0,0.0,0.0,0.0,0.0,1.0,14.0,13.0,4.216867469879518,2.557991000145159,6.0,0.0,1.0,1.0,0.3975903614457832,0.4790245318623893,0.0,0.0,4.0,4.0,1.3614457831325302,1.082595442009,2.0,0.0,0.0,0.0,0.0,0.0,0.0,0.0,0.0,0.0,0.0,0.0,0.0,1.0,4.0,3.0,1.7590361445783131,0.6035709101466107,2.0,16.5933333333,25.786875,9.1935416667,21.7597791164494,4.108258092624822,25.786875,0.0,2.202,2.202,1.2120963855421687,1.0237703585426041,2.202,0.0,0.0,0.0,0.0,0.0,0.0,2.0,229.0,227.0,133.0843373493976,82.91479169690811,70.0
-5.488116639021126,1,3.0,15.0,12.0,6.436040044493882,3.057655212007904,3.0,1.0,87.0,86.0,47.74416017797553,41.59658302823184,1.0,6.941,30.973762,24.032762,13.365413147719687,5.716941621997499,6.941,54.8,1687.0,1632.2,334.0849944382647,249.76174102729397,54.8,1.0,16.0,15.0,9.10567296996663,7.213057147912463,1.0,2.0,3.0,1.0,2.1101223581757504,0.1959908488111247,2.0,66.0,128.0,62.0,98.761957730812,29.154133687040723,66.0,0.98,3.44,2.46,2.1758620689655173,1.1259660158797131,0.98,1.0,2.0,1.0,1.5550611790878754,0.49393653311490576,1.0,0.0,4.0,4.0,2.0,1.8531701890989989,0.0,0.0,0.0,0.0,0.0,0.0,0.0,0.0,0.0,0.0,0.0,0.0,0.0,1.0,6.0,5.0,3.5550611790878754,2.3144415807453838,1.0,0.0,1.0,1.0,0.44493882091212456,0.49393653311490576,0.0,0.0,5.0,5.0,1.3303670745272527,1.1838639150409367,0.0,0.0,0.0,0.0,0.0,0.0,0.0,0.0,0.0,0.0,0.0,0.0,0.0,1.0,5.0,4.0,1.7753058954393772,0.6899273819260306,1.0,9.105,22.5702380952,13.4652380952,13.617921235218686,4.015947706534982,9.105,0.0,1.625,1.625,0.08802447163515018,0.1631243267454507,0.0,0.0,0.0,0.0,0.0,0.0,0.0,2.0,229.0,227.0,123.89543937708567,108.52219188048517,12.0
-7.42021640338319,1,3.0,83.0,80.0,25.5,28.75,8.0,1.0,87.0,86.0,65.25,32.125,87.0,6.941,208.9804,202.0394,61.98005,73.500175,15.9994,54.8,544.4,489.59999999999997,276.92249999999996,222.1225,54.8,1.0,16.0,15.0,12.0,5.5,16.0,2.0,6.0,4.0,3.0,1.5,2.0,66.0,148.0,82.0,102.0,36.0,66.0,0.98,3.44,2.46,2.4699999999999998,0.97,3.44,1.0,2.0,1.0,1.75,0.375,2.0,0.0,4.0,4.0,2.75,1.375,4.0,0.0,10.0,10.0,2.5,3.75,0.0,0.0,14.0,14.0,3.5,5.25,0.0,1.0,29.0,28.0,10.5,9.25,6.0,0.0,1.0,1.0,0.25,0.375,0.0,0.0,3.0,3.0,1.75,0.875,2.0,0.0,0.0,0.0,0.0,0.0,0.0,0.0,0.0,0.0,0.0,0.0,0.0,1.0,3.0,2.0,2.0,0.5,2.0,9.105,32.95,23.845000000000002,16.938333333324998,8.005833333337499,9.105,0.0,0.0,0.0,0.0,0.0,0.0,0.0,0.0,0.0,0.0,0.0,0.0,12.0,229.0,217.0,66.25,81.375,12.0
-3.987162775294828,1,1.0,58.0,57.0,5.833333333333333,7.037037037037037,1.0,1.0,94.0,93.0,79.44444444444444,18.358024691358025,92.0,1.00794,140.116,139.10806000000002,12.613237777777778,16.704724938271607,1.00794,14.01,2348.0,2333.99,494.91166666666675,681.705925925926,14.01,1.0,17.0,16.0,4.0,4.444444444444445,1.0,1.0,6.0,5.0,1.6111111111111112,0.8148148148148149,1.0,31.0,204.0,173.0,58.77777777777778,37.03703703703704,31.0,0.98,3.16,2.18,2.098888888888889,0.2527160493827162,2.2,1.0,2.0,1.0,1.2777777777777777,0.4012345679012345,1.0,0.0,5.0,5.0,0.4444444444444444,0.691358024691358,0.0,0.0,1.0,1.0,0.05555555555555555,0.10493827160493828,0.0,0.0,1.0,1.0,0.05555555555555555,0.10493827160493828,0.0,1.0,7.0,6.0,1.8333333333333333,1.2037037037037037,1.0,0.0,1.0,1.0,0.7222222222222222,0.4012345679012346,1.0,0.0,5.0,5.0,0.8888888888888888,1.382716049382716,0.0,0.0,9.0,9.0,0.5,0.9444444444444444,0.0,0.0,13.0,13.0,0.7222222222222222,1.3641975308641974,0.0,1.0,22.0,21.0,2.8333333333333335,2.851851851851852,1.0,6.615,37.24,30.625,9.957129629627778,5.384382716046296,6.615,0.0,7.853,7.853,5.627833333333332,2.966888888888889,7.853,0.0,0.0,0.0,0.0,0.0,0.0,64.0,229.0,165.0,184.05555555555554,19.358024691358032,194.0
-15.0,1,3.0,32.0,29.0,13.785714285714286,9.693877551020408,8.0,1.0,87.0,86.0,70.92857142857143,21.8265306122449,87.0,6.941,72.64,65.699,29.909313928571432,22.459419897959183,15.9994,54.8,1768.0,1713.2,481.9985714285714,496.3151020408163,54.8,1.0,16.0,15.0,12.928571428571429,3.9693877551020407,16.0,2.0,4.0,2.0,2.5714285714285716,0.8163265306122449,2.0,66.0,128.0,62.0,90.71428571428571,28.244897959183675,66.0,0.98,3.44,2.46,2.670714285714286,0.8791836734693877,3.44,1.0,2.0,1.0,1.8571428571428572,0.24489795918367344,2.0,0.0,4.0,4.0,2.7142857142857144,1.4693877551020407,4.0,0.0,10.0,10.0,2.642857142857143,3.775510204081633,0.0,0.0,0.0,0.0,0.0,0.0,0.0,1.0,14.0,13.0,7.214285714285714,3.1632653061224487,6.0,0.0,1.0,1.0,0.14285714285714285,0.24489795918367346,0.0,0.0,4.0,4.0,2.0,0.8571428571428571,2.0,0.0,3.0,3.0,0.21428571428571427,0.3979591836734694,0.0,0.0,0.0,0.0,0.0,0.0,0.0,1.0,4.0,3.0,2.357142857142857,0.7959183673469389,2.0,9.105,23.005,13.899999999999999,13.234761904757145,5.146836734687755,9.105,0.0,0.383,0.383,0.08207142857142857,0.12896938775510206,0.0,0.0,1.5484712,1.5484712,0.11060508571428572,0.20540944489795918,0.0,12.0,229.0,217.0,101.64285714285714,102.44897959183673,12.0
-15.0,1,3.0,27.0,24.0,11.642857142857142,6.632653061224489,8.0,1.0,87.0,86.0,63.214285714285715,27.183673469387752,87.0,6.941,58.933195,51.992194999999995,24.60081392857143,14.875848469387758,15.9994,54.8,1941.0,1886.2,638.3414285714287,719.6620408163266,54.8,1.0,16.0,15.0,10.785714285714286,5.959183673469388,16.0,2.0,4.0,2.0,2.5714285714285716,0.8163265306122449,2.0,66.0,160.0,94.0,99.28571428571429,38.04081632653061,66.0,0.98,3.44,2.46,2.5700000000000003,0.9942857142857141,3.44,1.0,2.0,1.0,1.8571428571428572,0.24489795918367344,2.0,0.0,4.0,4.0,2.2857142857142856,1.959183673469388,4.0,0.0,7.0,7.0,0.9285714285714286,1.3265306122448979,0.0,0.0,0.0,0.0,0.0,0.0,0.0,1.0,9.0,8.0,5.071428571428571,1.6224489795918369,6.0,0.0,1.0,1.0,0.14285714285714285,0.24489795918367346,0.0,0.0,2.0,2.0,1.1428571428571428,0.979591836734694,2.0,0.0,8.0,8.0,1.9285714285714286,2.7551020408163267,0.0,0.0,0.0,0.0,0.0,0.0,0.0,1.0,8.0,7.0,3.2142857142857144,2.0510204081632653,2.0,9.105,16.69,7.585000000000001,11.881547619042859,3.4069897959122453,9.105,0.0,0.0,0.0,0.0,0.0,0.0,0.0,1.5484712,1.5484712,0.11060991428571429,0.20540875510204085,0.0,12.0,229.0,217.0,95.0,94.85714285714286,12.0
-15.0,1,3.0,24.0,21.0,14.0,6.285714285714286,17.0,1.0,94.0,93.0,61.0,37.714285714285715,94.0,6.941,51.9961,45.055099999999996,29.67001428571429,12.988008163265306,35.453,171.6,2180.0,2008.4,539.1114285714286,468.82530612244904,171.6,1.0,17.0,16.0,10.857142857142858,7.020408163265306,17.0,2.0,4.0,2.0,2.857142857142857,0.4897959183673469,3.0,102.0,139.0,37.0,114.71428571428571,14.530612244897958,102.0,0.98,3.16,2.18,2.322857142857143,0.9567346938775511,3.16,1.0,2.0,1.0,1.5714285714285714,0.489795918367347,2.0,0.0,5.0,5.0,2.857142857142857,2.4489795918367347,5.0,0.0,5.0,5.0,0.7142857142857143,1.2244897959183674,0.0,0.0,0.0,0.0,0.0,0.0,0.0,1.0,7.0,6.0,5.142857142857143,2.3673469387755097,7.0,0.0,1.0,1.0,0.42857142857142855,0.4897959183673469,0.0,0.0,1.0,1.0,0.5714285714285714,0.489795918367347,1.0,0.0,5.0,5.0,0.7142857142857143,1.2244897959183674,0.0,0.0,0.0,0.0,0.0,0.0,0.0,1.0,6.0,5.0,1.7142857142857142,1.2244897959183672,1.0,11.19,24.4975,13.3075,20.338095238085714,4.753605442187755,24.4975,0.0,2.493,2.493,1.4245714285714286,1.221061224489796,2.493,0.0,0.0,0.0,0.0,0.0,0.0,64.0,229.0,165.0,134.71428571428572,80.81632653061226,64.0
-7.42021640338319,1,3.0,32.0,29.0,19.3,7.2200000000000015,16.0,1.0,88.0,87.0,75.6,15.560000000000002,88.0,6.941,72.64,65.699,41.1417,17.73218,32.065,302.91,1211.4,908.49,460.10699999999997,150.25859999999997,388.36,1.0,16.0,15.0,13.7,2.8200000000000003,16.0,2.0,4.0,2.0,3.2,0.4800000000000001,3.0,105.0,128.0,23.0,112.2,8.64,105.0,0.98,2.58,1.6,2.209,0.4452,2.58,1.0,2.0,1.0,1.9,0.18000000000000008,2.0,0.0,4.0,4.0,2.8,1.44,4.0,0.0,10.0,10.0,3.0,4.2,0.0,0.0,0.0,0.0,0.0,0.0,0.0,1.0,14.0,13.0,7.7,3.3800000000000003,6.0,0.0,1.0,1.0,0.1,0.18000000000000002,0.0,0.0,5.0,5.0,2.6,1.2400000000000002,2.0,0.0,0.0,0.0,0.0,0.0,0.0,0.0,0.0,0.0,0.0,0.0,0.0,1.0,5.0,4.0,2.7,1.1800000000000002,2.0,16.5933333333,25.786875,9.1935416667,23.203458333329998,3.1001000000039993,25.786875,0.0,2.202,2.202,1.3595,1.011,2.202,0.0,0.0,0.0,0.0,0.0,0.0,64.0,229.0,165.0,100.2,50.720000000000006,70.0
-9.10790539730952,1,3.0,35.0,32.0,22.571428571428573,14.204081632653061,35.0,1.0,95.0,94.0,64.28571428571429,36.16326530612245,95.0,6.941,79.904,72.963,51.114714285714285,32.902040816326526,79.904,265.8,923.0,657.2,413.36857142857144,168.64979591836735,265.8,1.0,17.0,16.0,10.285714285714286,7.673469387755103,17.0,2.0,4.0,2.0,3.2857142857142856,0.8163265306122449,4.0,120.0,141.0,21.0,125.28571428571429,6.040816326530613,120.0,0.98,2.96,1.98,2.1585714285714284,0.9159183673469388,2.96,1.0,2.0,1.0,1.7142857142857142,0.4081632653061225,2.0,0.0,5.0,5.0,2.857142857142857,2.4489795918367347,5.0,0.0,10.0,10.0,5.714285714285714,4.8979591836734695,10.0,0.0,0.0,0.0,0.0,0.0,0.0,1.0,17.0,16.0,10.285714285714286,7.673469387755103,17.0,0.0,1.0,1.0,0.2857142857142857,0.40816326530612246,0.0,0.0,1.0,1.0,0.5714285714285714,0.489795918367347,1.0,0.0,0.0,0.0,0.0,0.0,0.0,0.0,0.0,0.0,0.0,0.0,0.0,0.0,1.0,1.0,0.8571428571428571,0.2448979591836735,1.0,16.5933333333,29.48,12.886666666700002,24.85666666665714,5.283809523820409,29.48,0.0,1.457,1.457,0.8325714285714286,0.7136326530612245,1.457,0.0,0.0,0.0,0.0,0.0,0.0,64.0,229.0,165.0,129.71428571428572,75.10204081632654,64.0
-15.0,1,3.0,22.0,19.0,10.571428571428571,5.10204081632653,8.0,1.0,87.0,86.0,63.92857142857143,26.948979591836736,87.0,6.941,47.867,40.925999999999995,22.12737142857143,11.34235918367347,15.9994,54.8,1941.0,1886.2,577.9842857142856,633.4375510204081,54.8,1.0,16.0,15.0,10.285714285714286,6.530612244897959,16.0,2.0,4.0,2.0,2.5,0.7142857142857143,2.0,66.0,160.0,94.0,100.35714285714286,39.26530612244898,66.0,0.98,3.44,2.46,2.529285714285714,1.0408163265306123,3.44,1.0,2.0,1.0,1.8571428571428572,0.24489795918367344,2.0,0.0,4.0,4.0,2.2857142857142856,1.959183673469388,4.0,0.0,2.0,2.0,0.42857142857142855,0.673469387755102,0.0,0.0,0.0,0.0,0.0,0.0,0.0,1.0,6.0,5.0,4.571428571428571,1.6326530612244898,6.0,0.0,1.0,1.0,0.14285714285714285,0.24489795918367346,0.0,0.0,2.0,2.0,1.1428571428571428,0.979591836734694,2.0,0.0,8.0,8.0,1.7142857142857142,2.693877551020408,0.0,0.0,0.0,0.0,0.0,0.0,0.0,0.0,8.0,8.0,3.0,2.142857142857143,2.0,9.105,22.89,13.785,12.784761904757143,4.205442176865306,9.105,0.0,0.0,0.0,0.0,0.0,0.0,0.0,2.25333333333e-05,2.25333333333e-05,4.828571428564286e-06,7.5877551020295915e-06,0.0,12.0,229.0,217.0,95.0,94.85714285714286,12.0
-15.0,1,3.0,42.0,39.0,13.263157894736842,9.074792243767314,8.0,1.0,87.0,86.0,70.10526315789474,21.34072022160665,87.0,6.941,95.96,89.01899999999999,28.545515789473686,21.288784487534627,15.9994,54.8,2896.0,2841.2,636.7884210526316,773.6903047091414,54.8,1.0,16.0,15.0,11.368421052631579,5.850415512465374,16.0,2.0,5.0,3.0,2.5789473684210527,0.853185595567867,2.0,66.0,154.0,88.0,94.3157894736842,35.76731301939058,66.0,0.98,3.44,2.46,2.754736842105263,0.865595567867036,3.44,1.0,2.0,1.0,1.736842105263158,0.3878116343490305,2.0,0.0,4.0,4.0,2.526315789473684,1.861495844875346,4.0,0.0,5.0,5.0,0.7894736842105263,1.3296398891966759,0.0,0.0,0.0,0.0,0.0,0.0,0.0,1.0,6.0,5.0,5.052631578947368,1.4958448753462605,6.0,0.0,1.0,1.0,0.2631578947368421,0.3878116343490305,0.0,0.0,2.0,2.0,1.263157894736842,0.930747922437673,2.0,0.0,5.0,5.0,0.7894736842105263,1.3296398891966759,0.0,0.0,0.0,0.0,0.0,0.0,0.0,0.0,6.0,6.0,2.3157894736842106,1.1634349030470916,2.0,9.105,22.89,13.785,12.38403508771579,4.141939058167313,9.105,0.0,0.0,0.0,0.0,0.0,0.0,0.0,0.0,0.0,0.0,0.0,0.0,12.0,229.0,217.0,88.26315789473684,96.33240997229917,12.0
-3.9208187539523753,1,3.0,53.0,50.0,14.4,9.120000000000001,3.0,1.0,96.0,95.0,53.5,42.0,1.0,6.941,126.90447,119.96347,31.3902232,19.642670799999998,6.941,317.3,453.69,136.39,407.235,37.163999999999994,388.36,1.0,17.0,16.0,10.0,7.2,1.0,2.0,5.0,3.0,2.8,0.64,2.0,105.0,139.0,34.0,117.8,12.4,105.0,0.98,2.66,1.6800000000000002,1.909,0.7432000000000001,0.98,1.0,2.0,1.0,1.6,0.4800000000000001,1.0,0.0,5.0,5.0,2.4,1.9200000000000004,0.0,0.0,10.0,10.0,1.0,1.8,0.0,0.0,0.0,0.0,0.0,0.0,0.0,1.0,17.0,16.0,5.0,3.2,1.0,0.0,1.0,1.0,0.4,0.4800000000000001,0.0,0.0,3.0,3.0,1.2,1.0,0.0,0.0,0.0,0.0,0.0,0.0,0.0,0.0,0.0,0.0,0.0,0.0,0.0,1.0,3.0,2.0,1.6,0.6,1.0,16.5933333333,43.015,26.421666666700002,23.510607142839994,5.721892857159999,16.5933333333,0.0,2.202,2.202,1.1495,0.9371,0.0,0.0,0.0,0.0,0.0,0.0,0.0,2.0,229.0,227.0,126.2,82.24000000000001,70.0
-15.0,1,3.0,15.0,12.0,7.538461538461538,2.792899408284024,8.0,1.0,87.0,86.0,59.92307692307692,36.260355029585796,87.0,6.941,30.973762,24.032762,15.515948,5.276891076923077,15.9994,54.8,453.69,398.89,217.92000000000002,175.66769230769233,54.8,1.0,16.0,15.0,11.23076923076923,6.29585798816568,16.0,2.0,3.0,1.0,2.1538461538461537,0.26035502958579876,2.0,66.0,128.0,62.0,91.38461538461539,27.337278106508872,66.0,0.98,3.44,2.46,2.4907692307692306,1.0222485207100591,3.44,1.0,2.0,1.0,1.6923076923076923,0.4260355029585799,2.0,0.0,4.0,4.0,2.6153846153846154,1.6094674556213016,4.0,0.0,0.0,0.0,0.0,0.0,0.0,0.0,0.0,0.0,0.0,0.0,0.0,1.0,6.0,5.0,4.3076923076923075,2.0355029585798814,6.0,0.0,1.0,1.0,0.3076923076923077,0.4260355029585799,0.0,0.0,3.0,3.0,1.5384615384615385,0.9467455621301775,2.0,0.0,0.0,0.0,0.0,0.0,0.0,0.0,0.0,0.0,0.0,0.0,0.0,1.0,3.0,2.0,1.8461538461538463,0.5207100591715975,2.0,9.105,22.5702380952,13.4652380952,13.48067765566154,4.712268244558579,9.105,0.0,1.625,1.625,0.25,0.4230769230769231,0.0,0.0,0.0,0.0,0.0,0.0,0.0,2.0,229.0,227.0,77.23076923076923,93.39644970414201,12.0
-15.0,1,3.0,15.0,12.0,7.333333333333333,2.9999999999999996,3.0,1.0,87.0,86.0,56.833333333333336,37.22222222222222,1.0,6.941,30.973762,24.032762,15.143543666666666,5.847310333333333,6.941,54.8,453.69,398.89,232.88833333333332,175.33833333333334,54.8,1.0,16.0,15.0,10.666666666666666,6.444444444444444,1.0,2.0,3.0,1.0,2.1666666666666665,0.2777777777777777,2.0,66.0,128.0,62.0,94.33333333333333,26.666666666666668,66.0,0.98,3.44,2.46,2.345,0.9616666666666666,0.98,1.0,2.0,1.0,1.6666666666666667,0.44444444444444436,1.0,0.0,4.0,4.0,2.3333333333333335,1.5555555555555556,0.0,0.0,0.0,0.0,0.0,0.0,0.0,0.0,0.0,0.0,0.0,0.0,0.0,1.0,6.0,5.0,4.0,2.0,1.0,0.0,1.0,1.0,0.3333333333333333,0.4444444444444445,0.0,0.0,3.0,3.0,1.6666666666666667,1.1111111111111112,0.0,0.0,0.0,0.0,0.0,0.0,0.0,0.0,0.0,0.0,0.0,0.0,0.0,1.0,3.0,2.0,2.0,0.6666666666666666,1.0,9.105,22.5702380952,13.4652380952,14.789275793633335,3.796359126966666,9.105,0.0,6.437,6.437,1.3436666666666668,1.7915555555555558,0.0,0.0,0.0,0.0,0.0,0.0,0.0,2.0,229.0,227.0,113.0,104.33333333333333,12.0
-15.0,1,3.0,51.0,48.0,17.5,16.75,8.0,1.0,87.0,86.0,65.0,32.0,87.0,6.941,121.76,114.819,40.174949999999995,40.792525,15.9994,54.8,903.78,848.98,366.7675,311.9675,54.8,1.0,16.0,15.0,12.0,5.5,16.0,2.0,5.0,3.0,2.75,1.125,2.0,66.0,139.0,73.0,99.75,33.75,66.0,0.98,3.44,2.46,2.4775,0.9625,3.44,1.0,2.0,1.0,1.75,0.375,2.0,0.0,4.0,4.0,2.75,1.375,4.0,0.0,10.0,10.0,2.5,3.75,0.0,0.0,0.0,0.0,0.0,0.0,0.0,1.0,15.0,14.0,7.0,4.0,6.0,0.0,1.0,1.0,0.25,0.375,0.0,0.0,3.0,3.0,1.75,0.875,2.0,0.0,0.0,0.0,0.0,0.0,0.0,0.0,0.0,0.0,0.0,0.0,0.0,1.0,3.0,2.0,2.0,0.5,2.0,9.105,31.56,22.455,16.590833333325,7.485833333324999,9.105,0.0,0.0,0.0,0.0,0.0,0.0,0.0,0.0,0.0,0.0,0.0,0.0,12.0,229.0,217.0,104.75,92.75,12.0
-7.798602875679548,1,3.0,16.0,13.0,10.0,6.222222222222222,3.0,1.0,88.0,87.0,48.22222222222222,41.97530864197531,1.0,6.941,32.065,25.124,20.456611111111112,12.013876543209875,6.941,388.36,1687.0,1298.6399999999999,561.688888888889,250.06913580246925,388.36,1.0,16.0,15.0,9.11111111111111,7.209876543209877,1.0,2.0,3.0,1.0,2.5555555555555554,0.4938271604938272,2.0,105.0,128.0,23.0,115.88888888888889,10.765432098765432,105.0,0.98,2.58,1.6,1.7933333333333334,0.722962962962963,0.98,1.0,2.0,1.0,1.5555555555555556,0.4938271604938272,1.0,0.0,4.0,4.0,2.0,1.7777777777777777,0.0,0.0,0.0,0.0,0.0,0.0,0.0,0.0,0.0,0.0,0.0,0.0,0.0,1.0,6.0,5.0,3.5555555555555554,2.271604938271605,1.0,0.0,1.0,1.0,0.4444444444444444,0.4938271604938272,0.0,0.0,4.0,4.0,1.3333333333333333,1.1851851851851853,0.0,0.0,0.0,0.0,0.0,0.0,0.0,0.0,0.0,0.0,0.0,0.0,0.0,1.0,4.0,3.0,1.7777777777777777,0.691358024691358,1.0,16.5933333333,25.786875,9.1935416667,21.10675925924444,4.160102880671605,16.5933333333,0.0,2.202,2.202,1.0645555555555555,1.0110617283950616,0.0,0.0,0.0,0.0,0.0,0.0,0.0,70.0,229.0,159.0,158.11111111111111,78.32098765432099,70.0
-5.698970004336019,1,3.0,16.0,13.0,11.333333333333334,5.555555555555556,16.0,1.0,88.0,87.0,57.333333333333336,37.55555555555556,88.0,6.941,32.065,25.124,23.027083333333334,10.724055555555553,32.065,388.36,1687.0,1298.6399999999999,626.5766666666667,353.4744444444445,388.36,1.0,16.0,15.0,10.666666666666666,6.444444444444444,16.0,2.0,3.0,1.0,2.6666666666666665,0.4444444444444445,3.0,105.0,128.0,23.0,113.66666666666667,9.555555555555557,105.0,0.98,2.58,1.6,1.9333333333333333,0.6466666666666667,2.58,1.0,2.0,1.0,1.6666666666666667,0.4444444444444444,2.0,0.0,4.0,4.0,2.3333333333333335,1.6666666666666667,4.0,0.0,0.0,0.0,0.0,0.0,0.0,0.0,0.0,0.0,0.0,0.0,0.0,1.0,6.0,5.0,4.0,2.0,6.0,0.0,1.0,1.0,0.3333333333333333,0.4444444444444445,0.0,0.0,4.0,4.0,1.6666666666666667,1.111111111111111,2.0,0.0,0.0,0.0,0.0,0.0,0.0,0.0,0.0,0.0,0.0,0.0,0.0,1.0,4.0,3.0,2.0,0.6666666666666666,2.0,16.5933333333,25.786875,9.1935416667,21.83121527776667,3.955659722233333,25.786875,0.0,2.202,2.202,1.2298333333333333,0.9721666666666667,2.202,0.0,0.0,0.0,0.0,0.0,0.0,70.0,229.0,159.0,149.16666666666666,79.16666666666667,70.0
-15.0,1,3.0,41.0,38.0,16.299065420560744,12.884618743995107,8.0,1.0,93.0,92.0,65.28971962616822,28.49157131627216,87.0,6.941,92.90638,85.96538,35.77634416448598,30.078385406166472,15.9994,53.5,2750.0,2696.5,679.4663551401869,836.3640317931697,54.8,1.0,17.0,16.0,11.439252336448597,5.9463708620840245,16.0,2.0,5.0,3.0,2.8130841121495327,1.1854310420124028,2.0,57.0,195.0,138.0,100.2897196261682,44.92898943139137,66.0,0.95,3.98,3.0300000000000002,2.697102803738318,1.0249908288933531,3.44,1.0,2.0,1.0,1.719626168224299,0.4035286924622238,2.0,0.0,5.0,5.0,2.616822429906542,1.907590182548694,4.0,0.0,4.0,4.0,0.7476635514018691,1.2158267097563105,0.0,0.0,0.0,0.0,0.0,0.0,0.0,1.0,7.0,6.0,5.08411214953271,1.3136518473229104,6.0,0.0,1.0,1.0,0.2803738317757009,0.40352869246222367,0.0,0.0,2.0,2.0,1.1962616822429906,0.9013887675779544,2.0,0.0,6.0,6.0,1.1214953271028036,1.8237400646344657,0.0,0.0,0.0,0.0,0.0,0.0,0.0,0.0,7.0,7.0,2.598130841121495,1.6455585640667303,2.0,9.105,54.23,45.125,15.34171339563551,7.8369441290320525,9.105,0.0,1.97,1.97,0.14728971962616821,0.27255480828019907,0.0,0.0,0.0,0.0,0.0,0.0,0.0,12.0,229.0,217.0,90.98130841121494,99.93885928902087,12.0
-15.0,1,3.0,73.0,70.0,22.280373831775698,21.60503100707485,8.0,1.0,93.0,92.0,65.47663551401868,28.253995982181845,87.0,6.941,180.94788,174.00688,52.232699304672884,54.070828414289444,15.9994,53.5,3290.0,3236.5,780.4009345794391,983.5209887326403,54.8,1.0,17.0,16.0,11.439252336448597,5.9463708620840245,16.0,2.0,6.0,4.0,3.0,1.4579439252336448,2.0,57.0,195.0,138.0,101.41121495327101,46.35444143593326,66.0,0.95,3.98,3.0300000000000002,2.678411214953271,1.0487483623023843,3.44,1.0,2.0,1.0,1.9065420560747663,0.16944711328500303,2.0,0.0,5.0,5.0,2.616822429906542,1.907590182548694,4.0,0.0,3.0,3.0,0.5607476635514018,0.9118700323172328,0.0,0.0,14.0,14.0,2.616822429906542,4.255393484147087,0.0,1.0,19.0,18.0,7.7009345794392505,4.223949689929251,6.0,0.0,1.0,1.0,0.09345794392523364,0.16944711328500303,0.0,0.0,2.0,2.0,1.1962616822429906,0.9013887675779544,2.0,0.0,7.0,7.0,1.308411214953271,2.1276967420735433,0.0,0.0,0.0,0.0,0.0,0.0,0.0,0.0,7.0,7.0,2.598130841121495,1.6455585640667303,2.0,9.105,54.23,45.125,15.330498442364483,7.822689608986636,9.105,0.0,1.97,1.97,0.14728971962616821,0.27255480828019907,0.0,0.0,0.0,0.0,0.0,0.0,0.0,12.0,229.0,217.0,90.98130841121494,99.93885928902087,12.0
-15.0,1,3.0,38.0,35.0,11.8,6.32,8.0,1.0,87.0,86.0,69.2,25.879999999999995,87.0,6.941,87.62,80.679,25.050881229999998,14.483753722,15.9994,54.8,1050.0,995.2,277.51750000000004,267.261,54.8,1.0,16.0,15.0,12.8,4.52,16.0,2.0,5.0,3.0,2.5,0.7,2.0,66.0,195.0,129.0,94.0,33.6,66.0,0.95,3.44,2.49,2.666,0.9288000000000001,3.44,1.0,2.0,1.0,1.9,0.18000000000000008,2.0,0.0,4.0,4.0,2.9,1.35,4.0,0.0,0.0,0.0,0.0,0.0,0.0,0.0,0.0,0.0,0.0,0.0,0.0,1.0,6.0,5.0,4.8,1.5000000000000002,6.0,0.0,1.0,1.0,0.1,0.18000000000000002,0.0,0.0,5.0,5.0,1.9,0.76,2.0,0.0,0.0,0.0,0.0,0.0,0.0,0.0,0.0,0.0,0.0,0.0,0.0,0.0,5.0,5.0,2.0,0.6,2.0,9.105,54.23,45.125,16.75486904761,9.239636904754999,9.105,0.0,1.625,1.625,0.24375,0.41437500000000005,0.0,0.0,0.0,0.0,0.0,0.0,0.0,2.0,229.0,227.0,64.15,81.225,12.0
-15.0,1,3.0,41.0,38.0,16.363636363636363,12.892561983471076,8.0,1.0,93.0,92.0,65.27272727272727,28.743801652892568,87.0,6.941,92.90638,85.96538,35.942596654545454,30.109994552066112,15.9994,53.5,2750.0,2696.5,671.4536363636364,824.6616528925621,54.8,1.0,17.0,16.0,11.454545454545455,5.966942148760331,16.0,2.0,5.0,3.0,2.8181818181818183,1.1900826446280992,2.0,57.0,195.0,138.0,100.36363636363636,45.371900826446286,66.0,0.95,3.98,3.0300000000000002,2.7045454545454546,1.0342148760330578,3.44,1.0,2.0,1.0,1.7272727272727273,0.396694214876033,2.0,0.0,5.0,5.0,2.6363636363636362,1.9173553719008263,4.0,0.0,4.0,4.0,0.7272727272727273,1.190082644628099,0.0,0.0,0.0,0.0,0.0,0.0,0.0,1.0,7.0,6.0,5.090909090909091,1.3388429752066116,6.0,0.0,1.0,1.0,0.2727272727272727,0.396694214876033,0.0,0.0,2.0,2.0,1.1818181818181819,0.8925619834710744,2.0,0.0,6.0,6.0,1.0909090909090908,1.7851239669421488,0.0,0.0,0.0,0.0,0.0,0.0,0.0,0.0,7.0,7.0,2.5454545454545454,1.6198347107438018,2.0,9.105,54.23,45.125,15.5928030303,8.1476584022,9.105,0.0,1.97,1.97,0.17909090909090908,0.3256198347107438,0.0,0.0,0.0,0.0,0.0,0.0,0.0,12.0,229.0,217.0,90.81818181818181,99.76859504132231,12.0
-15.0,1,3.0,73.0,70.0,22.181818181818183,21.355371900826444,8.0,1.0,93.0,92.0,65.45454545454545,28.512396694214882,87.0,6.941,180.94788,174.00688,51.95014210909091,53.39369703140495,15.9994,53.5,3290.0,3236.5,769.6354545454545,967.4715702479339,54.8,1.0,17.0,16.0,11.454545454545455,5.966942148760331,16.0,2.0,6.0,4.0,3.0,1.4545454545454546,2.0,57.0,195.0,138.0,101.45454545454545,46.760330578512395,66.0,0.95,3.98,3.0300000000000002,2.6863636363636365,1.0573553719008262,3.44,1.0,2.0,1.0,1.9090909090909092,0.16528925619834703,2.0,0.0,5.0,5.0,2.6363636363636362,1.9173553719008263,4.0,0.0,3.0,3.0,0.5454545454545454,0.8925619834710744,0.0,0.0,14.0,14.0,2.5454545454545454,4.1652892561983474,0.0,1.0,19.0,18.0,7.636363636363637,4.132231404958677,6.0,0.0,1.0,1.0,0.09090909090909091,0.1652892561983471,0.0,0.0,2.0,2.0,1.1818181818181819,0.8925619834710744,2.0,0.0,7.0,7.0,1.2727272727272727,2.0826446280991737,0.0,0.0,0.0,0.0,0.0,0.0,0.0,0.0,7.0,7.0,2.5454545454545454,1.6198347107438018,2.0,9.105,54.23,45.125,15.581893939390909,8.13377410467934,9.105,0.0,1.97,1.97,0.17909090909090908,0.3256198347107438,0.0,0.0,0.0,0.0,0.0,0.0,0.0,12.0,229.0,217.0,90.81818181818181,99.76859504132231,12.0
-2.795880017344075,1,3.0,73.0,70.0,19.0,18.0,8.0,1.0,87.0,86.0,73.0,20.333333333333332,87.0,6.941,180.94788,174.00688,43.983810166666665,45.65468994444444,15.9994,54.8,3290.0,3235.2,649.1158333333333,880.2947222222223,54.8,1.0,16.0,15.0,12.833333333333334,4.583333333333333,16.0,2.0,6.0,4.0,2.75,1.125,2.0,66.0,170.0,104.0,91.91666666666667,34.55555555555556,66.0,0.98,3.44,2.46,2.8074999999999997,0.8433333333333334,3.44,1.0,2.0,1.0,1.9166666666666667,0.1527777777777777,2.0,0.0,4.0,4.0,2.9166666666666665,1.4583333333333333,4.0,0.0,3.0,3.0,0.5,0.8333333333333334,0.0,0.0,14.0,14.0,2.3333333333333335,3.888888888888889,0.0,1.0,19.0,18.0,7.666666666666667,3.777777777777778,6.0,0.0,1.0,1.0,0.08333333333333333,0.15277777777777776,0.0,0.0,3.0,3.0,1.5833333333333333,0.7916666666666666,2.0,0.0,7.0,7.0,1.1666666666666667,1.9444444444444444,0.0,0.0,0.0,0.0,0.0,0.0,0.0,1.0,7.0,6.0,2.8333333333333335,1.4166666666666667,2.0,9.105,22.5702380952,13.4652380952,12.353630952375,4.3315079364999995,9.105,0.0,1.625,1.625,0.13541666666666666,0.24826388888888887,0.0,0.0,0.0,0.0,0.0,0.0,0.0,2.0,229.0,227.0,65.41666666666667,81.79166666666667,12.0
-5.158015195409886,1,3.0,23.0,20.0,13.857142857142858,6.204081632653062,17.0,1.0,94.0,93.0,60.57142857142857,38.204081632653065,94.0,6.941,50.9415,44.000499999999995,29.519357142857142,12.90191836734694,35.453,171.6,2183.0,2011.4,539.5400000000001,469.56000000000006,171.6,1.0,17.0,16.0,10.714285714285714,7.183673469387755,17.0,2.0,4.0,2.0,2.857142857142857,0.4897959183673469,3.0,102.0,153.0,51.0,116.71428571428571,16.816326530612244,102.0,0.98,3.16,2.18,2.3185714285714285,0.9616326530612246,3.16,1.0,2.0,1.0,1.7142857142857142,0.4081632653061225,2.0,0.0,5.0,5.0,2.857142857142857,2.4489795918367347,5.0,0.0,3.0,3.0,0.42857142857142855,0.7346938775510204,0.0,0.0,0.0,0.0,0.0,0.0,0.0,1.0,7.0,6.0,5.0,2.2857142857142856,7.0,0.0,1.0,1.0,0.2857142857142857,0.40816326530612246,0.0,0.0,1.0,1.0,0.5714285714285714,0.489795918367347,1.0,0.0,7.0,7.0,1.0,1.7142857142857142,0.0,0.0,0.0,0.0,0.0,0.0,0.0,1.0,7.0,6.0,1.8571428571428572,1.4693877551020407,1.0,13.01,24.4975,11.487499999999999,20.598095238085712,4.456462585044898,24.4975,0.0,2.493,2.493,1.4245714285714286,1.221061224489796,2.493,0.0,0.0,0.0,0.0,0.0,0.0,64.0,229.0,165.0,134.71428571428572,80.81632653061226,64.0
-8.688246138944246,1,3.0,23.0,20.0,10.0,5.2,8.0,1.0,87.0,86.0,61.6,30.479999999999997,87.0,6.941,50.9415,44.000499999999995,21.176139999999997,11.906144,15.9994,54.8,2183.0,2128.2,560.2180000000001,649.1128000000001,54.8,1.0,16.0,15.0,10.8,6.24,16.0,2.0,4.0,2.0,2.4,0.6399999999999999,2.0,66.0,153.0,87.0,95.8,35.760000000000005,66.0,0.98,3.44,2.46,2.586,1.0248000000000002,3.44,1.0,2.0,1.0,1.8,0.31999999999999995,2.0,0.0,4.0,4.0,2.4,1.9200000000000004,4.0,0.0,3.0,3.0,0.6,0.96,0.0,0.0,0.0,0.0,0.0,0.0,0.0,1.0,6.0,5.0,4.8,1.52,6.0,0.0,1.0,1.0,0.2,0.32,0.0,0.0,2.0,2.0,1.2,0.9600000000000002,2.0,0.0,7.0,7.0,1.4,2.2399999999999998,0.0,0.0,0.0,0.0,0.0,0.0,0.0,1.0,7.0,6.0,2.8,1.6799999999999997,2.0,9.105,16.5933333333,7.488333333299998,11.38366666666,2.7343999999919992,9.105,0.0,0.0,0.0,0.0,0.0,0.0,0.0,0.0,0.0,0.0,0.0,0.0,12.0,229.0,217.0,98.8,104.16,12.0
-15.0,1,3.0,30.0,27.0,9.066666666666666,4.373333333333333,8.0,1.0,87.0,86.0,62.333333333333336,32.71111111111111,87.0,6.941,65.38,58.43899999999999,18.872448266666666,9.428023893333334,15.9994,54.8,692.68,637.88,238.696,196.15573333333336,54.8,1.0,16.0,15.0,11.6,5.653333333333333,16.0,2.0,4.0,2.0,2.2666666666666666,0.42666666666666664,2.0,66.0,128.0,62.0,91.73333333333333,27.44888888888889,66.0,0.98,3.44,2.46,2.4979999999999998,1.0048,3.44,1.0,2.0,1.0,1.7333333333333334,0.3911111111111111,2.0,0.0,4.0,4.0,2.533333333333333,1.688888888888889,4.0,0.0,10.0,10.0,0.6666666666666666,1.2444444444444445,0.0,0.0,0.0,0.0,0.0,0.0,0.0,1.0,12.0,11.0,4.933333333333334,2.0977777777777775,6.0,0.0,1.0,1.0,0.26666666666666666,0.39111111111111113,0.0,0.0,3.0,3.0,1.4666666666666666,0.9777777777777779,2.0,0.0,0.0,0.0,0.0,0.0,0.0,0.0,0.0,0.0,0.0,0.0,0.0,0.0,3.0,3.0,1.7333333333333334,0.6222222222222221,2.0,9.105,22.5702380952,13.4652380952,13.220920634906665,4.390315343900443,9.105,0.0,1.625,1.625,0.21666666666666667,0.37555555555555553,0.0,0.0,0.0,0.0,0.0,0.0,0.0,2.0,229.0,227.0,80.66666666666667,94.22222222222223,12.0
-15.0,1,3.0,32.0,29.0,14.0,10.0,8.0,1.0,87.0,86.0,71.71428571428571,20.59183673469388,87.0,6.941,72.64,65.699,30.3698,23.117257142857145,15.9994,54.8,1211.4,1156.6000000000001,405.19,400.44571428571425,54.8,1.0,16.0,15.0,13.142857142857142,3.6326530612244903,16.0,2.0,4.0,2.0,2.5714285714285716,0.8163265306122449,2.0,66.0,128.0,62.0,90.42857142857143,27.918367346938776,66.0,0.98,3.44,2.46,2.654285714285714,0.8979591836734695,3.44,1.0,2.0,1.0,1.8571428571428572,0.24489795918367344,2.0,0.0,4.0,4.0,2.7142857142857144,1.4693877551020407,4.0,0.0,10.0,10.0,2.857142857142857,4.081632653061225,0.0,0.0,0.0,0.0,0.0,0.0,0.0,1.0,14.0,13.0,7.428571428571429,3.469387755102041,6.0,0.0,1.0,1.0,0.14285714285714285,0.24489795918367346,0.0,0.0,4.0,4.0,2.0,0.8571428571428571,2.0,0.0,0.0,0.0,0.0,0.0,0.0,0.0,0.0,0.0,0.0,0.0,0.0,0.0,4.0,4.0,2.142857142857143,0.7959183673469388,2.0,9.105,23.005,13.899999999999999,13.500119047614286,5.022993197273469,9.105,0.0,0.383,0.383,0.08207142857142857,0.12896938775510206,0.0,0.0,0.0,0.0,0.0,0.0,0.0,12.0,229.0,217.0,101.64285714285714,102.44897959183673,12.0
-9.214670164989233,1,3.0,40.0,37.0,11.666666666666666,9.444444444444445,8.0,1.0,87.0,86.0,51.166666666666664,35.833333333333336,87.0,6.941,91.224,84.283,25.517366666666664,21.90221111111111,15.9994,54.8,2128.0,2073.2,533.2966666666667,531.5677777777779,54.8,1.0,16.0,15.0,9.0,7.0,16.0,2.0,5.0,3.0,2.5,0.8333333333333334,2.0,66.0,175.0,109.0,104.83333333333333,38.833333333333336,66.0,0.98,3.44,2.46,2.268333333333333,1.1716666666666666,3.44,1.0,2.0,1.0,1.6666666666666667,0.4444444444444444,2.0,0.0,4.0,4.0,2.0,2.0,4.0,0.0,2.0,2.0,0.3333333333333333,0.5555555555555556,0.0,0.0,0.0,0.0,0.0,0.0,0.0,1.0,6.0,5.0,4.0,2.0,6.0,0.0,1.0,1.0,0.3333333333333333,0.4444444444444445,0.0,0.0,2.0,2.0,1.0,1.0,2.0,0.0,8.0,8.0,1.3333333333333333,2.2222222222222223,0.0,0.0,0.0,0.0,0.0,0.0,0.0,1.0,8.0,7.0,2.6666666666666665,1.777777777777778,2.0,9.105,23.195,14.09,13.949444444433333,4.844444444433333,9.105,0.0,0.0,0.0,0.0,0.0,0.0,0.0,0.0,0.0,0.0,0.0,0.0,12.0,229.0,217.0,114.66666666666667,102.66666666666667,12.0
-3.72584215073632,1,3.0,32.0,29.0,10.956521739130434,5.067107750472589,8.0,1.0,87.0,86.0,78.80434782608695,12.0921550094518,87.0,6.941,72.64,65.699,22.915657686956518,11.452131848393194,15.9994,54.8,1211.4,1156.6000000000001,247.6246739130435,251.51044423440456,54.8,1.0,16.0,15.0,14.456521739130434,2.190453686200379,16.0,2.0,4.0,2.0,2.3586956521739126,0.5224480151228731,2.0,66.0,128.0,62.0,83.29347826086956,22.556710775047257,66.0,0.98,3.44,2.46,2.884891304347826,0.724054820415879,3.44,1.0,2.0,1.0,1.9239130434782608,0.1405954631379963,2.0,0.0,4.0,4.0,3.2934782608695654,0.9215500945179583,4.0,0.0,10.0,10.0,0.8695652173913043,1.5879017013232515,0.0,0.0,0.0,0.0,0.0,0.0,0.0,1.0,14.0,13.0,6.08695652173913,1.3761814744801506,6.0,0.0,1.0,1.0,0.07608695652173914,0.14059546313799623,0.0,0.0,5.0,5.0,2.25,0.6684782608695652,2.0,0.0,0.0,0.0,0.0,0.0,0.0,0.0,0.0,0.0,0.0,0.0,0.0,1.0,5.0,4.0,2.3260869565217392,0.6271266540642724,2.0,9.105,23.005,13.899999999999999,13.239205486533697,5.392441938956994,9.105,0.0,1.625,1.625,0.29824999999999996,0.44737499999999997,0.0,0.0,0.0,0.0,0.0,0.0,0.0,2.0,229.0,227.0,50.03260869565217,65.27055765595463,12.0
-3.826813731587726,1,3.0,24.0,21.0,10.326086956521738,4.148865784499055,8.0,1.0,87.0,86.0,75.15217391304347,18.012759924385637,87.0,6.941,51.9961,45.055099999999996,21.305278586956522,9.10657968100189,15.9994,54.8,2180.0,2125.2,338.1666304347826,376.41298440453676,54.8,1.0,16.0,15.0,13.434782608695652,3.8563327032136105,16.0,2.0,4.0,2.0,2.380434782608696,0.5541115311909263,2.0,66.0,160.0,94.0,87.16304347826086,27.603969754253306,66.0,0.98,3.44,2.46,2.845108695652174,0.7759451795841209,3.44,1.0,2.0,1.0,1.9021739130434783,0.17651228733459357,2.0,0.0,4.0,4.0,3.0978260869565215,1.1767485822306238,4.0,0.0,5.0,5.0,0.2826086956521739,0.5037807183364839,0.0,0.0,0.0,0.0,0.0,0.0,0.0,1.0,6.0,5.0,5.282608695652174,0.9669187145557655,6.0,0.0,1.0,1.0,0.09782608695652174,0.17651228733459357,0.0,0.0,3.0,3.0,1.7934782608695652,0.6628071833648393,2.0,0.0,8.0,8.0,0.8043478260869564,1.433837429111531,0.0,0.0,0.0,0.0,0.0,0.0,0.0,1.0,8.0,7.0,2.6956521739130435,1.1654064272211722,2.0,9.105,22.5702380952,13.4652380952,12.575075051751085,4.586405504534073,9.105,0.0,1.625,1.625,0.264945652173913,0.4434959829867674,0.0,0.0,2.25333333333e-05,2.25333333333e-05,1.959420289852174e-06,3.5780718336431003e-06,0.0,2.0,229.0,227.0,47.423913043478265,61.017249527410215,12.0
-3.406713932979543,1,3.0,26.0,23.0,10.369565217391303,4.21219281663516,8.0,1.0,87.0,86.0,75.28260869565217,17.800094517958414,87.0,6.941,55.845,48.903999999999996,21.388950326086952,9.228449387996218,15.9994,54.8,1941.0,1886.2,330.1448913043478,363.3340619092627,54.8,1.0,16.0,15.0,13.478260869565217,3.7854442344045367,16.0,2.0,4.0,2.0,2.380434782608696,0.5541115311909263,2.0,66.0,160.0,94.0,87.01086956521739,27.4054820415879,66.0,0.98,3.44,2.46,2.848804347826087,0.7711247637051039,3.44,1.0,2.0,1.0,1.9239130434782608,0.1405954631379963,2.0,0.0,4.0,4.0,3.0978260869565215,1.1767485822306238,4.0,0.0,6.0,6.0,0.30434782608695643,0.5425330812854441,0.0,0.0,0.0,0.0,0.0,0.0,0.0,1.0,8.0,7.0,5.326086956521739,0.9952741020793949,6.0,0.0,1.0,1.0,0.07608695652173914,0.14059546313799623,0.0,0.0,3.0,3.0,1.7934782608695652,0.6628071833648393,2.0,0.0,8.0,8.0,0.7826086956521738,1.3950850661625709,0.0,0.0,0.0,0.0,0.0,0.0,0.0,1.0,8.0,7.0,2.652173913043478,1.1020793950850658,2.0,9.105,22.5702380952,13.4652380952,12.565075051751087,4.592927243664508,9.105,0.0,1.625,1.625,0.264945652173913,0.4434959829867674,0.0,0.0,2.1106628,2.1106628,0.04588593333333333,0.0897729072463768,0.0,2.0,229.0,227.0,47.423913043478265,61.017249527410215,12.0
-3.892790030352132,1,3.0,31.0,28.0,10.478260869565217,4.370510396975424,8.0,1.0,87.0,86.0,75.69565217391303,17.126654064272216,87.0,6.941,69.723,62.782,21.690645978260868,9.667875663988656,15.9994,54.8,1941.0,1886.2,297.36032608695655,316.383034026465,54.8,1.0,16.0,15.0,13.586956521739129,3.608223062381853,16.0,2.0,4.0,2.0,2.380434782608696,0.5541115311909263,2.0,66.0,160.0,94.0,86.79347826086956,27.121928166351605,66.0,0.98,3.44,2.46,2.8483695652173915,0.7716918714555765,3.44,1.0,2.0,1.0,1.9239130434782608,0.1405954631379963,2.0,0.0,4.0,4.0,3.1195652173913038,1.1483931947069943,4.0,0.0,10.0,10.0,0.391304347826087,0.6975425330812854,0.0,0.0,0.0,0.0,0.0,0.0,0.0,1.0,13.0,12.0,5.434782608695652,1.0661625708884686,6.0,0.0,1.0,1.0,0.07608695652173914,0.14059546313799623,0.0,0.0,5.0,5.0,1.9021739130434783,0.620274102079395,2.0,0.0,8.0,8.0,0.6956521739130435,1.270321361058601,0.0,0.0,0.0,0.0,0.0,0.0,0.0,1.0,8.0,7.0,2.6739130434782608,1.133742911153119,2.0,9.105,22.5702380952,13.4652380952,12.741759834359781,4.743599783947542,9.105,0.0,1.625,1.625,0.264945652173913,0.4434959829867674,0.0,0.0,2.25333333333e-05,2.25333333333e-05,1.959420289852174e-06,3.5780718336431003e-06,0.0,2.0,229.0,227.0,43.83695652173913,55.16895085066163,12.0
-3.8477116556169433,1,3.0,72.0,69.0,15.217391304347826,11.344045368620037,8.0,1.0,87.0,86.0,75.89130434782608,16.807655954631386,87.0,6.941,178.49,171.549,34.02949380434782,28.636110042533073,15.9994,54.8,2506.0,2451.2,349.248152173913,394.4806828922495,54.8,1.0,16.0,15.0,13.586956521739129,3.608223062381853,16.0,2.0,6.0,4.0,2.576086956521739,0.8390831758034024,2.0,66.0,175.0,109.0,88.53260869565217,29.390359168241964,66.0,0.98,3.44,2.46,2.8268478260869565,0.7997637051039697,3.44,1.0,2.0,1.0,1.9239130434782608,0.1405954631379963,2.0,0.0,4.0,4.0,3.1195652173913038,1.1483931947069943,4.0,0.0,10.0,10.0,0.391304347826087,0.6975425330812854,0.0,0.0,14.0,14.0,1.2173913043478262,2.2230623818525515,0.0,1.0,18.0,17.0,6.652173913043478,2.249527410207939,6.0,0.0,1.0,1.0,0.07608695652173914,0.14059546313799623,0.0,0.0,5.0,5.0,1.9021739130434783,0.620274102079395,2.0,0.0,8.0,8.0,0.6956521739130435,1.270321361058601,0.0,0.0,0.0,0.0,0.0,0.0,0.0,1.0,8.0,7.0,2.6739130434782608,1.133742911153119,2.0,9.105,24.26,15.155000000000001,13.338335921316304,5.5217425060647445,9.105,0.0,1.625,1.625,0.264945652173913,0.4434959829867674,0.0,0.0,0.0,0.0,0.0,0.0,0.0,2.0,229.0,227.0,45.46739130434783,57.8272684310019,12.0
-3.519993057042849,1,3.0,49.0,46.0,10.869565217391305,4.940453686200378,8.0,1.0,87.0,86.0,75.71739130434783,17.091209829867672,87.0,6.941,114.818,107.877,22.670972065217388,11.095741921077503,15.9994,54.8,1941.0,1886.2,300.1177173913043,319.97963137996214,54.8,1.0,16.0,15.0,13.586956521739129,3.608223062381853,16.0,2.0,5.0,3.0,2.402173913043478,0.5857750472589791,2.0,66.0,160.0,94.0,87.22826086956522,27.689035916824192,66.0,0.98,3.44,2.46,2.847717391304348,0.7725425330812854,3.44,1.0,2.0,1.0,1.9239130434782608,0.1405954631379963,2.0,0.0,4.0,4.0,3.1195652173913038,1.1483931947069943,4.0,0.0,10.0,10.0,0.391304347826087,0.6975425330812854,0.0,0.0,0.0,0.0,0.0,0.0,0.0,1.0,13.0,12.0,5.434782608695652,1.0661625708884686,6.0,0.0,1.0,1.0,0.07608695652173914,0.14059546313799623,0.0,0.0,5.0,5.0,1.9021739130434783,0.620274102079395,2.0,0.0,8.0,8.0,0.6956521739130435,1.270321361058601,0.0,0.0,0.0,0.0,0.0,0.0,0.0,1.0,8.0,7.0,2.6739130434782608,1.133742911153119,2.0,9.105,24.26,15.155000000000001,12.859205486533694,4.89678976504395,9.105,0.0,1.625,1.625,0.264945652173913,0.4434959829867674,0.0,0.0,2.25333333333e-05,2.25333333333e-05,1.959420289852174e-06,3.5780718336431003e-06,0.0,2.0,229.0,227.0,45.46739130434783,57.8272684310019,12.0
-3.3027706572402824,1,3.0,57.0,54.0,11.043478260869565,5.193761814744801,8.0,1.0,87.0,86.0,74.3695652173913,19.288752362948966,87.0,6.941,138.90547,131.96447,23.194612717391305,11.858435914461248,15.9994,54.8,1941.0,1886.2,316.7101086956522,341.6218809073724,54.8,1.0,16.0,15.0,13.369565217391303,3.9626654064272215,16.0,2.0,6.0,4.0,2.4239130434782608,0.6174385633270321,2.0,66.0,207.0,141.0,88.64130434782608,29.532136105860108,66.0,0.98,3.44,2.46,2.8329347826086955,0.7918241965973535,3.44,1.0,2.0,1.0,1.9239130434782608,0.1405954631379963,2.0,0.0,4.0,4.0,3.0978260869565215,1.1767485822306238,4.0,0.0,2.0,2.0,0.19565217391304346,0.3487712665406427,0.0,0.0,0.0,0.0,0.0,0.0,0.0,1.0,6.0,5.0,5.217391304347826,1.0207939508506616,6.0,0.0,1.0,1.0,0.07608695652173914,0.14059546313799623,0.0,0.0,3.0,3.0,1.7934782608695652,0.6628071833648393,2.0,0.0,9.0,9.0,0.8913043478260868,1.5888468809073721,0.0,0.0,0.0,0.0,0.0,0.0,0.0,1.0,9.0,8.0,2.760869565217391,1.2603969754253306,2.0,9.105,36.8975,27.7925,13.133933747403264,5.255130974873818,9.105,0.0,1.625,1.625,0.264945652173913,0.4434959829867674,0.0,0.0,2.25333333333e-05,2.25333333333e-05,1.959420289852174e-06,3.5780718336431003e-06,0.0,2.0,229.0,227.0,46.66304347826087,59.77670132325141,12.0
-4.686132779630847,1,3.0,72.0,69.0,15.695652173913043,12.196597353497163,8.0,1.0,87.0,86.0,75.15217391304347,18.01275992438564,87.0,6.941,178.49,171.549,35.33707641304348,30.967018171077505,15.9994,54.8,2506.0,2451.2,381.9927173913043,447.86856096408314,54.8,1.0,16.0,15.0,13.369565217391303,3.9626654064272215,16.0,2.0,6.0,4.0,2.5978260869565215,0.8707466918714554,2.0,66.0,187.0,121.0,89.51086956521739,30.66635160680529,66.0,0.98,3.44,2.46,2.815760869565217,0.8142249527410207,3.44,1.0,2.0,1.0,1.9239130434782608,0.1405954631379963,2.0,0.0,4.0,4.0,3.0978260869565215,1.1767485822306238,4.0,0.0,2.0,2.0,0.19565217391304346,0.3487712665406427,0.0,0.0,14.0,14.0,1.5217391304347825,2.7126654064272206,0.0,1.0,18.0,17.0,6.739130434782608,2.40453686200378,6.0,0.0,1.0,1.0,0.07608695652173914,0.14059546313799623,0.0,0.0,3.0,3.0,1.7934782608695652,0.6628071833648393,2.0,0.0,9.0,9.0,0.8913043478260868,1.5888468809073721,0.0,0.0,0.0,0.0,0.0,0.0,0.0,1.0,9.0,8.0,2.760869565217391,1.2603969754253306,2.0,9.105,28.865,19.759999999999998,13.43844461696848,5.652319065611058,9.105,0.0,1.625,1.625,0.264945652173913,0.4434959829867674,0.0,0.0,0.0022471,0.0022471,4.8849999999999995e-05,9.557608695652173e-05,0.0,2.0,229.0,227.0,46.66304347826087,59.77670132325141,12.0
-3.288192770958809,1,3.0,22.0,19.0,10.26086956521739,4.053875236294895,8.0,1.0,87.0,86.0,74.32608695652173,19.35964083175804,87.0,6.941,47.867,40.925999999999995,21.15223102173913,8.883662575141777,15.9994,54.8,1941.0,1886.2,330.21010869565214,363.4403946124763,54.8,1.0,16.0,15.0,13.369565217391303,3.9626654064272215,16.0,2.0,4.0,2.0,2.380434782608696,0.5541115311909263,2.0,66.0,170.0,104.0,87.83695652173913,28.482986767485823,66.0,0.98,3.44,2.46,2.838586956521739,0.7844517958412098,3.44,1.0,2.0,1.0,1.9239130434782608,0.1405954631379963,2.0,0.0,4.0,4.0,3.0978260869565215,1.1767485822306238,4.0,0.0,2.0,2.0,0.19565217391304346,0.3487712665406427,0.0,0.0,0.0,0.0,0.0,0.0,0.0,1.0,6.0,5.0,5.217391304347826,1.0207939508506616,6.0,0.0,1.0,1.0,0.07608695652173914,0.14059546313799623,0.0,0.0,3.0,3.0,1.7934782608695652,0.6628071833648393,2.0,0.0,9.0,9.0,0.8913043478260868,1.5888468809073721,0.0,0.0,0.0,0.0,0.0,0.0,0.0,1.0,9.0,8.0,2.760869565217391,1.2603969754253306,2.0,9.105,22.5702380952,13.4652380952,12.815183747403262,4.839370105308602,9.105,0.0,1.625,1.625,0.264945652173913,0.4434959829867674,0.0,0.0,2.25333333333e-05,2.25333333333e-05,2.0974637681130434e-06,3.738957151853686e-06,0.0,2.0,229.0,227.0,46.66304347826087,59.77670132325141,12.0
-7.619788758288394,1,3.0,16.0,13.0,9.82608695652174,6.232514177693763,3.0,1.0,88.0,87.0,47.08695652173914,42.07939508506617,1.0,6.941,32.065,25.124,20.138794317391305,12.050160028922496,6.941,388.36,1687.0,1298.6399999999999,542.96,215.94217391304352,453.69,1.0,16.0,15.0,8.913043478260871,7.224952741020795,1.0,2.0,3.0,1.0,2.5434782608695654,0.4962192816635161,2.0,105.0,128.0,23.0,116.36956521739133,10.820415879017016,128.0,0.98,2.58,1.6,1.7693478260869566,0.7276370510396977,0.98,1.0,2.0,1.0,1.5434782608695654,0.4962192816635161,1.0,0.0,4.0,4.0,1.9347826086956523,1.8071833648393196,0.0,0.0,0.0,0.0,0.0,0.0,0.0,0.0,0.0,0.0,0.0,0.0,0.0,1.0,6.0,5.0,3.4782608695652177,2.283553875236295,1.0,0.0,1.0,1.0,0.4565217391304348,0.4962192816635161,1.0,0.0,5.0,5.0,1.3260869565217392,1.210775047258979,0.0,0.0,0.0,0.0,0.0,0.0,0.0,0.0,0.0,0.0,0.0,0.0,0.0,1.0,5.0,4.0,1.7826086956521738,0.7145557655954632,1.0,16.48,25.786875,9.306874999999998,20.922554347810873,4.229844045381853,16.5933333333,0.0,2.202,2.202,1.0246086956521738,1.0238185255198489,0.0,0.0,0.0,0.0,0.0,0.0,0.0,70.0,229.0,159.0,159.60869565217394,77.92060491493383,229.0
-4.679853713888946,1,3.0,72.0,69.0,15.0,10.956521739130434,8.0,1.0,87.0,86.0,74.52173913043478,19.0406427221172,87.0,6.941,178.49,171.549,33.46618619565217,27.631953000945174,15.9994,54.8,2506.0,2451.2,379.0144565217391,443.01270085066153,54.8,1.0,16.0,15.0,13.369565217391303,3.9626654064272215,16.0,2.0,6.0,4.0,2.576086956521739,0.8390831758034024,2.0,66.0,190.0,124.0,89.57608695652173,30.751417769376175,66.0,0.98,3.44,2.46,2.814673913043478,0.8156427221172021,3.44,1.0,2.0,1.0,1.9239130434782608,0.1405954631379963,2.0,0.0,4.0,4.0,3.0978260869565215,1.1767485822306238,4.0,0.0,2.0,2.0,0.19565217391304346,0.3487712665406427,0.0,0.0,14.0,14.0,1.2173913043478262,2.2230623818525515,0.0,1.0,18.0,17.0,6.434782608695651,2.011342155009451,6.0,0.0,1.0,1.0,0.07608695652173914,0.14059546313799623,0.0,0.0,3.0,3.0,1.7934782608695652,0.6628071833648393,2.0,0.0,9.0,9.0,0.8913043478260868,1.5888468809073721,0.0,0.0,0.0,0.0,0.0,0.0,0.0,1.0,9.0,8.0,2.760869565217391,1.2603969754253306,2.0,9.105,32.365,23.26,13.514531573490215,5.75156292194376,9.105,0.0,1.625,1.625,0.264945652173913,0.4434959829867674,0.0,0.0,0.0,0.0,0.0,0.0,0.0,2.0,229.0,227.0,46.66304347826087,59.77670132325141,12.0
-9.18309616062434,1,3.0,22.0,19.0,10.531428571428572,5.195526530612246,8.0,1.0,87.0,86.0,63.13357142857143,27.825129591836735,87.0,6.941,47.867,40.925999999999995,22.07154142857143,11.565212869387754,15.9994,54.8,1941.0,1886.2,578.3811857142857,636.4983747346939,54.8,1.0,16.0,15.0,10.285714285714286,6.530612244897959,16.0,2.0,4.0,2.0,2.495,0.7170428571428572,2.0,66.0,160.0,94.0,100.32214285714285,39.22530612244898,66.0,0.98,3.44,2.46,2.527135714285714,1.043273469387755,3.44,1.0,2.0,1.0,1.8471428571428572,0.2589836734693877,2.0,0.0,4.0,4.0,2.2857142857142856,1.959183673469388,4.0,0.0,2.0,2.0,0.43857142857142856,0.6847979591836735,0.0,0.0,0.0,0.0,0.0,0.0,0.0,1.0,6.0,5.0,4.571428571428571,1.6326530612244896,6.0,0.0,1.0,1.0,0.15285714285714286,0.2589836734693878,0.0,0.0,2.0,2.0,1.1428571428571428,0.979591836734694,2.0,0.0,8.0,8.0,1.7542857142857142,2.739191836734694,0.0,0.0,0.0,0.0,0.0,0.0,0.0,0.0,8.0,8.0,3.0500000000000003,2.1709285714285715,2.0,9.105,22.89,13.785,12.690795238090143,4.098051700674449,9.105,0.0,0.0,0.0,0.0,0.0,0.0,0.0,2.25333333333e-05,2.25333333333e-05,4.941238095230786e-06,7.715390340124642e-06,0.0,12.0,229.0,217.0,95.35000000000001,95.25714285714285,12.0
-7.694648630553377,1,3.0,14.0,11.0,6.324324324324325,3.054784514243974,3.0,1.0,87.0,86.0,46.37837837837838,41.699050401753105,1.0,6.941,28.0855,21.1445,13.114201043243241,5.672671228926223,6.941,54.8,1687.0,1632.2,394.16216216216213,293.5024105186267,453.69,1.0,16.0,15.0,8.864864864864865,7.227173119065012,1.0,2.0,3.0,1.0,2.108108108108108,0.19284149013878726,2.0,66.0,128.0,62.0,99.62162162162163,29.0781592403214,128.0,0.98,3.44,2.46,2.1354054054054052,1.1282980277574872,0.98,1.0,2.0,1.0,1.5405405405405406,0.4967129291453616,1.0,0.0,4.0,4.0,1.9189189189189189,1.8130021913805698,0.0,0.0,0.0,0.0,0.0,0.0,0.0,0.0,0.0,0.0,0.0,0.0,0.0,1.0,6.0,5.0,3.4594594594594597,2.2848794740686635,1.0,0.0,1.0,1.0,0.4594594594594595,0.4967129291453616,1.0,0.0,5.0,5.0,1.3243243243243243,1.216946676406136,0.0,0.0,0.0,0.0,0.0,0.0,0.0,0.0,0.0,0.0,0.0,0.0,0.0,1.0,5.0,4.0,1.7837837837837838,0.7202337472607744,1.0,9.105,20.44,11.335,13.663963963948648,3.9428877526042356,16.5933333333,0.0,0.773,0.773,0.06267567567567567,0.11518772826880937,0.0,0.0,0.0,0.0,0.0,0.0,0.0,12.0,229.0,217.0,134.8918918918919,106.28487947406867,229.0
-4.366531544420414,1,3.0,32.0,29.0,10.808510638297872,7.310095065640561,3.0,1.0,88.0,87.0,46.06382978723404,42.18741511996379,1.0,6.941,72.64,65.699,22.678405897872338,14.732890627795385,6.941,388.36,1211.4,823.0400000000001,494.67063829787236,128.84199185151655,453.69,1.0,16.0,15.0,8.72340425531915,7.230421004979629,1.0,2.0,4.0,2.0,2.595744680851064,0.5577184246265279,2.0,105.0,128.0,23.0,117.40425531914892,10.556813037573566,128.0,0.98,2.58,1.6,1.753404255319149,0.7362426437301947,0.98,1.0,2.0,1.0,1.5319148936170213,0.49796287913082843,1.0,0.0,4.0,4.0,1.872340425531915,1.8270710728836577,0.0,0.0,10.0,10.0,0.6382978723404255,1.1951109099139883,0.0,0.0,0.0,0.0,0.0,0.0,0.0,1.0,14.0,13.0,4.042553191489362,2.9370755998189226,1.0,0.0,1.0,1.0,0.46808510638297873,0.49796287913082843,1.0,0.0,5.0,5.0,1.3191489361702127,1.2349479402444545,0.0,0.0,0.0,0.0,0.0,0.0,0.0,0.0,0.0,0.0,0.0,0.0,0.0,1.0,5.0,4.0,1.7872340425531914,0.7369850611136262,1.0,16.48,25.786875,9.306874999999998,20.909911347502124,4.418065489678768,16.5933333333,0.0,2.202,2.202,0.961468085106383,1.0557718424626528,0.0,0.0,0.0,0.0,0.0,0.0,0.0,70.0,229.0,159.0,160.91489361702128,77.37437754640108,229.0
-5.366531544420414,1,3.0,50.0,47.0,11.957446808510639,8.38569488456315,3.0,1.0,88.0,87.0,46.12765957446808,42.247170665459485,1.0,6.941,118.71,111.76899999999999,25.619044195744678,17.485828608782253,6.941,388.36,933.47,545.11,449.5863829787235,52.10755998189224,453.69,1.0,16.0,15.0,8.72340425531915,7.230421004979629,1.0,2.0,5.0,3.0,2.6595744680851063,0.6174739701222273,2.0,105.0,139.0,34.0,118.61702127659574,11.588954277953826,128.0,0.98,2.58,1.6,1.750212765957447,0.7329832503395202,0.98,1.0,2.0,1.0,1.5319148936170213,0.49796287913082843,1.0,0.0,4.0,4.0,1.872340425531915,1.8270710728836577,0.0,0.0,10.0,10.0,0.6382978723404255,1.1951109099139883,0.0,0.0,0.0,0.0,0.0,0.0,0.0,1.0,14.0,13.0,4.042553191489362,2.9370755998189226,1.0,0.0,1.0,1.0,0.46808510638297873,0.49796287913082843,1.0,0.0,5.0,5.0,1.3191489361702127,1.2349479402444545,0.0,0.0,0.0,0.0,0.0,0.0,0.0,0.0,0.0,0.0,0.0,0.0,0.0,1.0,5.0,4.0,1.7872340425531914,0.7369850611136262,1.0,16.48,33.285,16.804999999999996,21.566081560268085,5.088196770801448,16.5933333333,0.0,2.202,2.202,0.9370212765957446,1.0765776369397917,0.0,0.0,0.0,0.0,0.0,0.0,0.0,70.0,229.0,159.0,155.5531914893617,74.66908103214125,229.0
-7.515700160653214,1,3.0,16.0,13.0,9.659574468085106,6.234495246717972,3.0,1.0,88.0,87.0,45.99999999999999,42.12765957446808,1.0,6.941,32.065,25.124,19.83450164255319,12.070512176007243,6.941,388.36,1687.0,1298.6399999999999,525.028085106383,183.09785423268445,453.69,1.0,16.0,15.0,8.72340425531915,7.230421004979629,1.0,2.0,3.0,1.0,2.5319148936170213,0.49796287913082843,2.0,105.0,128.0,23.0,116.82978723404256,10.81213218650973,128.0,0.98,2.58,1.6,1.7463829787234042,0.7290719782707108,0.98,1.0,2.0,1.0,1.5319148936170213,0.49796287913082843,1.0,0.0,4.0,4.0,1.872340425531915,1.8270710728836577,0.0,0.0,0.0,0.0,0.0,0.0,0.0,0.0,0.0,0.0,0.0,0.0,0.0,1.0,6.0,5.0,3.404255319148936,2.28519692168402,1.0,0.0,1.0,1.0,0.46808510638297873,0.49796287913082843,1.0,0.0,5.0,5.0,1.3191489361702127,1.2349479402444545,0.0,0.0,0.0,0.0,0.0,0.0,0.0,0.0,0.0,0.0,0.0,0.0,0.0,1.0,5.0,4.0,1.7872340425531914,0.736985061113626,1.0,16.48,25.786875,9.306874999999998,20.746187943246806,4.289946431279311,16.5933333333,0.0,2.202,2.202,0.9863617021276594,1.0345857854232683,0.0,0.0,0.0,0.0,0.0,0.0,0.0,70.0,229.0,159.0,161.04255319148936,77.4830239927569,229.0
-15.0,1,3.0,41.0,38.0,16.234234234234233,12.828341855368883,8.0,1.0,93.0,92.0,64.66666666666667,29.249249249249253,87.0,6.941,92.90638,85.96538,35.66616443243243,29.95784300949598,15.9994,53.5,2750.0,2696.5,663.8881981981983,810.1144874604332,54.8,1.0,17.0,16.0,11.35135135135135,6.043340637935232,16.0,2.0,5.0,3.0,2.810810810810811,1.183345507669832,2.0,57.0,195.0,138.0,100.71171171171173,45.40215891567244,66.0,0.95,3.98,3.0300000000000002,2.686576576576577,1.0475610745881017,3.44,1.0,2.0,1.0,1.7297297297297298,0.3944485025566106,2.0,0.0,5.0,5.0,2.6126126126126126,1.9300381462543628,4.0,0.0,4.0,4.0,0.7027027027027027,1.1521792062332603,0.0,0.0,0.0,0.0,0.0,0.0,0.0,1.0,7.0,6.0,5.045045045045045,1.3846278711143576,6.0,0.0,1.0,1.0,0.2702702702702703,0.3944485025566106,0.0,0.0,2.0,2.0,1.1711711711711712,0.8960311663014365,2.0,0.0,8.0,8.0,1.099099099099099,1.8021264507750991,0.0,0.0,0.0,0.0,0.0,0.0,0.0,0.0,8.0,8.0,2.5405405405405403,1.6250304358412464,2.0,9.105,54.23,45.125,15.646996996993694,8.14260882503709,9.105,0.0,1.97,1.97,0.17747747747747747,0.3229770310851392,0.0,0.0,0.0,0.0,0.0,0.0,0.0,12.0,229.0,217.0,91.74774774774775,100.0422043665287,12.0
-15.0,1,3.0,73.0,70.0,21.71171171171171,20.82249817384952,8.0,1.0,93.0,92.0,64.83783783783784,29.033357682006336,87.0,6.941,180.94788,174.00688,50.736331099099104,51.952140306793275,15.9994,53.5,3290.0,3236.5,756.3206306306306,945.0158753347943,54.8,1.0,17.0,16.0,11.35135135135135,6.043340637935232,16.0,2.0,6.0,4.0,2.9819819819819817,1.4331628926223519,2.0,57.0,195.0,138.0,101.73873873873873,46.697508319129945,66.0,0.95,3.98,3.0300000000000002,2.6694594594594596,1.0691502313123933,3.44,1.0,2.0,1.0,1.900900900900901,0.17855693531369196,2.0,0.0,5.0,5.0,2.6126126126126126,1.9300381462543628,4.0,0.0,3.0,3.0,0.5315315315315315,0.8715201688174661,0.0,0.0,14.0,14.0,2.3963963963963963,3.9724048372697025,0.0,1.0,19.0,18.0,7.441441441441441,3.956984011038065,6.0,0.0,1.0,1.0,0.09909909909909911,0.1785569353136921,0.0,0.0,2.0,2.0,1.1711711711711712,0.8960311663014365,2.0,0.0,8.0,8.0,1.2702702702702702,2.082785488190894,0.0,0.0,0.0,0.0,0.0,0.0,0.0,0.0,8.0,8.0,2.5405405405405403,1.6250304358412464,2.0,9.105,54.23,45.125,15.636726726723424,8.129655331002517,9.105,0.0,1.97,1.97,0.17747747747747747,0.3229770310851392,0.0,0.0,0.0,0.0,0.0,0.0,0.0,12.0,229.0,217.0,91.74774774774775,100.0422043665287,12.0
-2.812479279163537,1,3.0,32.0,29.0,11.377245508982035,6.721861665889778,16.0,1.0,88.0,87.0,52.32934131736526,41.18641758399369,88.0,6.941,72.64,65.699,23.601113209580834,13.367995030442112,32.065,317.3,1211.4,894.1000000000001,443.5373053892215,72.51819642152819,388.36,1.0,16.0,15.0,9.820359281437126,7.0774140342070355,16.0,2.0,4.0,2.0,2.6407185628742518,0.5141095055398186,3.0,105.0,128.0,23.0,115.0119760479042,10.839685897665746,105.0,0.98,2.58,1.6,1.8838323353293411,0.7252307361325254,2.58,1.0,2.0,1.0,1.5988023952095807,0.4804761734016996,2.0,0.0,4.0,4.0,2.2335329341317367,1.8117537380329163,4.0,0.0,10.0,10.0,0.41916167664670656,0.8031840510595576,0.0,0.0,0.0,0.0,0.0,0.0,0.0,1.0,14.0,13.0,4.251497005988024,2.608985621571229,6.0,0.0,1.0,1.0,0.40119760479041916,0.4804761734016996,0.0,0.0,4.0,4.0,1.3592814371257484,1.090680913621858,2.0,0.0,0.0,0.0,0.0,0.0,0.0,0.0,0.0,0.0,0.0,0.0,0.0,1.0,4.0,3.0,1.7604790419161678,0.6102047402201585,2.0,16.5933333333,25.786875,9.1935416667,21.731445680052094,4.122796733322041,25.786875,0.0,2.202,2.202,1.1974011976047905,1.0290621391946644,2.202,0.0,0.0,0.0,0.0,0.0,0.0,2.0,229.0,227.0,134.99401197604791,82.97536663200545,70.0
-3.184422251675733,1,3.0,32.0,29.0,11.428571428571429,6.8231292517006805,16.0,1.0,88.0,87.0,52.00000000000001,41.285714285714285,88.0,6.941,72.64,65.699,23.74995919047619,13.607252678004533,32.065,317.3,1211.4,894.1000000000001,448.9197619047619,76.47878684807257,388.36,1.0,16.0,15.0,9.761904761904763,7.09297052154195,16.0,2.0,4.0,2.0,2.642857142857143,0.5204081632653061,3.0,105.0,128.0,23.0,115.16666666666666,10.849206349206348,105.0,0.98,2.58,1.6,1.8773809523809526,0.7264512471655329,2.58,1.0,2.0,1.0,1.5952380952380953,0.481859410430839,2.0,0.0,4.0,4.0,2.2142857142857144,1.8129251700680271,4.0,0.0,10.0,10.0,0.4761904761904762,0.9070294784580499,0.0,0.0,0.0,0.0,0.0,0.0,0.0,1.0,14.0,13.0,4.285714285714286,2.6598639455782314,6.0,0.0,1.0,1.0,0.40476190476190477,0.481859410430839,0.0,0.0,4.0,4.0,1.3571428571428572,1.0986394557823131,2.0,0.0,0.0,0.0,0.0,0.0,0.0,0.0,0.0,0.0,0.0,0.0,0.0,1.0,4.0,3.0,1.7619047619047619,0.6167800453514739,2.0,16.5933333333,25.786875,9.1935416667,21.70344954646905,4.136760743993991,25.786875,0.0,2.202,2.202,1.1828809523809523,1.033749433106576,2.202,0.0,0.0,0.0,0.0,0.0,0.0,2.0,229.0,227.0,136.88095238095238,82.96485260770976,70.0
-3.1791420105603,1,3.0,16.0,13.0,10.571428571428571,6.129251700680272,16.0,1.0,88.0,87.0,51.952380952380956,41.24716553287982,88.0,6.941,32.065,25.124,21.62831633333333,11.889732269841268,32.065,317.3,1687.0,1369.7,471.567380952381,115.75548752834467,388.36,1.0,16.0,15.0,9.761904761904763,7.09297052154195,16.0,2.0,3.0,1.0,2.5952380952380953,0.481859410430839,3.0,105.0,128.0,23.0,114.73809523809523,10.73582766439909,105.0,0.98,2.58,1.6,1.872142857142857,0.7222108843537416,2.58,1.0,2.0,1.0,1.5952380952380953,0.481859410430839,2.0,0.0,4.0,4.0,2.2142857142857144,1.8129251700680271,4.0,0.0,0.0,0.0,0.0,0.0,0.0,0.0,0.0,0.0,0.0,0.0,0.0,1.0,6.0,5.0,3.8095238095238098,2.2743764172335603,6.0,0.0,1.0,1.0,0.40476190476190477,0.481859410430839,0.0,0.0,4.0,4.0,1.3571428571428572,1.0986394557823131,2.0,0.0,0.0,0.0,0.0,0.0,0.0,0.0,0.0,0.0,0.0,0.0,0.0,1.0,4.0,3.0,1.7619047619047619,0.6167800453514739,2.0,16.5933333333,25.786875,9.1935416667,21.58130668932619,4.146579068147505,25.786875,0.0,2.202,2.202,1.201452380952381,1.0134092970521542,2.202,0.0,0.0,0.0,0.0,0.0,0.0,2.0,229.0,227.0,136.97619047619048,83.06916099773241,70.0
-3.7569619513137056,1,3.0,32.0,29.0,11.627906976744185,7.223363980530016,16.0,1.0,88.0,87.0,50.72093023255813,41.62682531097891,88.0,6.941,72.64,65.699,24.328035441860465,14.556587811790157,32.065,317.3,1211.4,894.1000000000001,469.8237209302326,103.47575987020014,388.36,1.0,16.0,15.0,9.534883720930232,7.145484045429962,16.0,2.0,4.0,2.0,2.6511627906976747,0.5451595457003785,3.0,105.0,128.0,23.0,115.76744186046513,10.83180097349919,105.0,0.98,2.58,1.6,1.8523255813953488,0.7303190914007571,2.58,1.0,2.0,1.0,1.5813953488372092,0.48674959437533805,2.0,0.0,4.0,4.0,2.1395348837209305,1.8107084910762572,4.0,0.0,10.0,10.0,0.6976744186046512,1.2979989183342349,0.0,0.0,0.0,0.0,0.0,0.0,0.0,1.0,14.0,13.0,4.4186046511627906,2.862087614926988,6.0,0.0,1.0,1.0,0.4186046511627907,0.486749594375338,0.0,0.0,4.0,4.0,1.3488372093023255,1.1292590589507843,2.0,0.0,0.0,0.0,0.0,0.0,0.0,0.0,0.0,0.0,0.0,0.0,0.0,1.0,4.0,3.0,1.7674418604651163,0.6425094645754461,2.0,16.5933333333,25.786875,9.1935416667,21.594720376506977,4.187207757103515,25.786875,0.0,2.202,2.202,1.1264883720930232,1.0468491076257436,2.202,0.0,0.0,0.0,0.0,0.0,0.0,2.0,229.0,227.0,144.2093023255814,82.26068144943214,70.0
-4.1432711096171175,1,3.0,16.0,13.0,10.372093023255815,6.171984856679287,16.0,1.0,88.0,87.0,50.65116279069767,41.56841535965386,88.0,6.941,32.065,25.124,21.21958195348837,11.95416163547864,32.065,317.3,1687.0,1369.7,503.00511627906974,165.20858842617628,388.36,1.0,16.0,15.0,9.534883720930232,7.145484045429962,16.0,2.0,3.0,1.0,2.581395348837209,0.48674959437533805,3.0,105.0,128.0,23.0,115.13953488372094,10.766901027582481,105.0,0.98,2.58,1.6,1.8446511627906976,0.7238939967550028,2.58,1.0,2.0,1.0,1.5813953488372092,0.48674959437533805,2.0,0.0,4.0,4.0,2.1395348837209305,1.8107084910762572,4.0,0.0,0.0,0.0,0.0,0.0,0.0,0.0,0.0,0.0,0.0,0.0,0.0,1.0,6.0,5.0,3.7209302325581395,2.277988101676582,6.0,0.0,1.0,1.0,0.4186046511627907,0.486749594375338,0.0,0.0,4.0,4.0,1.3488372093023255,1.1292590589507843,2.0,0.0,0.0,0.0,0.0,0.0,0.0,0.0,0.0,0.0,0.0,0.0,0.0,1.0,4.0,3.0,1.7674418604651163,0.6425094645754461,2.0,16.5933333333,25.786875,9.1935416667,21.415766888134883,4.173539751229421,25.786875,0.0,2.202,2.202,1.1536976744186047,1.0190070308274743,2.202,0.0,0.0,0.0,0.0,0.0,0.0,2.0,229.0,227.0,144.34883720930233,82.40346133044889,70.0
-3.552841968657781,3,3.0,32.0,29.0,10.81081081081081,4.913075237399561,8.0,1.0,87.0,86.0,78.35135135135135,12.832724616508397,87.0,6.941,72.64,65.699,22.58250569189189,11.07670560438276,15.9994,54.8,1211.4,1156.6000000000001,247.23621621621623,249.64698319941562,54.8,1.0,16.0,15.0,14.378378378378379,2.3053323593864135,16.0,2.0,4.0,2.0,2.3513513513513513,0.5127830533235939,2.0,66.0,128.0,62.0,83.54054054054055,22.755295836376924,66.0,0.98,3.44,2.46,2.872432432432433,0.7363038714390064,3.44,1.0,2.0,1.0,1.9189189189189189,0.14901387874360852,2.0,0.0,4.0,4.0,3.27027027027027,0.9466764061358657,4.0,0.0,10.0,10.0,0.8108108108108109,1.4901387874360847,0.0,0.0,0.0,0.0,0.0,0.0,0.0,1.0,14.0,13.0,6.0,1.2972972972972974,6.0,0.0,1.0,1.0,0.08108108108108109,0.14901387874360847,0.0,0.0,5.0,5.0,2.2432432432432434,0.679327976625274,2.0,0.0,0.0,0.0,0.0,0.0,0.0,0.0,0.0,0.0,0.0,0.0,0.0,1.0,5.0,4.0,2.324324324324324,0.6355003652300949,2.0,9.105,23.005,13.899999999999999,13.222065637056756,5.341058123749304,9.105,0.0,1.625,1.625,0.2945675675675676,0.44583199415631847,0.0,0.0,0.0,0.0,0.0,0.0,0.0,2.0,229.0,227.0,51.0,66.48648648648648,12.0
-3.413412695328245,1,3.0,24.0,21.0,10.297297297297296,4.163623082542001,8.0,1.0,87.0,86.0,74.78378378378379,18.51278305332359,87.0,6.941,51.9961,45.055099999999996,21.249953297297296,9.131899406866324,15.9994,54.8,2180.0,2125.2,340.082972972973,377.48590211833454,54.8,1.0,16.0,15.0,13.378378378378379,3.926953981008035,16.0,2.0,4.0,2.0,2.3783783783783785,0.552227903579255,2.0,66.0,160.0,94.0,87.27027027027027,27.593864134404672,66.0,0.98,3.44,2.46,2.8356756756756756,0.7839883126369612,3.44,1.0,2.0,1.0,1.8918918918918919,0.19284149013878743,2.0,0.0,4.0,4.0,3.081081081081081,1.1921110299488678,4.0,0.0,5.0,5.0,0.2972972972972973,0.5303140978816655,0.0,0.0,0.0,0.0,0.0,0.0,0.0,1.0,6.0,5.0,5.27027027027027,0.9861212563915268,6.0,0.0,1.0,1.0,0.10810810810810811,0.19284149013878743,0.0,0.0,3.0,3.0,1.7837837837837838,0.6749452154857559,2.0,0.0,8.0,8.0,0.7837837837837838,1.398100803506209,0.0,0.0,0.0,0.0,0.0,0.0,0.0,1.0,8.0,7.0,2.675675675675676,1.148283418553689,2.0,9.105,22.5702380952,13.4652380952,12.567065637056755,4.565764374401022,9.105,0.0,1.625,1.625,0.2635135135135135,0.44156318480642803,0.0,0.0,2.25333333333e-05,2.25333333333e-05,1.8270270270243244e-06,3.357779401017677e-06,0.0,2.0,229.0,227.0,48.5945945945946,62.58582907231556,12.0
-3.7594507517174,1,3.0,26.0,23.0,10.35135135135135,4.242512783053323,8.0,1.0,87.0,86.0,74.94594594594595,18.249817384952514,87.0,6.941,55.845,48.903999999999996,21.353977621621624,9.28371869101534,15.9994,54.8,1941.0,1886.2,330.11,361.31351351351356,54.8,1.0,16.0,15.0,13.432432432432432,3.839298758217678,16.0,2.0,4.0,2.0,2.3783783783783785,0.552227903579255,2.0,66.0,160.0,94.0,87.08108108108108,27.348429510591675,66.0,0.98,3.44,2.46,2.84027027027027,0.778027757487217,3.44,1.0,2.0,1.0,1.9189189189189189,0.14901387874360852,2.0,0.0,4.0,4.0,3.081081081081081,1.1921110299488678,4.0,0.0,6.0,6.0,0.32432432432432434,0.5785244704163623,0.0,0.0,0.0,0.0,0.0,0.0,0.0,1.0,8.0,7.0,5.324324324324325,1.0211833455076698,6.0,0.0,1.0,1.0,0.08108108108108109,0.14901387874360847,0.0,0.0,3.0,3.0,1.7837837837837838,0.6749452154857559,2.0,0.0,8.0,8.0,0.7567567567567568,1.3498904309715123,0.0,0.0,0.0,0.0,0.0,0.0,0.0,1.0,8.0,7.0,2.6216216216216215,1.0693937180423665,2.0,9.105,22.5702380952,13.4652380952,12.554633204624327,4.573828654897737,9.105,0.0,1.625,1.625,0.2635135135135135,0.44156318480642803,0.0,0.0,2.1106628,2.1106628,0.05704676756756756,0.11100627202337472,0.0,2.0,229.0,227.0,48.5945945945946,62.58582907231556,12.0
-3.913640169325252,1,3.0,31.0,28.0,10.486486486486486,4.439737034331628,8.0,1.0,87.0,86.0,75.45945945945945,17.417092768444125,87.0,6.941,69.723,62.782,21.729058702702705,9.831134322863406,15.9994,54.8,1941.0,1886.2,289.35081081081086,304.28213294375456,54.8,1.0,16.0,15.0,13.567567567567568,3.6201607012417822,16.0,2.0,4.0,2.0,2.3783783783783785,0.552227903579255,2.0,66.0,160.0,94.0,86.8108108108108,26.99780861943024,66.0,0.98,3.44,2.46,2.83972972972973,0.7787289992695396,3.44,1.0,2.0,1.0,1.9189189189189189,0.14901387874360852,2.0,0.0,4.0,4.0,3.108108108108108,1.1570489408327247,4.0,0.0,10.0,10.0,0.43243243243243246,0.7713659605551498,0.0,0.0,0.0,0.0,0.0,0.0,0.0,1.0,13.0,12.0,5.45945945945946,1.1088385682980277,6.0,0.0,1.0,1.0,0.08108108108108109,0.14901387874360847,0.0,0.0,5.0,5.0,1.9189189189189189,0.6223520818115414,2.0,0.0,8.0,8.0,0.6486486486486487,1.1921110299488678,0.0,0.0,0.0,0.0,0.0,0.0,0.0,1.0,8.0,7.0,2.6486486486486487,1.108838568298028,2.0,9.105,22.5702380952,13.4652380952,12.774295366786486,4.760166962317604,9.105,0.0,1.625,1.625,0.2635135135135135,0.44156318480642803,0.0,0.0,2.25333333333e-05,2.25333333333e-05,1.8270270270243244e-06,3.357779401017677e-06,0.0,2.0,229.0,227.0,44.13513513513514,55.35427319211104,12.0
-3.690369832574101,1,3.0,49.0,46.0,10.972972972972974,5.1497443389335285,8.0,1.0,87.0,86.0,75.48648648648648,17.37326515704894,87.0,6.941,114.818,107.877,22.947842486486486,11.60989984514244,15.9994,54.8,1941.0,1886.2,292.7789189189189,308.7294083272461,54.8,1.0,16.0,15.0,13.567567567567568,3.6201607012417822,16.0,2.0,5.0,3.0,2.4054054054054053,0.5916727538349159,2.0,66.0,160.0,94.0,87.35135135135135,27.69905040175311,66.0,0.98,3.44,2.46,2.838918918918919,0.7797808619430241,3.44,1.0,2.0,1.0,1.9189189189189189,0.14901387874360852,2.0,0.0,4.0,4.0,3.108108108108108,1.1570489408327247,4.0,0.0,10.0,10.0,0.43243243243243246,0.7713659605551498,0.0,0.0,0.0,0.0,0.0,0.0,0.0,1.0,13.0,12.0,5.45945945945946,1.1088385682980277,6.0,0.0,1.0,1.0,0.08108108108108109,0.14901387874360847,0.0,0.0,5.0,5.0,1.9189189189189189,0.6223520818115414,2.0,0.0,8.0,8.0,0.6486486486486487,1.1921110299488678,0.0,0.0,0.0,0.0,0.0,0.0,0.0,1.0,8.0,7.0,2.6486486486486487,1.108838568298028,2.0,9.105,24.26,15.155000000000001,12.9203088803,4.9495898987675675,9.105,0.0,1.625,1.625,0.2635135135135135,0.44156318480642803,0.0,0.0,2.25333333333e-05,2.25333333333e-05,1.8270270270243244e-06,3.357779401017677e-06,0.0,2.0,229.0,227.0,46.16216216216216,58.64134404674946,12.0
-3.55129368009492,1,3.0,57.0,54.0,11.18918918918919,5.465303140978817,8.0,1.0,87.0,86.0,73.8108108108108,20.090577063550036,87.0,6.941,138.90547,131.96447,23.598855189189187,12.560026492330168,15.9994,54.8,1941.0,1886.2,313.4072972972973,335.4905478451425,54.8,1.0,16.0,15.0,13.297297297297296,4.058436815193573,16.0,2.0,6.0,4.0,2.4324324324324325,0.6311176040905772,2.0,66.0,207.0,141.0,89.10810810810811,29.97808619430241,66.0,0.98,3.44,2.46,2.820540540540541,0.8036230825420012,3.44,1.0,2.0,1.0,1.9189189189189189,0.14901387874360852,2.0,0.0,4.0,4.0,3.081081081081081,1.1921110299488678,4.0,0.0,2.0,2.0,0.1891891891891892,0.3374726077428781,0.0,0.0,0.0,0.0,0.0,0.0,0.0,1.0,6.0,5.0,5.1891891891891895,1.051862673484295,6.0,0.0,1.0,1.0,0.08108108108108109,0.14901387874360847,0.0,0.0,3.0,3.0,1.7837837837837838,0.6749452154857559,2.0,0.0,9.0,9.0,0.8918918918918919,1.5909422936449962,0.0,0.0,0.0,0.0,0.0,0.0,0.0,1.0,9.0,8.0,2.7567567567567566,1.2666179693206718,2.0,9.105,36.8975,27.7925,13.261862934354056,5.392687049972826,9.105,0.0,1.625,1.625,0.2635135135135135,0.44156318480642803,0.0,0.0,2.25333333333e-05,2.25333333333e-05,1.8270270270243244e-06,3.357779401017677e-06,0.0,2.0,229.0,227.0,47.648648648648646,61.051862673484294,12.0
-3.268411234813261,1,3.0,39.0,36.0,15.0,7.2,17.0,1.0,94.0,93.0,57.9,43.32,94.0,6.941,88.90585,81.96485,32.244685,15.182211000000002,35.453,171.6,1799.0,1627.4,418.9669999999999,296.8404,171.6,1.0,17.0,16.0,10.8,7.4399999999999995,17.0,2.0,5.0,3.0,2.9,0.5400000000000001,3.0,102.0,190.0,88.0,118.6,19.919999999999998,102.0,0.98,3.16,2.18,2.312,1.0176000000000003,3.16,1.0,2.0,1.0,1.7,0.42000000000000004,2.0,0.0,5.0,5.0,3.0,2.4,5.0,0.0,1.0,1.0,0.1,0.18000000000000002,0.0,0.0,0.0,0.0,0.0,0.0,0.0,1.0,7.0,6.0,4.8,2.6399999999999997,7.0,0.0,1.0,1.0,0.3,0.41999999999999993,0.0,0.0,1.0,1.0,0.6,0.4799999999999999,1.0,0.0,9.0,9.0,0.9,1.6199999999999999,0.0,0.0,0.0,0.0,0.0,0.0,0.0,1.0,9.0,8.0,1.8,1.4400000000000002,1.0,16.5933333333,32.365,15.771666666700003,22.91299999999,3.791800000014,24.4975,0.0,2.493,2.493,1.4957999999999998,1.1966399999999997,2.493,0.0,0.0,0.0,0.0,0.0,0.0,64.0,229.0,165.0,126.5,75.0,64.0
-8.821023052706831,1,3.0,22.0,19.0,10.477142857142857,5.266432653061224,8.0,1.0,87.0,86.0,62.37428571428571,28.62587755102041,87.0,6.941,47.867,40.925999999999995,21.982051428571427,11.736401240816324,15.9994,54.8,1941.0,1886.2,577.3238,637.439352,54.8,1.0,16.0,15.0,10.282857142857143,6.533877551020408,16.0,2.0,4.0,2.0,2.488571428571429,0.7175020408163267,2.0,66.0,160.0,94.0,100.25999999999999,39.15428571428571,66.0,0.98,3.44,2.46,2.524657142857143,1.0461061224489796,3.44,1.0,2.0,1.0,1.837142857142857,0.27266938775510213,2.0,0.0,4.0,4.0,2.2857142857142856,1.959183673469388,4.0,0.0,2.0,2.0,0.44571428571428573,0.6927673469387755,0.0,0.0,0.0,0.0,0.0,0.0,0.0,1.0,6.0,5.0,4.5685714285714285,1.6359183673469389,6.0,0.0,1.0,1.0,0.16285714285714284,0.272669387755102,0.0,0.0,2.0,2.0,1.1428571428571428,0.979591836734694,2.0,0.0,8.0,8.0,1.782857142857143,2.771069387755102,0.0,0.0,0.0,0.0,0.0,0.0,0.0,0.0,8.0,8.0,3.0885714285714285,2.1890938775510205,2.0,9.105,22.89,13.785,12.605685714280286,4.000783673463183,9.105,0.0,0.0,0.0,0.0,0.0,0.0,0.0,2.25333333333e-05,2.25333333333e-05,5.021714285706858e-06,7.80517877549866e-06,0.0,12.0,229.0,217.0,95.7,95.65714285714286,12.0
-7.835647144215563,1,3.0,16.0,13.0,9.5,6.229166666666667,3.0,1.0,88.0,87.0,44.958333333333336,42.12673611111111,1.0,6.941,32.065,25.124,19.542887829166666,12.076809169618056,6.941,388.36,1687.0,1298.6399999999999,507.84333333333336,151.46638888888893,453.69,1.0,16.0,15.0,8.541666666666668,7.227430555555555,1.0,2.0,3.0,1.0,2.5208333333333335,0.4991319444444444,2.0,105.0,128.0,23.0,117.27083333333333,10.74826388888889,128.0,0.98,2.58,1.6,1.7243750000000002,0.72765625,0.98,1.0,2.0,1.0,1.5208333333333333,0.4991319444444444,1.0,0.0,4.0,4.0,1.8125,1.8385416666666665,0.0,0.0,0.0,0.0,0.0,0.0,0.0,0.0,0.0,0.0,0.0,0.0,0.0,1.0,6.0,5.0,3.3333333333333335,2.277777777777778,1.0,0.0,1.0,1.0,0.47916666666666663,0.4991319444444445,1.0,0.0,5.0,5.0,1.3125,1.2578125,0.0,0.0,0.0,0.0,0.0,0.0,0.0,0.0,0.0,0.0,0.0,0.0,0.0,1.0,5.0,4.0,1.7916666666666667,0.7586805555555556,1.0,16.48,25.786875,9.306874999999998,20.577170138872916,4.341420717605903,16.5933333333,0.0,2.202,2.202,0.9497083333333334,1.043576388888889,0.0,0.0,0.0,0.0,0.0,0.0,0.0,70.0,229.0,159.0,162.41666666666666,77.01388888888889,229.0
-3.154901959985743,1,3.0,32.0,29.0,10.344086021505378,4.2881257948895835,8.0,1.0,87.0,86.0,76.74193548387098,15.449184876864374,87.0,6.941,72.64,65.699,21.453806944086026,9.534771445115044,15.9994,54.8,1941.0,1886.2,270.3874193548387,278.17731529656606,54.8,1.0,16.0,15.0,13.978494623655914,2.9397618221759743,16.0,2.0,4.0,2.0,2.3440860215053765,0.5031795583304429,2.0,66.0,160.0,94.0,85.0752688172043,24.61325008671523,66.0,0.98,3.44,2.46,2.8449462365591396,0.7678113076656262,3.44,1.0,2.0,1.0,1.913978494623656,0.1572436119782633,2.0,0.0,4.0,4.0,3.1827956989247315,1.0544571626777661,4.0,0.0,10.0,10.0,0.49462365591397855,0.9147878367441323,0.0,0.0,0.0,0.0,0.0,0.0,0.0,1.0,14.0,13.0,5.591397849462366,1.2505491964388948,6.0,0.0,1.0,1.0,0.08602150537634409,0.15724361197826342,0.0,0.0,5.0,5.0,2.10752688172043,0.6372991097236675,2.0,0.0,8.0,8.0,0.25806451612903225,0.4994797086368366,0.0,0.0,0.0,0.0,0.0,0.0,0.0,1.0,8.0,7.0,2.451612903225807,0.8324661810613947,2.0,9.105,23.005,13.899999999999999,13.001400409617206,5.027613431764135,9.105,0.0,1.625,1.625,0.2785698924731183,0.4433155278066829,0.0,0.0,2.25333333333e-05,2.25333333333e-05,7.268817204290323e-07,1.4068678459916756e-06,0.0,2.0,229.0,227.0,50.956989247311824,66.0596600763094,12.0
-3.7002768121373615,2,3.0,32.0,29.0,10.666666666666668,4.759856630824373,8.0,1.0,87.0,86.0,77.90322580645162,13.546999653139089,87.0,6.941,72.64,65.699,22.252935976344087,10.7033902449763,15.9994,54.8,1211.4,1156.6000000000001,246.85193548387102,247.80894901144646,54.8,1.0,16.0,15.0,14.301075268817206,2.4176205341657986,16.0,2.0,4.0,2.0,2.3440860215053765,0.5031795583304429,2.0,66.0,128.0,62.0,83.78494623655914,22.94831772459244,66.0,0.98,3.44,2.46,2.8601075268817207,0.7482483524106833,3.44,1.0,2.0,1.0,1.913978494623656,0.1572436119782633,2.0,0.0,4.0,4.0,3.247311827956989,0.971210544571627,4.0,0.0,10.0,10.0,0.7526881720430108,1.3920684472193319,0.0,0.0,0.0,0.0,0.0,0.0,0.0,1.0,14.0,13.0,5.913978494623656,1.328246040004625,6.0,0.0,1.0,1.0,0.08602150537634409,0.15724361197826342,0.0,0.0,5.0,5.0,2.2365591397849465,0.6900219678575559,2.0,0.0,0.0,0.0,0.0,0.0,0.0,0.0,0.0,0.0,0.0,0.0,0.0,1.0,5.0,4.0,2.3225806451612905,0.6437738466874784,2.0,9.105,23.005,13.899999999999999,13.20511008703656,5.290464628434271,9.105,0.0,1.625,1.625,0.2909247311827957,0.44420765406405366,0.0,0.0,0.0,0.0,0.0,0.0,0.0,2.0,229.0,227.0,51.956989247311824,67.67256330211585,12.0
-4.638272163982407,1,3.0,22.0,19.0,9.913978494623658,3.6591513469765298,8.0,1.0,87.0,86.0,75.19354838709678,17.75234131113423,87.0,6.941,47.867,40.925999999999995,20.388301567741937,7.976613045300036,15.9994,54.8,1941.0,1886.2,301.76806451612913,318.6684703433923,54.8,1.0,16.0,15.0,13.548387096774194,3.631633714880333,16.0,2.0,4.0,2.0,2.3440860215053765,0.5031795583304429,2.0,66.0,160.0,94.0,86.79569892473118,26.833159902878947,66.0,0.98,3.44,2.46,2.8247311827956993,0.7938952480055497,3.44,1.0,2.0,1.0,1.913978494623656,0.1572436119782633,2.0,0.0,4.0,4.0,3.0967741935483875,1.1654526534859522,4.0,0.0,2.0,2.0,0.15053763440860216,0.2784136894438664,0.0,0.0,0.0,0.0,0.0,0.0,0.0,1.0,6.0,5.0,5.161290322580645,1.0822060353798129,6.0,0.0,1.0,1.0,0.08602150537634409,0.15724361197826342,0.0,0.0,5.0,5.0,1.935483870967742,0.6243496357960457,2.0,0.0,8.0,8.0,0.6021505376344086,1.1136547577754656,0.0,0.0,0.0,0.0,0.0,0.0,0.0,1.0,8.0,7.0,2.623655913978495,1.084055960226616,2.0,9.105,22.5702380952,13.4652380952,12.7297875063914,4.677145169537288,9.105,0.0,1.625,1.625,0.2620967741935484,0.4396462018730489,0.0,0.0,2.25333333333e-05,2.25333333333e-05,1.696057347667742e-06,3.136794234396254e-06,0.0,2.0,229.0,227.0,49.623655913978496,63.9091224419008,12.0
-8.372634143407268,1,3.0,22.0,19.0,10.457142857142857,5.364897959183673,8.0,1.0,87.0,86.0,61.65714285714286,29.325714285714287,87.0,6.941,47.867,40.925999999999995,21.967857142857145,11.973159183673472,15.9994,54.8,1941.0,1886.2,579.1182857142858,642.2248816326531,54.8,1.0,16.0,15.0,10.285714285714286,6.530612244897959,16.0,2.0,4.0,2.0,2.4857142857142853,0.7216326530612243,2.0,66.0,160.0,94.0,100.25714285714285,39.15102040816326,66.0,0.98,3.44,2.46,2.523142857142857,1.0478367346938775,3.44,1.0,2.0,1.0,1.8285714285714287,0.28408163265306113,2.0,0.0,4.0,4.0,2.2857142857142856,1.959183673469388,4.0,0.0,2.0,2.0,0.4571428571428572,0.7053061224489797,0.0,0.0,0.0,0.0,0.0,0.0,0.0,1.0,6.0,5.0,4.571428571428571,1.6326530612244898,6.0,0.0,1.0,1.0,0.17142857142857143,0.2840816326530612,0.0,0.0,2.0,2.0,1.1428571428571428,0.979591836734694,2.0,0.0,8.0,8.0,1.8285714285714287,2.821224489795919,0.0,0.0,0.0,0.0,0.0,0.0,0.0,0.0,8.0,8.0,3.142857142857143,2.220408163265306,2.0,9.105,22.89,13.785,12.51628571428,3.8986122448914284,9.105,0.0,0.0,0.0,0.0,0.0,0.0,0.0,2.25333333333e-05,2.25333333333e-05,5.150476190468571e-06,7.946448979580083e-06,0.0,12.0,229.0,217.0,96.0,96.0,12.0
-6.640164517660112,1,3.0,16.0,13.0,9.346938775510203,6.217409412744689,3.0,1.0,88.0,87.0,43.95918367346938,42.08246563931695,1.0,6.941,32.065,25.124,19.26317662040816,12.070703628154934,6.941,388.36,1687.0,1298.6399999999999,491.3599999999999,120.98285714285704,453.69,1.0,16.0,15.0,8.36734693877551,7.216992919616826,1.0,2.0,3.0,1.0,2.510204081632653,0.4997917534360683,2.0,105.0,128.0,23.0,117.6938775510204,10.635568513119532,128.0,0.98,2.58,1.6,1.703265306122449,0.723731778425656,0.98,1.0,2.0,1.0,1.510204081632653,0.4997917534360683,1.0,0.0,4.0,4.0,1.7551020408163263,1.8425655976676383,0.0,0.0,0.0,0.0,0.0,0.0,0.0,0.0,0.0,0.0,0.0,0.0,0.0,1.0,6.0,5.0,3.265306122448979,2.262390670553936,1.0,0.0,1.0,1.0,0.48979591836734687,0.4997917534360683,1.0,0.0,5.0,5.0,1.3061224489795917,1.279466888796335,0.0,0.0,0.0,0.0,0.0,0.0,0.0,0.0,0.0,0.0,0.0,0.0,0.0,1.0,5.0,4.0,1.7959183673469388,0.7796751353602666,1.0,16.48,25.786875,9.306874999999998,20.415051020391832,4.386180758031486,16.5933333333,0.0,2.202,2.202,0.9145510204081632,1.0509787588504789,0.0,0.0,0.0,0.0,0.0,0.0,0.0,70.0,229.0,159.0,163.73469387755102,76.51811745106205,229.0
-5.749579997691106,1,3.0,32.0,29.0,11.818181818181818,7.615702479338844,16.0,1.0,88.0,87.0,49.5,41.88636363636364,88.0,6.941,72.64,65.699,24.8798355,15.492630659090912,32.065,317.3,1211.4,894.1000000000001,489.7775,131.2040909090909,388.36,1.0,16.0,15.0,9.318181818181818,7.183884297520661,16.0,2.0,4.0,2.0,2.6590909090909087,0.569214876033058,3.0,105.0,128.0,23.0,116.34090909090911,10.734504132231406,105.0,0.98,2.58,1.6,1.8284090909090909,0.7327169421487603,2.58,1.0,2.0,1.0,1.5681818181818181,0.490702479338843,2.0,0.0,4.0,4.0,2.0681818181818183,1.7985537190082646,4.0,0.0,10.0,10.0,0.9090909090909092,1.6528925619834713,0.0,0.0,0.0,0.0,0.0,0.0,0.0,1.0,14.0,13.0,4.545454545454546,3.06198347107438,6.0,0.0,1.0,1.0,0.4318181818181819,0.490702479338843,0.0,0.0,4.0,4.0,1.3409090909090908,1.1580578512396695,2.0,0.0,0.0,0.0,0.0,0.0,0.0,0.0,0.0,0.0,0.0,0.0,0.0,1.0,4.0,3.0,1.7727272727272727,0.6673553719008265,2.0,16.5933333333,25.786875,9.1935416667,21.490933441543184,4.229745548028203,25.786875,0.0,2.202,2.202,1.072659090909091,1.051779958677686,2.202,0.0,0.0,0.0,0.0,0.0,0.0,2.0,229.0,227.0,151.20454545454544,80.60433884297521,70.0
-6.090979145788844,1,3.0,16.0,13.0,10.181818181818183,6.202479338842975,16.0,1.0,88.0,87.0,49.409090909090914,41.807851239669425,88.0,6.941,32.065,25.124,20.82942640909091,11.994550080578513,32.065,317.3,1687.0,1369.7,533.0138636363636,209.81566115702475,388.36,1.0,16.0,15.0,9.318181818181818,7.183884297520661,16.0,2.0,3.0,1.0,2.5681818181818183,0.490702479338843,3.0,105.0,128.0,23.0,115.52272727272728,10.775826446280993,105.0,0.98,2.58,1.6,1.818409090909091,0.7240805785123966,2.58,1.0,2.0,1.0,1.5681818181818181,0.490702479338843,2.0,0.0,4.0,4.0,2.0681818181818183,1.7985537190082646,4.0,0.0,0.0,0.0,0.0,0.0,0.0,0.0,0.0,0.0,0.0,0.0,0.0,1.0,6.0,5.0,3.6363636363636367,2.2768595041322315,6.0,0.0,1.0,1.0,0.4318181818181819,0.490702479338843,0.0,0.0,4.0,4.0,1.3409090909090908,1.1580578512396695,2.0,0.0,0.0,0.0,0.0,0.0,0.0,0.0,0.0,0.0,0.0,0.0,0.0,1.0,4.0,3.0,1.7727272727272727,0.6673553719008265,2.0,16.5933333333,25.786875,9.1935416667,21.25775162336137,4.177043363845971,25.786875,0.0,2.202,2.202,1.1081136363636364,1.0179369834710743,2.202,0.0,0.0,0.0,0.0,0.0,0.0,2.0,229.0,227.0,151.38636363636363,80.77789256198348,70.0
-7.882728704344236,1,3.0,73.0,70.0,25.055555555555557,25.191358024691358,8.0,1.0,87.0,86.0,69.77777777777777,22.962962962962965,87.0,6.941,180.94788,174.00688,59.27596222222222,63.51707876543209,15.9994,54.8,3290.0,3235.2,864.7383333333333,1125.5898148148149,54.8,1.0,16.0,15.0,12.0,5.333333333333333,16.0,2.0,6.0,4.0,3.111111111111111,1.6049382716049383,2.0,66.0,201.0,135.0,100.05555555555556,45.407407407407405,66.0,0.98,3.44,2.46,2.744444444444445,0.9274074074074071,3.44,1.0,2.0,1.0,1.9444444444444444,0.1049382716049383,2.0,0.0,4.0,4.0,2.6666666666666665,1.7777777777777777,4.0,0.0,3.0,3.0,0.6666666666666666,1.0370370370370372,0.0,0.0,14.0,14.0,3.3333333333333335,4.814814814814814,0.0,1.0,19.0,18.0,8.61111111111111,4.617283950617284,6.0,0.0,1.0,1.0,0.05555555555555555,0.10493827160493827,0.0,0.0,2.0,2.0,1.3333333333333333,0.8888888888888888,2.0,0.0,7.0,7.0,1.5555555555555556,2.419753086419753,0.0,0.0,10.0,10.0,0.5555555555555556,1.0493827160493827,0.0,1.0,10.0,9.0,3.5,2.2777777777777777,2.0,9.105,34.81,25.705000000000002,12.952407407405556,5.129876543207407,9.105,0.0,0.0,0.0,0.0,0.0,0.0,0.0,0.0,0.0,0.0,0.0,0.0,12.0,229.0,217.0,82.38888888888889,93.85185185185186,12.0
-7.096910013008056,1,3.0,60.0,57.0,16.3640081799591,12.120976409432881,8.0,1.0,87.0,86.0,64.37423312883435,27.761677142534534,87.0,6.941,144.242,137.301,36.31047852760735,29.00566800908326,15.9994,54.8,1941.0,1886.2,607.6389775051124,699.7380715202763,54.8,1.0,16.0,15.0,11.040899795501021,6.0847855269926105,16.0,2.0,6.0,4.0,2.8588957055214723,1.1732972009986575,2.0,66.0,201.0,135.0,104.71779141104294,47.506492528887044,66.0,0.98,3.44,2.46,2.6217177914110428,1.0040272498024012,3.44,1.0,2.0,1.0,1.9304703476482619,0.1293905595911692,2.0,0.0,4.0,4.0,2.4539877300613493,1.8969475704768717,4.0,0.0,2.0,2.0,0.4089979550102249,0.6507165828179038,0.0,0.0,4.0,4.0,0.4498977505112474,0.7985915080649545,0.0,1.0,6.0,5.0,5.2433537832310835,1.0986069814027208,6.0,0.0,1.0,1.0,0.06952965235173823,0.1293905595911693,0.0,0.0,2.0,2.0,1.2269938650306746,0.9484737852384358,2.0,0.0,8.0,8.0,1.6359918200408996,2.602866331271615,0.0,0.0,10.0,10.0,1.1247443762781184,1.9964787701623863,0.0,1.0,10.0,9.0,4.057259713701431,2.949385457571689,2.0,9.105,34.81,25.705000000000002,14.067941376957464,6.089498622033698,9.105,0.0,0.0,0.0,0.0,0.0,0.0,0.0,2.25333333333e-05,2.25333333333e-05,4.608043626441718e-06,7.331406833070872e-06,0.0,12.0,229.0,217.0,84.77709611451942,89.2970504472631,12.0
-4.4089353929735005,1,3.0,60.0,57.0,16.47826086956522,15.44423440453686,8.0,1.0,87.0,86.0,53.52173913043478,35.780718336483936,87.0,6.941,144.242,137.301,37.34056823043478,37.258361638941395,15.9994,54.8,2128.0,2073.2,511.2013043478261,503.75024574669186,54.8,1.0,16.0,15.0,9.608695652173912,6.81663516068053,16.0,2.0,6.0,4.0,2.8043478260869565,1.224007561436673,2.0,66.0,201.0,135.0,109.1086956521739,44.982986767485826,66.0,0.98,3.44,2.46,2.328478260869565,1.1598487712665406,3.44,1.0,2.0,1.0,1.7608695652173914,0.3638941398865785,2.0,0.0,4.0,4.0,2.108695652173913,1.9735349716446127,4.0,0.0,2.0,2.0,0.17391304347826086,0.3175803402646503,0.0,0.0,4.0,4.0,0.5217391304347826,0.9073724007561437,0.0,1.0,6.0,5.0,4.565217391304348,1.8714555765595464,6.0,0.0,1.0,1.0,0.2391304347826087,0.3638941398865785,0.0,0.0,5.0,5.0,1.1521739130434783,1.051984877126654,2.0,0.0,8.0,8.0,0.6956521739130435,1.2703213610586013,0.0,0.0,10.0,10.0,1.3043478260869565,2.268431001890359,0.0,1.0,10.0,9.0,3.391304347826087,2.5954631379962194,2.0,9.105,34.81,25.705000000000002,15.634057971006522,6.812930056702457,9.105,0.0,0.0,0.0,0.0,0.0,0.0,0.0,0.0,0.0,0.0,0.0,0.0,12.0,229.0,217.0,108.08695652173913,100.26465028355388,12.0
-15.0,1,3.0,82.0,79.0,20.70335167583792,18.766157465926558,8.0,1.0,87.0,86.0,77.4632316158079,14.19450095232709,87.0,6.941,207.2,200.259,48.21522591295647,48.67367770949005,15.9994,54.8,1115.0,1060.2,247.68548274137066,231.5783684738817,54.8,1.0,16.0,15.0,14.143071535767884,2.4866360143553514,16.0,2.0,6.0,4.0,2.8574287143571784,1.1134992208460406,2.0,66.0,176.0,110.0,92.66633316658329,32.015607603701795,66.0,0.98,3.44,2.46,2.8459329664832413,0.7132370587494847,3.44,1.0,2.0,1.0,1.9509754877438716,0.0932422189083539,2.0,0.0,4.0,4.0,3.157578789394697,1.0114111583055159,4.0,0.0,10.0,10.0,1.5307653826913457,2.5928822340134543,0.0,0.0,14.0,14.0,2.143071535767884,3.630035127618836,0.0,1.0,28.0,27.0,8.782391195597798,5.88353005917666,6.0,0.0,1.0,1.0,0.049024512256128056,0.09324221890835362,0.0,0.0,4.0,4.0,2.263131565782891,0.752918730500818,2.0,0.0,0.0,0.0,0.0,0.0,0.0,0.0,0.0,0.0,0.0,0.0,0.0,0.0,4.0,4.0,2.312156078039019,0.7231950142154617,2.0,9.105,37.77,28.665000000000003,15.764396245734565,7.995273131447203,9.105,0.0,1.625,1.625,0.24387193596798395,0.4145456920556325,0.0,0.0,0.0,0.0,0.0,0.0,0.0,2.0,229.0,227.0,63.86543271635818,80.83856835871661,12.0
-6.0,1,3.0,59.0,56.0,16.321792260692465,12.048066832309473,8.0,1.0,87.0,86.0,64.09979633401223,28.077235451985015,87.0,6.941,140.90765,133.96665,36.10863910386965,28.694829734404614,15.9994,54.8,1941.0,1886.2,597.646150712831,685.5038716447998,54.8,1.0,16.0,15.0,11.034623217922604,6.087895769471672,16.0,2.0,6.0,4.0,2.863543788187372,1.1783591407037466,2.0,66.0,203.0,137.0,105.06313645621181,47.8941102782882,66.0,0.98,3.44,2.46,2.6192260692464355,1.006325674773209,3.44,1.0,2.0,1.0,1.9307535641547862,0.12890273393589705,2.0,0.0,4.0,4.0,2.4521384928716903,1.8977853916318579,4.0,0.0,2.0,2.0,0.40733197556008144,0.6487446128064841,0.0,0.0,3.0,3.0,0.3421588594704685,0.6062692621981823,0.0,1.0,6.0,5.0,5.132382892057026,1.063758653730489,6.0,0.0,1.0,1.0,0.06924643584521385,0.12890273393589705,0.0,0.0,2.0,2.0,1.2260692464358451,0.9488926958159289,2.0,0.0,8.0,8.0,1.6293279022403258,2.5949784512259364,0.0,0.0,11.0,11.0,1.2545824847250509,2.2229872947266687,0.0,1.0,11.0,10.0,4.179226069246436,3.112182212617336,2.0,9.105,35.675,26.569999999999997,14.198733876440327,6.245270455431927,9.105,0.0,0.0,0.0,0.0,0.0,0.0,0.0,2.25333333333e-05,2.25333333333e-05,4.589273591303462e-06,7.309189304275575e-06,0.0,12.0,229.0,217.0,84.85132382892057,89.32076770877838,12.0
-9.364516253185087,1,3.0,73.0,70.0,25.166666666666668,25.35185185185185,8.0,1.0,87.0,86.0,70.0,22.666666666666668,87.0,6.941,180.94788,174.00688,59.61585111111112,64.00802938271606,15.9994,54.8,3290.0,3235.2,867.5716666666667,1129.6824074074075,54.8,1.0,16.0,15.0,12.0,5.333333333333333,16.0,2.0,6.0,4.0,3.111111111111111,1.6049382716049383,2.0,66.0,198.0,132.0,99.88888888888889,45.18518518518518,66.0,0.98,3.44,2.46,2.746111111111111,0.9251851851851853,3.44,1.0,2.0,1.0,1.9444444444444444,0.1049382716049383,2.0,0.0,4.0,4.0,2.6666666666666665,1.7777777777777777,4.0,0.0,3.0,3.0,0.6666666666666666,1.0370370370370372,0.0,0.0,14.0,14.0,3.4444444444444446,4.9753086419753085,0.0,1.0,19.0,18.0,8.722222222222221,4.567901234567901,6.0,0.0,1.0,1.0,0.05555555555555555,0.10493827160493827,0.0,0.0,2.0,2.0,1.3333333333333333,0.8888888888888888,2.0,0.0,7.0,7.0,1.5555555555555556,2.419753086419753,0.0,0.0,8.0,8.0,0.4444444444444444,0.8395061728395061,0.0,1.0,8.0,7.0,3.388888888888889,2.1172839506172836,2.0,9.105,33.23,24.124999999999996,12.864629629627778,5.01283950617037,9.105,0.0,0.0,0.0,0.0,0.0,0.0,0.0,0.0,0.0,0.0,0.0,0.0,12.0,229.0,217.0,80.83333333333333,91.77777777777777,12.0
-6.698970004336019,1,3.0,62.0,59.0,16.250513347022586,12.131096391180971,8.0,1.0,87.0,86.0,64.42094455852157,27.539956739708813,87.0,6.941,150.36,143.419,36.182751129363446,29.18128060918585,15.9994,54.8,1941.0,1886.2,610.9975770020534,702.9501778056998,54.8,1.0,16.0,15.0,10.97741273100616,6.12611260324916,16.0,2.0,6.0,4.0,2.837782340862423,1.1525958282912185,2.0,66.0,198.0,132.0,104.2340862422998,46.6345938971788,66.0,0.98,3.44,2.46,2.615523613963039,1.0056241751662316,3.44,1.0,2.0,1.0,1.921971252566735,0.14388052401452142,2.0,0.0,4.0,4.0,2.439425051334702,1.903452812129747,4.0,0.0,2.0,2.0,0.4106776180698152,0.6526991301561335,0.0,0.0,6.0,6.0,0.6406570841889118,1.1445003352040106,0.0,1.0,8.0,7.0,5.412731006160164,1.2688167509244463,6.0,0.0,1.0,1.0,0.07802874743326489,0.14388052401452128,0.0,0.0,2.0,2.0,1.219712525667351,0.9517264060648735,2.0,0.0,8.0,8.0,1.6427104722792607,2.610796520624534,0.0,0.0,8.0,8.0,0.8542094455852156,1.526000446938681,0.0,1.0,8.0,7.0,3.7946611909650922,2.625098558411934,2.0,9.105,33.23,24.124999999999996,13.822775496232856,5.754329866041715,9.105,0.0,0.0,0.0,0.0,0.0,0.0,0.0,2.25333333333e-05,2.25333333333e-05,4.6269678302464064e-06,7.353743533081558e-06,0.0,12.0,229.0,217.0,82.74743326488706,86.29153051199778,12.0
